gbifID,species,decimalLongitude,decimalLatitude,coordinateUncertaintyInMeters,year,bio1_c,temperature_suitability
6520670325,Boreorana sylvatica,-70.411203,43.454942,4.0,2025.0,7.86566686630249,0.6196215805588086
6520588534,Boreorana sylvatica,-69.881597,44.539065,4.0,2026.0,6.616833209991455,0.9970144494122678
6520186899,Boreorana sylvatica,-70.166047,44.104725,14.0,2026.0,7.135166645050049,0.9369643744809224
6520157815,Boreorana sylvatica,-69.835878,44.602813,12.0,2026.0,6.410999774932861,0.968907977438228
6519546366,Boreorana sylvatica,-70.549422,43.341447,4.0,2026.0,8.045666694641113,0.5277628728789694
6519510321,Boreorana sylvatica,-69.949028,44.293564,4.0,2026.0,6.906833171844482,0.9860151435100578
6519257420,Boreorana sylvatica,-70.84152,44.134484,4.0,2026.0,6.438666820526123,0.9743540598477705
6519086426,Boreorana sylvatica,-69.822258,43.873945,7.0,2026.0,7.694675922393799,0.7063379090246801
6519028594,Boreorana sylvatica,-69.553888,43.882308,8.0,2026.0,7.741666316986084,0.6827847595605049
6518783492,Boreorana sylvatica,-69.656503,44.55772,4.0,2026.0,6.94350004196167,0.9804277366040979
6518443006,Boreorana sylvatica,-68.29781,44.415148,162.0,2023.0,7.011833190917969,0.9676152358473838
6500329565,Boreorana sylvatica,-69.222515,45.467411,4.0,2026.0,4.441999912261963,0.15955981908099098
6500327353,Boreorana sylvatica,-68.91683,45.917445,61.0,2026.0,0.8833333849906921,5.424627686054504e-06
6500028276,Boreorana sylvatica,-70.124558,43.86347,6.0,2026.0,7.414311408996582,0.8368488814165566
6499916831,Boreorana sylvatica,-70.665253,43.73273,4.0,2026.0,7.063166618347168,0.9559996436322287
6499266374,Boreorana sylvatica,-69.222695,45.467536,4.0,2026.0,4.441999912261963,0.15955981908099098
6499112654,Boreorana sylvatica,-69.914658,44.534455,3.0,2026.0,6.616833209991455,0.9970144494122678
6498883622,Boreorana sylvatica,-69.222566,45.467409,12.0,2026.0,4.441999912261963,0.15955981908099098
6498832432,Boreorana sylvatica,-69.070153,44.213013,4.0,2026.0,6.89965295791626,0.9870019635711487
6498748257,Boreorana sylvatica,-69.553267,43.881792,8.0,2026.0,7.741666316986084,0.6827847595605049
6498591846,Boreorana sylvatica,-69.65269,44.581897,9.0,2026.0,6.94350004196167,0.9804277366040979
6498459378,Boreorana sylvatica,-71.067681,45.210611,5.0,2026.0,2.551500082015991,0.0020819640591926017
6498360408,Boreorana sylvatica,-70.261367,43.833008,5.0,2026.0,7.257833480834961,0.8977098856590412
6498207060,Boreorana sylvatica,-70.80479,43.251216,15.0,2026.0,8.090666770935059,0.5051793248086023
6498141401,Boreorana sylvatica,-70.129853,43.865497,7.0,2026.0,7.3495001792907715,0.8633704505001455
6481312012,Boreorana sylvatica,-70.136832,44.674163,26.0,2026.0,5.76633358001709,0.7282795476865406
6481278047,Boreorana sylvatica,-70.136101,44.674342,28.0,2026.0,5.76633358001709,0.7282795476865406
6481041721,Boreorana sylvatica,-69.761428,44.301258,4.0,2026.0,7.302666664123535,0.8814085573923977
6480846150,Boreorana sylvatica,-70.551545,45.415851,34.0,2026.0,2.315000057220459,0.0010107974876037774
6480839682,Boreorana sylvatica,-70.479966,43.613902,4.0,2026.0,7.436833381652832,0.8272430109532225
6480674425,Boreorana sylvatica,-69.432617,45.525622,4.0,2026.0,3.441999912261963,0.022096309014844755
6480617560,Boreorana sylvatica,-70.217322,43.614559,3.0,2026.0,7.891848087310791,0.6061991692702693
6480422383,Boreorana sylvatica,-69.701285,43.945925,4.0,2026.0,7.698529243469238,0.7044181280737676
6480268393,Boreorana sylvatica,-69.935905,44.370737,11.0,2026.0,6.780666828155518,0.9981307636123363
6480262786,Boreorana sylvatica,-70.840363,44.010189,4.0,2026.0,6.497499942779541,0.9842454659621157
6480190862,Boreorana sylvatica,-70.220365,43.626353,22.0,2026.0,8.066319465637207,0.5173684206750608
6479838828,Boreorana sylvatica,-70.135125,44.674423,14.0,2026.0,5.76633358001709,0.7282795476865406
6479718518,Boreorana sylvatica,-69.701283,43.945926,4.0,2026.0,7.698529243469238,0.7044181280737676
6479558036,Boreorana sylvatica,-70.810713,43.5816,4.0,2026.0,7.023666858673096,0.9650862734720155
6479550973,Boreorana sylvatica,-68.404397,44.527328,79.0,2026.0,6.832833290100098,0.9944741902615624
6479507423,Boreorana sylvatica,-70.224149,43.755921,13.0,2026.0,7.390000343322754,0.8469983722072383
6479465621,Boreorana sylvatica,-70.136849,44.674086,27.0,2026.0,5.76633358001709,0.7282795476865406
6479337479,Boreorana sylvatica,-70.838997,43.588333,14.0,2026.0,7.0368332862854,0.9621670772350508
6470410947,Boreorana sylvatica,-69.949395,43.95247,4.0,2026.0,7.578666687011719,0.762851434930586
6452377746,Boreorana sylvatica,-68.321942,44.393879,25.0,2026.0,7.011833190917969,0.9676152358473838
6452371500,Boreorana sylvatica,-70.181572,43.908517,4.0,2026.0,7.204833030700684,0.9156719394454842
6452244954,Boreorana sylvatica,-70.417633,44.019542,4.0,2026.0,6.733833312988281,0.999767192973929
6452229854,Boreorana sylvatica,-70.321053,44.412145,4.0,2026.0,6.188666820526123,0.908018656846692
6452100427,Boreorana sylvatica,-69.043354,44.267111,6.0,2026.0,6.795333385467529,0.9972973475657342
6451943894,Boreorana sylvatica,-68.728101,44.866653,4.0,2026.0,6.577000141143799,0.9938578953424875
6451922408,Boreorana sylvatica,-70.607139,44.956379,174.0,2026.0,3.4806666374206543,0.024170619197270336
6451877659,Boreorana sylvatica,-70.710067,43.514675,4.0,2026.0,7.458666801452637,0.8177530481914355
6451845956,Boreorana sylvatica,-68.348488,44.256122,4.0,2026.0,7.109375,0.9441411659490995
6451789912,Boreorana sylvatica,-70.279195,43.584615,16.0,2026.0,7.983833312988281,0.5591287252643514
6441982806,Boreorana sylvatica,-70.223878,45.257695,13.0,2026.0,4.102999687194824,0.0884364655081858
6441895447,Boreorana sylvatica,-68.728958,44.865998,3.0,2026.0,6.577000141143799,0.9938578953424875
6441531372,Boreorana sylvatica,-70.463036,43.66504,46.0,2024.0,7.350333213806152,0.863040722315991
6441483764,Boreorana sylvatica,-68.840935,46.149648,2.0,2026.0,3.7266666889190674,0.04171931812618562
6441228329,Boreorana sylvatica,-68.627197,44.042053,13.0,2026.0,7.120573043823242,0.9410734202072206
6431349785,Boreorana sylvatica,-70.208547,43.739826,6.0,2026.0,7.533522605895996,0.7840052579760317
6431348573,Boreorana sylvatica,-70.533813,43.558533,4.0,2026.0,7.5329999923706055,0.7842468621162848
6431342614,Boreorana sylvatica,-68.909845,44.352917,26.0,2026.0,7.161403179168701,0.9292663716041015
6431224852,Boreorana sylvatica,-68.279328,44.461455,3.0,2026.0,6.839930534362793,0.9938283671371879
6430949853,Boreorana sylvatica,-70.710388,44.917887,4.0,2026.0,3.889833450317383,0.058506803175317305
6423188416,Boreorana sylvatica,-69.022208,45.880337,25.0,2026.0,3.693333387374878,0.038843364591080044
6422673754,Boreorana sylvatica,-68.304572,44.241992,22.0,2026.0,7.106249809265137,0.9449839915549946
6422132323,Boreorana sylvatica,-70.89148,44.537672,7.0,2026.0,4.6585001945495605,0.22281212719116747
6413990791,Boreorana sylvatica,-70.221847,43.621187,58.0,2026.0,7.891848087310791,0.6061991692702693
6413409872,Boreorana sylvatica,-69.386995,44.623178,3.0,2026.0,6.627333164215088,0.9976597555377866
6413258321,Boreorana sylvatica,-69.148155,44.129228,4.0,2026.0,7.0995001792907715,0.9467843022388397
6413061054,Boreorana sylvatica,-70.140183,43.868022,39.0,2026.0,7.3495001792907715,0.8633704505001455
6400823646,Boreorana sylvatica,-69.051434,45.463375,9.0,2026.0,4.375333309173584,0.14300116138496763
6400503662,Boreorana sylvatica,-70.62534,44.240202,15.0,2026.0,6.228499889373779,0.9210284231570067
6400469550,Boreorana sylvatica,-70.950212,43.854938,6.0,2026.0,6.61133337020874,0.9966452675357641
6400217887,Boreorana sylvatica,-70.881942,43.581078,3.0,2026.0,7.081500053405762,0.9514507384651063
6399912311,Boreorana sylvatica,-70.417038,43.73313,5.0,2026.0,7.2769999504089355,0.890860981420518
6399277821,Boreorana sylvatica,-70.691812,43.279042,4.0,2026.0,8.07349967956543,0.5137661252955804
6399052713,Boreorana sylvatica,-69.30468,45.446137,4.0,2026.0,3.805333375930786,0.04922412641379668
6398976596,Boreorana sylvatica,-68.594466,44.413095,10.0,2026.0,6.983333110809326,0.9733333025096567
6398804357,Boreorana sylvatica,-69.57635,43.854047,53.0,2026.0,7.773106098175049,0.6668783903635617
6398685071,Boreorana sylvatica,-68.910349,45.83891,47.0,2026.0,3.7321667671203613,0.042210693968989264
6398623111,Boreorana sylvatica,-70.888214,44.407359,8.0,2026.0,5.713666915893555,0.7022141223555856
6398568011,Boreorana sylvatica,-70.53965,45.033225,4.0,2026.0,3.2158334255218506,0.012796627233747346
6353032670,Boreorana sylvatica,-70.907137,44.059125,4.0,2026.0,6.637833595275879,0.9982268477802322
6352481982,Boreorana sylvatica,-69.777212,43.883527,45.0,2026.0,7.740350723266602,0.6834480431659277
6334962479,Boreorana sylvatica,-70.133689,43.858328,4.0,2026.0,7.3495001792907715,0.8633704505001455
6334642582,Boreorana sylvatica,-67.635138,44.68143,4.0,2026.0,6.296833515167236,0.9412928665964835
6334548986,Boreorana sylvatica,-69.846987,43.758939,29.0,2026.0,7.661904811859131,0.7225679025246293
6333916578,Boreorana sylvatica,-69.92692,44.158572,4.0,2026.0,7.019000053405762,0.9660943682105514
6320732841,Boreorana sylvatica,-70.782329,43.394195,9.0,2025.0,7.711166858673096,0.6981064354205754
6320289947,Boreorana sylvatica,-69.430053,46.065733,24.0,2026.0,3.619333267211914,0.03305360570509545
6320258542,Boreorana sylvatica,-68.218742,44.39347,2.0,2026.0,6.991421699523926,0.9717643652328813
6320086138,Boreorana sylvatica,-70.133294,43.869683,4.0,2026.0,7.3495001792907715,0.8633704505001455
6320076685,Boreorana sylvatica,-70.264905,44.075626,112.0,2025.0,7.060500144958496,0.956643918081708
6273571437,Boreorana sylvatica,-68.898728,44.352767,39.0,2026.0,7.161403179168701,0.9292663716041015
6273352890,Boreorana sylvatica,-68.234153,44.39618,3.0,2025.0,6.991421699523926,0.9717643652328813
6253346708,Boreorana sylvatica,-68.591103,47.248528,60.0,2026.0,3.0288333892822266,0.007924327261566057
6253332229,Boreorana sylvatica,-69.876408,43.996895,5.0,2024.0,7.5020833015441895,0.798395566094642
6252655712,Boreorana sylvatica,-68.591942,47.247003,4.0,2026.0,3.0288333892822266,0.007924327261566057
6251939257,Boreorana sylvatica,-68.819916,44.512806,2.0,2026.0,6.988833427429199,0.9722710811054212
6251584367,Boreorana sylvatica,-68.592103,47.225722,90.0,2026.0,3.0288333892822266,0.007924327261566057
6236544729,Boreorana sylvatica,-70.947561,44.604768,18.0,2026.0,3.9838333129882812,0.07047997554246621
6236530458,Boreorana sylvatica,-69.913588,43.960913,46.0,2026.0,7.5020833015441895,0.798395566094642
6236493579,Boreorana sylvatica,-68.779885,44.833967,184.0,2026.0,6.592499732971191,0.995219083688489
6236387930,Boreorana sylvatica,-70.83181,44.168805,166.0,2026.0,6.274666786193848,0.9350127599197877
6236372960,Boreorana sylvatica,-69.459097,44.464434,4.0,2025.0,6.701666831970215,0.9999842434163587
6236338725,Boreorana sylvatica,-70.443597,43.858017,4.0,2025.0,7.0894999504089355,0.9494011156726492
6236330338,Boreorana sylvatica,-68.530122,44.469022,4.0,2026.0,6.797833442687988,0.9971400608600149
6236224398,Boreorana sylvatica,-70.982358,44.090064,35.0,2026.0,6.5911664962768555,0.9951086404017929
6236174634,Boreorana sylvatica,-70.870929,44.163233,16.0,2026.0,6.438666820526123,0.9743540598477705
6236153292,Boreorana sylvatica,-68.529983,44.469208,4.0,2026.0,6.797833442687988,0.9971400608600149
6236141405,Boreorana sylvatica,-70.373356,43.683436,33.0,2026.0,7.69350004196167,0.7069232972572429
6236023275,Boreorana sylvatica,-70.218987,43.616853,10.0,2026.0,7.891848087310791,0.6061991692702693
6236005871,Boreorana sylvatica,-68.667145,44.906047,8.0,2026.0,6.562333106994629,0.992414618768171
6235998895,Boreorana sylvatica,-69.935325,43.795108,3.0,2026.0,7.696666717529297,0.7053463479337423
6235920464,Boreorana sylvatica,-70.133653,44.674928,11.0,2026.0,5.76633358001709,0.7282795476865406
6235908816,Boreorana sylvatica,-67.89811,45.973246,61.0,2026.0,4.691999912261963,0.23392560464924758
6235802813,Boreorana sylvatica,-69.419603,43.987903,17.0,2026.0,7.5020833015441895,0.798395566094642
6235777366,Boreorana sylvatica,-69.911903,43.963162,12.0,2026.0,7.5020833015441895,0.798395566094642
6235738073,Boreorana sylvatica,-69.386253,44.44773,13.0,2026.0,6.376500129699707,0.9614224584841633
6235696367,Boreorana sylvatica,-70.884194,44.205135,29.0,2026.0,6.575833320617676,0.9937485938651505
6235686699,Boreorana sylvatica,-68.404197,44.528271,11.0,2026.0,6.832833290100098,0.9944741902615624
6235602094,Boreorana sylvatica,-69.915722,43.891275,4.0,2026.0,7.660984992980957,0.7230207800376113
6235553870,Boreorana sylvatica,-67.933912,46.516929,15.0,2026.0,3.755500078201294,0.044349805279292484
6235490401,Boreorana sylvatica,-69.385505,44.44823,137.0,2026.0,6.376500129699707,0.9614224584841633
6235341905,Boreorana sylvatica,-69.889969,44.959339,88.0,2026.0,5.506333351135254,0.5967484642958626
6235331164,Boreorana sylvatica,-68.667331,44.90683,61.0,2026.0,6.562333106994629,0.992414618768171
6235304850,Boreorana sylvatica,-70.288162,43.676255,4.0,2026.0,7.834469795227051,0.635597401658587
6235043047,Boreorana sylvatica,-70.819702,44.183509,6.0,2026.0,6.274666786193848,0.9350127599197877
6234973380,Boreorana sylvatica,-68.415642,44.514214,46.0,2026.0,6.832833290100098,0.9944741902615624
6234917948,Boreorana sylvatica,-67.933993,46.516938,10.0,2026.0,3.755500078201294,0.044349805279292484
6234862323,Boreorana sylvatica,-69.670762,44.533867,11.0,2026.0,6.755499839782715,0.999204475835019
6234835903,Boreorana sylvatica,-70.133789,44.674887,32.0,2026.0,5.76633358001709,0.7282795476865406
6234772843,Boreorana sylvatica,-70.890827,44.18333,6.0,2026.0,6.575833320617676,0.9937485938651505
6234706797,Boreorana sylvatica,-69.420762,43.989305,27.0,2026.0,7.5020833015441895,0.798395566094642
6234660910,Boreorana sylvatica,-70.234311,43.592199,2.0,2026.0,7.891848087310791,0.6061991692702693
6234613449,Boreorana sylvatica,-68.404211,44.528277,6.0,2026.0,6.832833290100098,0.9944741902615624
6234601318,Boreorana sylvatica,-68.662573,44.908799,15.0,2026.0,6.609499931335449,0.9965174389063005
6234526303,Boreorana sylvatica,-67.89811,45.973246,61.0,2026.0,4.691999912261963,0.23392560464924758
6234503021,Boreorana sylvatica,-70.761745,44.33571,20.0,2026.0,5.928999900817871,0.8049155480781441
6234487302,Boreorana sylvatica,-68.738555,44.860942,4.0,2026.0,6.577000141143799,0.9938578953424875
6234483305,Boreorana sylvatica,-70.134094,44.674962,17.0,2026.0,5.76633358001709,0.7282795476865406
6234452701,Boreorana sylvatica,-67.89811,45.973246,61.0,2026.0,4.691999912261963,0.23392560464924758
6234367347,Boreorana sylvatica,-68.755312,44.720008,4.0,2026.0,6.747833251953125,0.9994418856280036
6234364066,Boreorana sylvatica,-70.647642,44.289018,34.0,2026.0,6.017333507537842,0.8431514485220939
6234270612,Boreorana sylvatica,-67.89811,45.973246,61.0,2026.0,4.691999912261963,0.23392560464924758
6234264837,Boreorana sylvatica,-70.133658,44.674958,29.0,2026.0,5.76633358001709,0.7282795476865406
6234162073,Boreorana sylvatica,-68.667183,44.906008,53.0,2026.0,6.562333106994629,0.992414618768171
6196026320,Boreorana sylvatica,-70.287682,43.676227,16.0,2026.0,7.834469795227051,0.635597401658587
6196012440,Boreorana sylvatica,-69.159379,44.163317,9.0,2026.0,7.0995001792907715,0.9467843022388397
6195988976,Boreorana sylvatica,-70.868164,44.193578,63.0,2026.0,6.3125,0.9455565095609104
6195878242,Boreorana sylvatica,-68.670029,44.915035,61.0,2026.0,6.562333106994629,0.992414618768171
6195845982,Boreorana sylvatica,-68.657046,44.666079,117.0,2026.0,6.339666843414307,0.9525996268822057
6195673605,Boreorana sylvatica,-69.419753,43.983913,4.0,2026.0,7.5020833015441895,0.798395566094642
6195562953,Boreorana sylvatica,-70.854574,44.189408,28.0,2026.0,6.3125,0.9455565095609104
6195476260,Boreorana sylvatica,-68.344025,44.3232,20.0,2026.0,6.921166896820068,0.9839396930880275
6188663243,Boreorana sylvatica,-69.762152,44.527001,48.0,2026.0,6.63100004196167,0.9978666893428219
6188560759,Boreorana sylvatica,-70.132194,43.869463,3.0,2026.0,7.3495001792907715,0.8633704505001455
6188492728,Boreorana sylvatica,-70.345664,43.983974,3.0,2026.0,6.931666851043701,0.9823305914358496
6188442449,Boreorana sylvatica,-70.25933,43.886612,4.0,2026.0,7.1610002517700195,0.9293875709986101
6188344612,Boreorana sylvatica,-70.280487,43.815338,4.0,2026.0,7.257833480834961,0.8977098856590412
6188333014,Boreorana sylvatica,-70.139489,43.868238,8.0,2026.0,7.3495001792907715,0.8633704505001455
6188041015,Boreorana sylvatica,-68.660391,44.902599,15.0,2026.0,6.609499931335449,0.9965174389063005
6188023230,Boreorana sylvatica,-70.259287,43.886592,4.0,2026.0,7.1610002517700195,0.9293875709986101
6188011789,Boreorana sylvatica,-68.689392,44.938267,5.0,2026.0,6.475833415985107,0.9808733308693736
6186159710,Boreorana sylvatica,-70.352795,43.56907,4.0,2026.0,7.8378472328186035,0.633869423152554
6185834244,Boreorana sylvatica,-70.590991,43.222347,31.0,2026.0,8.272282600402832,0.41725686623162933
6185720357,Boreorana sylvatica,-70.287689,43.676231,28.0,2026.0,7.834469795227051,0.635597401658587
6185270854,Boreorana sylvatica,-68.754867,44.71918,5.0,2026.0,6.747833251953125,0.9994418856280036
6185231248,Boreorana sylvatica,-68.754897,44.71905,4.0,2026.0,6.747833251953125,0.9994418856280036
6179459169,Boreorana sylvatica,-69.0346,44.318753,4.0,2025.0,7.0291666984558105,0.9638803229845452
6171234538,Boreorana sylvatica,-70.647827,44.292132,40.0,2025.0,5.928833484649658,0.8048409394762471
6171017158,Boreorana sylvatica,-68.057271,44.398625,3.0,2025.0,6.780797004699707,0.9981240382846813
6163155257,Boreorana sylvatica,-68.126236,44.572803,2.0,2025.0,6.57183313369751,0.993366632252354
6133468321,Boreorana sylvatica,-68.223687,44.313555,13.0,2025.0,6.842187404632568,0.9936155925280864
6130515758,Boreorana sylvatica,-69.4197,43.98418,13.0,2025.0,7.5020833015441895,0.798395566094642
5892792757,Boreorana sylvatica,-68.925307,45.843035,6.0,2025.0,3.8456664085388184,0.053489251570554106
5892397342,Boreorana sylvatica,-70.429823,43.822331,9.0,2025.0,7.138999938964844,0.9358644097560767
5890229912,Boreorana sylvatica,-68.685463,44.885937,3.0,2025.0,6.562333106994629,0.992414618768171
5890103206,Boreorana sylvatica,-68.894483,45.829607,4.0,2025.0,4.639666557312012,0.21672124930706538
5890064166,Boreorana sylvatica,-69.741188,44.761628,4.0,2025.0,6.184333324432373,0.9065524325776281
5889584666,Boreorana sylvatica,-69.3843,44.448688,14.0,2025.0,6.376500129699707,0.9614224584841633
5868387437,Boreorana sylvatica,-70.259772,43.825653,4.0,2025.0,7.257833480834961,0.8977098856590412
5867812828,Boreorana sylvatica,-70.311112,43.579788,4.0,2025.0,7.904924392700195,0.5994945910160486
5844458968,Boreorana sylvatica,-68.900673,45.833967,4.0,2025.0,3.7321667671203613,0.042210693968989264
5840553312,Boreorana sylvatica,-68.60637,47.2296,3.0,2025.0,3.0288333892822266,0.007924327261566057
5840477048,Boreorana sylvatica,-70.077162,43.894367,11.0,2025.0,7.2823333740234375,0.8889229506401934
5840421933,Boreorana sylvatica,-68.621279,44.053601,162.0,2025.0,7.143229007720947,0.934640987853434
5840320352,Boreorana sylvatica,-68.593978,47.233612,14.0,2025.0,3.0288333892822266,0.007924327261566057
5840278663,Boreorana sylvatica,-68.835713,46.1518,10.0,2025.0,3.7266666889190674,0.04171931812618562
5840255993,Boreorana sylvatica,-69.768578,43.87545,4.0,2025.0,7.740350723266602,0.6834480431659277
5838118086,Boreorana sylvatica,-69.923355,44.5304,14.0,2025.0,6.331333160400391,0.9504868301858411
5837949522,Boreorana sylvatica,-69.945137,43.951642,7.0,2025.0,7.578666687011719,0.762851434930586
5837863724,Boreorana sylvatica,-70.411233,43.454945,4.0,2025.0,7.86566686630249,0.6196215805588086
5837733744,Boreorana sylvatica,-68.722838,44.750247,5.0,2025.0,6.7813334465026855,0.9980961969593258
5837695165,Boreorana sylvatica,-69.488328,44.084125,3.0,2025.0,7.413000106811523,0.8374022381641772
5830861377,Boreorana sylvatica,-69.092918,44.234035,3.0,2025.0,7.1670002937316895,0.9275732782036848
5830785062,Boreorana sylvatica,-69.049705,46.052611,5.0,2024.0,3.0136666297912598,0.00761387577469944
5830586661,Boreorana sylvatica,-69.046148,45.817606,4.0,2025.0,3.9605000019073486,0.067336439354159
5830446701,Boreorana sylvatica,-69.12674,45.28746,8.0,2025.0,5.301166534423828,0.49285342842965196
5830441463,Boreorana sylvatica,-69.046148,45.817606,4.0,2025.0,3.9605000019073486,0.067336439354159
5828882666,Boreorana sylvatica,-68.233467,44.398075,4.0,2025.0,6.991421699523926,0.9717643652328813
5828838993,Boreorana sylvatica,-70.257575,43.593175,3.0,2025.0,7.983833312988281,0.5591287252643514
5828524370,Boreorana sylvatica,-68.34507,44.285408,4.0,2025.0,7.109375,0.9441411659490995
5828508236,Boreorana sylvatica,-69.057786,45.88235,28.0,2025.0,3.7096667289733887,0.04023091691783936
5828445007,Boreorana sylvatica,-68.942213,45.844025,6.0,2025.0,3.8456664085388184,0.053489251570554106
5828359828,Boreorana sylvatica,-68.807977,44.830361,32.0,2025.0,6.762666702270508,0.9989446430611956
5827986777,Boreorana sylvatica,-70.459106,44.239986,16.0,2025.0,6.2856669425964355,0.9381651628661927
5827850115,Boreorana sylvatica,-68.884329,45.990773,3.0,2025.0,2.9559998512268066,0.006530718542319923
5827734970,Boreorana sylvatica,-69.091225,45.749295,13.0,2025.0,4.332833290100098,0.13313269578691989
5827539795,Boreorana sylvatica,-68.66847,44.907566,190.0,2024.0,6.562333106994629,0.992414618768171
5760940540,Boreorana sylvatica,-70.136958,43.974289,5.0,2025.0,7.163166522979736,0.9287348810944936
5760895674,Boreorana sylvatica,-68.855814,45.920813,30.0,2025.0,2.86299991607666,0.005073498288951764
5760862424,Boreorana sylvatica,-69.837189,43.710493,24.0,2025.0,7.704807758331299,0.7012853097098452
5760583986,Boreorana sylvatica,-70.27284,43.898665,4.0,2025.0,7.1610002517700195,0.9293875709986101
5760219876,Boreorana sylvatica,-69.41987,45.3781,6.0,2025.0,4.403500080108643,0.14983462172886794
5760162630,Boreorana sylvatica,-68.565163,44.769713,8.0,2025.0,6.33383321762085,0.9511251214241021
5760089655,Boreorana sylvatica,-70.319969,43.753719,11.0,2025.0,7.285333156585693,0.8878268282588254
5760052328,Boreorana sylvatica,-68.309433,44.242695,7.0,2025.0,7.106249809265137,0.9449839915549946
5759937947,Boreorana sylvatica,-68.220537,44.395437,6.0,2025.0,6.991421699523926,0.9717643652328813
5759845231,Boreorana sylvatica,-70.39958,43.934753,2.0,2025.0,6.888000011444092,0.9885280754867762
5759782641,Boreorana sylvatica,-69.064392,45.926808,12.0,2025.0,2.798166513442993,0.004239126269483757
5759755985,Boreorana sylvatica,-70.556795,43.590692,4.0,2025.0,7.396833419799805,0.8441693216110614
5759717141,Boreorana sylvatica,-70.272964,43.898689,131.0,2025.0,7.1610002517700195,0.9293875709986101
5759701918,Boreorana sylvatica,-68.058403,44.33817,16.0,2025.0,6.8611979484558105,0.9916818299613073
5759662195,Boreorana sylvatica,-70.665512,43.732728,4.0,2025.0,7.063166618347168,0.9559996436322287
5759589811,Boreorana sylvatica,-70.712959,44.037209,4.0,2025.0,6.528833389282227,0.9885558547374232
5759573706,Boreorana sylvatica,-70.712952,44.037205,5.0,2025.0,6.528833389282227,0.9885558547374232
5759525660,Boreorana sylvatica,-70.606697,43.249241,4.0,2025.0,8.272282600402832,0.41725686623162933
5293022560,Boreorana sylvatica,-68.854981,45.920438,3.0,2025.0,2.86299991607666,0.005073498288951764
5292877220,Boreorana sylvatica,-67.803192,45.632788,12.0,2025.0,5.136166572570801,0.4134562063554108
5292857585,Boreorana sylvatica,-69.977805,43.859978,14.0,2025.0,7.581089496612549,0.7617010521698836
5292832996,Boreorana sylvatica,-68.56443,44.421286,3.0,2025.0,6.809999942779541,0.9963114506198556
5292747171,Boreorana sylvatica,-68.969947,45.895283,3.0,2025.0,2.928333282470703,0.006062065913443116
5292699020,Boreorana sylvatica,-69.092789,45.763717,2.0,2025.0,4.038333415985107,0.07828726949974733
5292657019,Boreorana sylvatica,-70.534103,43.558583,33.0,2025.0,7.5329999923706055,0.7842468621162848
5292257355,Boreorana sylvatica,-69.0894,45.754963,3.0,2025.0,4.038333415985107,0.07828726949974733
5292134015,Boreorana sylvatica,-69.610321,46.243086,15.0,2025.0,3.4043333530426025,0.02022616056575838
5291867863,Boreorana sylvatica,-70.175453,44.107525,17.0,2025.0,7.293666362762451,0.8847590985409538
5291829517,Boreorana sylvatica,-67.530567,44.646417,3.0,2025.0,6.405952453613281,0.9678606236365972
5282624474,Boreorana sylvatica,-69.588563,44.953268,181.0,2025.0,5.548999786376953,0.6186232799161234
5282470235,Boreorana sylvatica,-69.36058,45.491162,14.0,2022.0,3.927000045776367,0.06302388272159296
5282437695,Boreorana sylvatica,-69.669633,44.534437,4.0,2025.0,6.755499839782715,0.999204475835019
5282401579,Boreorana sylvatica,-69.739365,45.531182,122.0,2022.0,3.6066665649414062,0.032140283769725546
5282325528,Boreorana sylvatica,-69.255792,44.636753,4.0,2025.0,6.4045000076293945,0.9675561769375061
5282303869,Boreorana sylvatica,-70.849153,44.152767,3.0,2025.0,6.438666820526123,0.9743540598477705
5282225547,Boreorana sylvatica,-69.796395,44.301925,4.0,2025.0,7.05316686630249,0.9583929140426425
5282036776,Boreorana sylvatica,-70.196403,45.099067,4.0,2025.0,4.170333385467529,0.10008661806183745
5281919628,Boreorana sylvatica,-67.927445,44.460205,4.0,2025.0,6.672826290130615,0.9995502507242672
5281898249,Boreorana sylvatica,-68.222189,44.39463,4.0,2025.0,6.991421699523926,0.9717643652328813
5281872223,Boreorana sylvatica,-69.669625,44.53397,4.0,2025.0,6.755499839782715,0.999204475835019
5281781875,Boreorana sylvatica,-70.455971,45.183781,6.0,2025.0,4.184166431427002,0.10262261512442497
5238427379,Boreorana sylvatica,-69.911072,44.52148,3.0,2025.0,6.616833209991455,0.9970144494122678
5238257830,Boreorana sylvatica,-69.009736,44.690325,6.0,2025.0,6.36133337020874,0.9578921212313476
5238185484,Boreorana sylvatica,-70.813851,43.361966,61.0,2025.0,7.714166641235352,0.6966048805362608
5237972305,Boreorana sylvatica,-69.619087,43.949403,6.0,2025.0,7.624275207519531,0.7409628012065468
5237884398,Boreorana sylvatica,-69.911025,44.52138,14.0,2025.0,6.616833209991455,0.9970144494122678
5237824339,Boreorana sylvatica,-69.85588,44.294017,4.0,2025.0,6.881333351135254,0.9893590479521859
5231776585,Boreorana sylvatica,-68.213444,44.339757,44.0,2025.0,6.523499965667725,0.9878697802814822
5231447839,Boreorana sylvatica,-68.901183,46.552447,3.0,2025.0,3.0241665840148926,0.007827613690590523
5230893202,Boreorana sylvatica,-68.056839,44.338853,9.0,2025.0,6.8611979484558105,0.9916818299613073
5230702195,Boreorana sylvatica,-68.653405,44.89325,4.0,2025.0,6.609499931335449,0.9965174389063005
5230569511,Boreorana sylvatica,-69.881568,44.539069,4.0,2025.0,6.616833209991455,0.9970144494122678
5230532412,Boreorana sylvatica,-70.30745,45.7327,3.0,2025.0,2.9225001335144043,0.005967216286607216
5230250646,Boreorana sylvatica,-70.036392,44.301188,6.0,2025.0,6.668833255767822,0.9994433544498014
5230065374,Boreorana sylvatica,-70.307442,45.732678,7.0,2025.0,2.9225001335144043,0.005967216286607216
5217483113,Boreorana sylvatica,-70.956397,43.865242,4.0,2025.0,6.61133337020874,0.9966452675357641
5217391061,Boreorana sylvatica,-68.742732,45.206396,4.0,2025.0,5.854666709899902,0.7707491734660026
5217152845,Boreorana sylvatica,-70.386963,44.373403,3.0,2025.0,6.161999702453613,0.8988420717546647
5217034607,Boreorana sylvatica,-70.533583,43.558605,40.0,2025.0,7.5329999923706055,0.7842468621162848
5217033736,Boreorana sylvatica,-70.461478,43.501855,60.0,2025.0,7.728833198547363,0.689246017250789
5217032994,Boreorana sylvatica,-68.314072,44.479075,5.0,2020.0,6.888999938964844,0.988400791152484
5216422670,Boreorana sylvatica,-69.072586,45.969203,4.0,2025.0,3.123166561126709,0.010123084655753069
5216118622,Boreorana sylvatica,-68.865363,45.921688,18.0,2025.0,2.86299991607666,0.005073498288951764
5216111920,Boreorana sylvatica,-70.387123,43.471268,14.0,2025.0,7.868287086486816,0.618278626989564
5215814967,Boreorana sylvatica,-68.314262,44.478987,4.0,2022.0,6.888999938964844,0.988400791152484
5215781596,Boreorana sylvatica,-69.072525,45.969208,4.0,2025.0,3.123166561126709,0.010123084655753069
5206715757,Boreorana sylvatica,-68.77904,44.947339,2.0,2025.0,6.360666751861572,0.9577336393036707
5206386072,Boreorana sylvatica,-68.886948,45.921331,24.0,2025.0,1.9283332824707031,0.0002845813677853741
5206374458,Boreorana sylvatica,-69.811565,43.813284,10.0,2025.0,7.709868431091309,0.6987559790417311
5206277755,Boreorana sylvatica,-70.822233,43.518577,11.0,2025.0,7.070499897003174,0.9542050061672627
5206133662,Boreorana sylvatica,-70.367958,45.737488,15.0,2025.0,3.0158333778381348,0.007657548437993689
5198810050,Boreorana sylvatica,-69.501511,44.386828,4.0,2025.0,6.782833099365234,0.9980172801647652
5188379955,Boreorana sylvatica,-68.946663,46.144314,24.0,2025.0,3.7274999618530273,0.04179345132092084
5188363103,Boreorana sylvatica,-68.632896,44.795704,48.0,2025.0,6.482500076293945,0.9819447717855708
5188003051,Boreorana sylvatica,-70.82193,44.260355,96.0,2025.0,5.982000350952148,0.8281979771263109
5187776881,Boreorana sylvatica,-70.819838,44.259678,4.0,2025.0,5.982000350952148,0.8281979771263109
5187710022,Boreorana sylvatica,-70.786513,44.281055,2.0,2025.0,6.042666912078857,0.8535698959827248
5187581088,Boreorana sylvatica,-68.948239,46.142997,8.0,2025.0,3.7274999618530273,0.04179345132092084
5187543621,Boreorana sylvatica,-68.359812,44.335053,5.0,2025.0,7.075000286102295,0.9530871787076987
5177352704,Boreorana sylvatica,-67.40895,44.969258,4.0,2025.0,5.966833591461182,0.8216359212106988
5176815968,Boreorana sylvatica,-70.245362,45.802875,11.0,2025.0,2.812000036239624,0.004405907487018111
5176815628,Boreorana sylvatica,-70.788954,43.601704,185.0,2025.0,7.122333526611328,0.9405843692558244
5176488869,Boreorana sylvatica,-68.945549,44.760769,13.0,2025.0,6.579833030700684,0.994119290152967
5176480665,Boreorana sylvatica,-70.244658,45.80358,13.0,2025.0,2.812000036239624,0.004405907487018111
5168118223,Boreorana sylvatica,-70.681838,43.295258,4.0,2025.0,7.994999885559082,0.5534414036287313
5167914330,Boreorana sylvatica,-68.299837,44.41318,4.0,2025.0,7.011833190917969,0.9676152358473838
5167556867,Boreorana sylvatica,-69.657953,43.889353,191.0,2025.0,7.634166717529297,0.7361547051745058
5167301184,Boreorana sylvatica,-68.212945,46.626438,4.0,2025.0,3.5191667079925537,0.026401390913231466
5166971144,Boreorana sylvatica,-70.050217,43.939462,12.0,2025.0,7.17983341217041,0.9236249080015373
5154772506,Boreorana sylvatica,-69.915772,44.524937,11.0,2025.0,6.616833209991455,0.9970144494122678
5154728502,Boreorana sylvatica,-68.559738,47.052338,5.0,2025.0,3.0426666736602783,0.008217330469909846
5154703161,Boreorana sylvatica,-68.290548,44.421148,24.0,2025.0,7.051602363586426,0.9587616943020816
5154661772,Boreorana sylvatica,-70.25502,43.901572,5.0,2025.0,7.1610002517700195,0.9293875709986101
5154628221,Boreorana sylvatica,-68.894824,45.829056,8.0,2025.0,4.639666557312012,0.21672124930706538
5154571722,Boreorana sylvatica,-68.895432,45.828832,9.0,2025.0,4.639666557312012,0.21672124930706538
5154328403,Boreorana sylvatica,-69.619238,43.949562,4.0,2025.0,7.624275207519531,0.7409628012065468
5154283326,Boreorana sylvatica,-67.89811,45.973246,61.0,2025.0,4.691999912261963,0.23392560464924758
5154242866,Boreorana sylvatica,-70.958008,44.008658,4.0,2025.0,6.763999938964844,0.9988922692625452
5154235634,Boreorana sylvatica,-69.861512,46.577095,4.0,2025.0,2.9553332328796387,0.006519053263557554
5154069444,Boreorana sylvatica,-70.050369,43.939547,7.0,2025.0,7.17983341217041,0.9236249080015373
5153960469,Boreorana sylvatica,-68.662317,44.909008,16.0,2025.0,6.609499931335449,0.9965174389063005
5153942253,Boreorana sylvatica,-70.133964,44.67502,10.0,2025.0,5.76633358001709,0.7282795476865406
5153912801,Boreorana sylvatica,-67.89811,45.973246,61.0,2025.0,4.691999912261963,0.23392560464924758
5153805688,Boreorana sylvatica,-68.350365,44.334859,4.0,2025.0,7.075000286102295,0.9530871787076987
5140968174,Boreorana sylvatica,-70.53682,43.71918,10.0,2025.0,7.113833427429199,0.9429286912769539
5140749130,Boreorana sylvatica,-67.909845,46.41953,27.0,2025.0,3.998666524887085,0.0725395494505435
5140710433,Boreorana sylvatica,-70.015725,43.893562,5.0,2025.0,7.3520002365112305,0.8623799822522191
5140614495,Boreorana sylvatica,-69.428354,44.000985,61.0,2025.0,7.448500156402588,0.8221932384868444
5140602742,Boreorana sylvatica,-70.647894,44.289475,40.0,2025.0,6.017333507537842,0.8431514485220939
5140564912,Boreorana sylvatica,-67.90999,46.419522,8.0,2025.0,3.998666524887085,0.0725395494505435
5140564905,Boreorana sylvatica,-67.909763,46.419442,7.0,2025.0,3.998666524887085,0.0725395494505435
5140258136,Boreorana sylvatica,-68.280092,44.461138,36.0,2022.0,6.839930534362793,0.9938283671371879
5140252574,Boreorana sylvatica,-70.273072,43.97472,3.0,2025.0,7.0351667404174805,0.9625426788696855
5134894354,Boreorana sylvatica,-70.446607,43.823434,4.0,2025.0,7.138999938964844,0.9358644097560767
5134873556,Boreorana sylvatica,-68.665092,44.911475,7.0,2025.0,6.609499931335449,0.9965174389063005
5134835058,Boreorana sylvatica,-69.159558,44.163271,4.0,2025.0,7.0995001792907715,0.9467843022388397
5134784796,Boreorana sylvatica,-68.665017,44.911438,16.0,2025.0,6.609499931335449,0.9965174389063005
5134754557,Boreorana sylvatica,-70.70945,43.235012,4.0,2025.0,8.189332962036133,0.4566689993831528
5134731840,Boreorana sylvatica,-70.134514,44.674867,15.0,2025.0,5.76633358001709,0.7282795476865406
5134731676,Boreorana sylvatica,-68.665025,44.911483,4.0,2025.0,6.609499931335449,0.9965174389063005
5134728046,Boreorana sylvatica,-70.262993,43.819263,3.0,2025.0,7.257833480834961,0.8977098856590412
5134698692,Boreorana sylvatica,-70.287825,43.676494,1.0,2025.0,7.834469795227051,0.635597401658587
5134654865,Boreorana sylvatica,-68.665038,44.91148,16.0,2025.0,6.609499931335449,0.9965174389063005
5134636920,Boreorana sylvatica,-70.64747,44.289895,24.0,2025.0,6.017333507537842,0.8431514485220939
5134628640,Boreorana sylvatica,-68.218758,44.393434,5.0,2025.0,6.991421699523926,0.9717643652328813
5134586551,Boreorana sylvatica,-70.13378,44.674962,10.0,2025.0,5.76633358001709,0.7282795476865406
5134566514,Boreorana sylvatica,-69.069661,44.221758,8.0,2025.0,6.89965295791626,0.9870019635711487
5134523160,Boreorana sylvatica,-69.387663,44.448525,83.0,2025.0,6.376500129699707,0.9614224584841633
5134481846,Boreorana sylvatica,-70.132653,44.67578,4.0,2025.0,5.76633358001709,0.7282795476865406
5134481669,Boreorana sylvatica,-68.664955,44.911403,12.0,2025.0,6.609499931335449,0.9965174389063005
5134479991,Boreorana sylvatica,-68.293501,44.4056,5.0,2025.0,7.011833190917969,0.9676152358473838
5134440459,Boreorana sylvatica,-70.133819,44.675155,32.0,2025.0,5.76633358001709,0.7282795476865406
5134433433,Boreorana sylvatica,-68.664925,44.911537,12.0,2025.0,6.609499931335449,0.9965174389063005
5134418231,Boreorana sylvatica,-68.292012,44.420098,10.0,2025.0,7.035277843475342,0.962517693638077
5134413012,Boreorana sylvatica,-70.133414,44.675145,34.0,2025.0,5.76633358001709,0.7282795476865406
5134410573,Boreorana sylvatica,-68.664987,44.911433,14.0,2025.0,6.609499931335449,0.9965174389063005
5134403748,Boreorana sylvatica,-70.564545,43.411064,88.0,2025.0,7.988166809082031,0.5569205895457162
5134386420,Boreorana sylvatica,-70.133705,44.675022,14.0,2025.0,5.76633358001709,0.7282795476865406
5134356383,Boreorana sylvatica,-68.665055,44.911488,15.0,2025.0,6.609499931335449,0.9965174389063005
5134335934,Boreorana sylvatica,-70.345908,43.962994,6.0,2025.0,6.931666851043701,0.9823305914358496
5134334034,Boreorana sylvatica,-68.328247,44.400925,4.0,2025.0,7.011833190917969,0.9676152358473838
5134332274,Boreorana sylvatica,-68.665008,44.911428,16.0,2025.0,6.609499931335449,0.9965174389063005
5134309090,Boreorana sylvatica,-68.667564,44.915968,3.0,2019.0,6.562333106994629,0.992414618768171
5134257854,Boreorana sylvatica,-68.327997,44.400997,184.0,2025.0,7.011833190917969,0.9676152358473838
5134231041,Boreorana sylvatica,-69.385178,44.447363,4.0,2025.0,6.376500129699707,0.9614224584841633
5134230879,Boreorana sylvatica,-68.66503,44.91147,16.0,2025.0,6.609499931335449,0.9965174389063005
5134211735,Boreorana sylvatica,-70.259553,43.88678,4.0,2025.0,7.1610002517700195,0.9293875709986101
5134211231,Boreorana sylvatica,-70.246413,43.877542,18.0,2025.0,7.198333263397217,0.9177724910888724
5134203614,Boreorana sylvatica,-68.667464,44.915974,3.0,2019.0,6.562333106994629,0.992414618768171
5134198825,Boreorana sylvatica,-70.255547,43.885253,4.0,2025.0,7.1610002517700195,0.9293875709986101
5134189369,Boreorana sylvatica,-70.383935,43.454572,111.0,2025.0,7.86566686630249,0.6196215805588086
5134180284,Boreorana sylvatica,-68.643622,44.631613,27.0,2025.0,6.339666843414307,0.9525996268822057
5134177793,Boreorana sylvatica,-70.155761,43.878303,4.0,2025.0,7.231166839599609,0.9069303829859532
5134177787,Boreorana sylvatica,-70.229247,43.86898,4.0,2025.0,7.278833389282227,0.8901963213869716
5134168255,Boreorana sylvatica,-70.540049,43.567876,3.0,2025.0,7.5329999923706055,0.7842468621162848
5134164616,Boreorana sylvatica,-70.287836,43.676489,22.0,2025.0,7.834469795227051,0.635597401658587
5134160084,Boreorana sylvatica,-70.089328,43.903916,2.0,2025.0,7.24233341217041,0.9031137135396968
5134144823,Boreorana sylvatica,-68.66743,44.915998,55.0,2019.0,6.562333106994629,0.992414618768171
5134139439,Boreorana sylvatica,-70.259087,43.886612,4.0,2025.0,7.1610002517700195,0.9293875709986101
5134136713,Boreorana sylvatica,-70.132325,43.869512,4.0,2025.0,7.3495001792907715,0.8633704505001455
5134136702,Boreorana sylvatica,-70.25982,43.886812,4.0,2025.0,7.1610002517700195,0.9293875709986101
5134123866,Boreorana sylvatica,-70.290345,43.89048,4.0,2025.0,7.1610002517700195,0.9293875709986101
5134123819,Boreorana sylvatica,-70.163247,43.920242,4.0,2025.0,7.158166885375977,0.9302372378665925
5134115753,Boreorana sylvatica,-69.637035,44.026207,5.0,2025.0,7.5192461013793945,0.7905766435114235
5134096264,Boreorana sylvatica,-70.64726,44.289228,8.0,2025.0,6.017333507537842,0.8431514485220939
5134093137,Boreorana sylvatica,-68.67167,44.916833,8.0,2025.0,6.475833415985107,0.9808733308693736
5134086716,Boreorana sylvatica,-68.327982,44.400973,28.0,2025.0,7.011833190917969,0.9676152358473838
5134082832,Boreorana sylvatica,-70.25453,43.884888,4.0,2025.0,7.1610002517700195,0.9293875709986101
5134066466,Boreorana sylvatica,-69.112694,44.176062,4.0,2025.0,7.210999965667725,0.9136578916329369
5134064392,Boreorana sylvatica,-70.709209,43.235021,104.0,2025.0,8.189332962036133,0.4566689993831528
5134058705,Boreorana sylvatica,-70.159119,43.879983,4.0,2025.0,7.231166839599609,0.9069303829859532
5134034681,Boreorana sylvatica,-70.257347,43.88587,4.0,2025.0,7.1610002517700195,0.9293875709986101
5134034296,Boreorana sylvatica,-70.38367,43.454236,89.0,2025.0,7.86566686630249,0.6196215805588086
5134033618,Boreorana sylvatica,-70.252242,43.884092,4.0,2025.0,7.1610002517700195,0.9293875709986101
5134033608,Boreorana sylvatica,-70.23455,43.87263,4.0,2025.0,7.278833389282227,0.8901963213869716
5134031445,Boreorana sylvatica,-68.671638,44.916828,4.0,2025.0,6.475833415985107,0.9808733308693736
5134010768,Boreorana sylvatica,-70.259558,43.88678,4.0,2025.0,7.1610002517700195,0.9293875709986101
5134010767,Boreorana sylvatica,-70.259613,43.886722,4.0,2025.0,7.1610002517700195,0.9293875709986101
5134009858,Boreorana sylvatica,-70.134103,43.869867,4.0,2025.0,7.3495001792907715,0.8633704505001455
5134001081,Boreorana sylvatica,-68.671708,44.916775,4.0,2025.0,6.475833415985107,0.9808733308693736
5133996588,Boreorana sylvatica,-70.159125,43.879975,4.0,2025.0,7.231166839599609,0.9069303829859532
5133982648,Boreorana sylvatica,-70.227913,43.867747,4.0,2025.0,7.278833389282227,0.8901963213869716
5133977283,Boreorana sylvatica,-68.671653,44.916837,5.0,2025.0,6.475833415985107,0.9808733308693736
5133977276,Boreorana sylvatica,-68.671678,44.916825,9.0,2025.0,6.475833415985107,0.9808733308693736
5133957415,Boreorana sylvatica,-68.671638,44.91682,9.0,2025.0,6.475833415985107,0.9808733308693736
5133956792,Boreorana sylvatica,-70.259567,43.886775,4.0,2025.0,7.1610002517700195,0.9293875709986101
5133956784,Boreorana sylvatica,-70.144264,43.872745,4.0,2025.0,7.3495001792907715,0.8633704505001455
5133955300,Boreorana sylvatica,-68.057511,44.398633,4.0,2025.0,6.780797004699707,0.9981240382846813
5133954649,Boreorana sylvatica,-70.174705,43.928208,4.0,2025.0,7.1551666259765625,0.9311319756556454
5133953839,Boreorana sylvatica,-68.641985,44.54396,20.0,2025.0,6.709333419799805,0.9999996236961385
5133953566,Boreorana sylvatica,-68.671013,44.916367,14.0,2025.0,6.562333106994629,0.992414618768171
5133946719,Boreorana sylvatica,-70.259262,43.88665,4.0,2025.0,7.1610002517700195,0.9293875709986101
5133938374,Boreorana sylvatica,-70.761767,44.33618,15.0,2025.0,5.928999900817871,0.8049155480781441
5133926567,Boreorana sylvatica,-70.013594,43.89442,13.0,2025.0,7.3520002365112305,0.8623799822522191
5133921138,Boreorana sylvatica,-70.246492,43.877925,4.0,2025.0,7.198333263397217,0.9177724910888724
5133913663,Boreorana sylvatica,-70.13488,43.869945,4.0,2025.0,7.3495001792907715,0.8633704505001455
5133897402,Boreorana sylvatica,-70.246645,43.877778,4.0,2025.0,7.198333263397217,0.9177724910888724
5133889844,Boreorana sylvatica,-70.259117,43.8866,4.0,2025.0,7.1610002517700195,0.9293875709986101
5133889829,Boreorana sylvatica,-70.23455,43.872637,4.0,2025.0,7.278833389282227,0.8901963213869716
5133808097,Boreorana sylvatica,-68.671678,44.916833,9.0,2025.0,6.475833415985107,0.9808733308693736
5133792163,Boreorana sylvatica,-70.246422,43.87783,2.0,2025.0,7.198333263397217,0.9177724910888724
5133787095,Boreorana sylvatica,-68.671028,44.91638,7.0,2025.0,6.562333106994629,0.992414618768171
5133777867,Boreorana sylvatica,-68.671647,44.916825,4.0,2025.0,6.475833415985107,0.9808733308693736
5133776280,Boreorana sylvatica,-68.66738,44.907147,25.0,2025.0,6.562333106994629,0.992414618768171
5133761003,Boreorana sylvatica,-68.691258,45.051659,147.0,2025.0,6.138499736785889,0.8904570532480948
5133730152,Boreorana sylvatica,-68.285951,44.38311,4.0,2025.0,6.910666465759277,0.9854738478354123
5133729151,Boreorana sylvatica,-68.668883,44.915808,5.0,2025.0,6.562333106994629,0.992414618768171
5133717105,Boreorana sylvatica,-68.67035,44.915653,14.0,2025.0,6.562333106994629,0.992414618768171
5133717104,Boreorana sylvatica,-68.671647,44.916833,4.0,2025.0,6.475833415985107,0.9808733308693736
5133656257,Boreorana sylvatica,-70.886052,43.331496,69.0,2025.0,7.94083309173584,0.5810968162675092
5133611905,Boreorana sylvatica,-69.805311,43.770579,8.0,2025.0,7.678030014038086,0.7146043060376146
5133552331,Boreorana sylvatica,-70.851333,43.469125,3.0,2024.0,7.2843337059021,0.8881925124476544
5133260549,Boreorana sylvatica,-69.41973,43.983892,6.0,2025.0,7.5020833015441895,0.798395566094642
5133165753,Boreorana sylvatica,-68.35036,44.334862,4.0,2025.0,7.075000286102295,0.9530871787076987
5133156183,Boreorana sylvatica,-69.742545,44.775863,8.0,2025.0,6.184333324432373,0.9065524325776281
5133132705,Boreorana sylvatica,-67.389645,44.759744,7.0,2025.0,6.284333229064941,0.9377867046750235
5108532269,Boreorana sylvatica,-68.286133,44.383062,4.0,2025.0,6.910666465759277,0.9854738478354123
5108506295,Boreorana sylvatica,-70.132697,43.86952,4.0,2025.0,7.3495001792907715,0.8633704505001455
5108460302,Boreorana sylvatica,-70.222503,43.862805,4.0,2025.0,7.278833389282227,0.8901963213869716
5108423269,Boreorana sylvatica,-70.13118,43.869225,4.0,2025.0,7.3495001792907715,0.8633704505001455
5108418234,Boreorana sylvatica,-70.245972,43.899212,4.0,2025.0,7.198333263397217,0.9177724910888724
5108385180,Boreorana sylvatica,-70.132544,43.869505,4.0,2025.0,7.3495001792907715,0.8633704505001455
5108354617,Boreorana sylvatica,-70.38537,44.024222,4.0,2024.0,6.861000061035156,0.9917032590301346
5108236540,Boreorana sylvatica,-68.206887,44.362757,71.0,2025.0,6.956127166748047,0.9782932984675434
5108203641,Boreorana sylvatica,-68.300052,44.416963,4.0,2025.0,7.035277843475342,0.962517693638077
5108172607,Boreorana sylvatica,-68.305134,44.404919,122.0,2025.0,7.011833190917969,0.9676152358473838
5108109093,Boreorana sylvatica,-69.781861,44.822028,5.0,2021.0,5.864333152770996,0.7752820185101197
5104398215,Boreorana sylvatica,-68.536745,44.970443,166.0,2017.0,6.1536664962768555,0.8959001656605147
5101024218,Boreorana sylvatica,-70.685019,43.215299,150.0,2023.0,8.121500015258789,0.48985648334547366
5101023757,Boreorana sylvatica,-70.3295,43.836534,150.0,2020.0,7.084166526794434,0.9507719120898634
5101023530,Boreorana sylvatica,-70.708589,44.079605,150.0,2022.0,6.552000045776367,0.9913075638645164
5101023254,Boreorana sylvatica,-70.465072,44.720205,150.0,2022.0,5.0370001792907715,0.36856509420027245
5101022705,Boreorana sylvatica,-68.285866,44.383012,150.0,2022.0,6.910666465759277,0.9854738478354123
5101022605,Boreorana sylvatica,-70.057955,43.840378,150.0,2022.0,7.436166763305664,0.8275300494748541
5101022260,Boreorana sylvatica,-68.695839,44.184085,150.0,2021.0,7.2838544845581055,0.8883676809074632
5101022225,Boreorana sylvatica,-70.381391,43.45148,150.0,2023.0,7.86566686630249,0.6196215805588086
5101021837,Boreorana sylvatica,-70.23361,43.61995,150.0,2021.0,7.891848087310791,0.6061991692702693
5101021651,Boreorana sylvatica,-69.334292,44.606752,150.0,2022.0,6.595666885375977,0.9954764246451445
5101021387,Boreorana sylvatica,-70.478969,44.705731,150.0,2021.0,5.157166481018066,0.4232609304948066
5101021276,Boreorana sylvatica,-70.70915,43.23788,150.0,2023.0,8.189332962036133,0.4566689993831528
5101021229,Boreorana sylvatica,-68.930222,44.826882,150.0,2022.0,6.423500061035156,0.9714306089035154
5101021105,Boreorana sylvatica,-70.690664,43.109514,150.0,2021.0,8.609000205993652,0.27501545306617386
5101020887,Boreorana sylvatica,-68.930222,44.826882,150.0,2023.0,6.423500061035156,0.9714306089035154
5101020206,Boreorana sylvatica,-70.429286,43.57959,150.0,2022.0,7.587833404541016,0.7584913245989314
5101019921,Boreorana sylvatica,-68.879684,44.49646,150.0,2022.0,6.92518949508667,0.9833320804019305
5101019885,Boreorana sylvatica,-69.367932,44.498113,150.0,2021.0,6.264999866485596,0.9321846269173318
5101019587,Boreorana sylvatica,-70.040095,43.920675,150.0,2020.0,7.269333362579346,0.8936224031483506
5101019038,Boreorana sylvatica,-68.744378,44.88904,150.0,2020.0,6.447999954223633,0.9760776706062415
5101018345,Boreorana sylvatica,-70.381391,43.45148,150.0,2022.0,7.86566686630249,0.6196215805588086
5101017816,Boreorana sylvatica,-68.729649,44.891914,150.0,2021.0,6.447999954223633,0.9760776706062415
5101017666,Boreorana sylvatica,-70.690463,43.27397,150.0,2021.0,8.07349967956543,0.5137661252955804
5101017613,Boreorana sylvatica,-70.281095,43.788431,150.0,2023.0,7.379166603088379,0.8514449992778872
5101017512,Boreorana sylvatica,-69.096957,44.234843,150.0,2022.0,7.1670002937316895,0.9275732782036848
5101017210,Boreorana sylvatica,-67.272042,45.113315,150.0,2020.0,6.019500255584717,0.844052675411068
5101017107,Boreorana sylvatica,-69.629485,44.141633,150.0,2022.0,7.127333164215088,0.9391855440243901
5101015606,Boreorana sylvatica,-70.685019,43.215299,150.0,2021.0,8.121500015258789,0.48985648334547366
5101015585,Boreorana sylvatica,-69.665262,44.287581,150.0,2021.0,7.027833461761475,0.9641744374144959
5101015555,Boreorana sylvatica,-68.69294,44.477028,150.0,2023.0,6.890999794006348,0.988144153351341
5101015502,Boreorana sylvatica,-69.653949,43.969913,150.0,2021.0,7.565208435058594,0.7692145472822173
5101015476,Boreorana sylvatica,-69.911858,43.963538,150.0,2022.0,7.5020833015441895,0.798395566094642
5101015272,Boreorana sylvatica,-68.733531,44.891838,150.0,2021.0,6.447999954223633,0.9760776706062415
5101015020,Boreorana sylvatica,-69.311287,44.577499,150.0,2019.0,6.479166507720947,0.9814127633909471
5101014727,Boreorana sylvatica,-69.946434,43.913109,150.0,2023.0,7.652651786804199,0.7271165979580008
5101014544,Boreorana sylvatica,-69.317698,44.614815,150.0,2019.0,6.544333457946777,0.9904381447327787
5101014292,Boreorana sylvatica,-69.608185,43.993868,150.0,2021.0,7.512666702270508,0.7935846997490785
5101014275,Boreorana sylvatica,-70.703506,43.121273,150.0,2020.0,8.609000205993652,0.27501545306617386
5101013393,Boreorana sylvatica,-70.359877,43.841918,150.0,2020.0,7.060999870300293,0.9565235112719672
5101011247,Boreorana sylvatica,-68.684191,44.923687,150.0,2021.0,6.475833415985107,0.9808733308693736
5101011018,Boreorana sylvatica,-70.690463,43.27397,150.0,2023.0,8.07349967956543,0.5137661252955804
5101010719,Boreorana sylvatica,-68.759035,44.887272,150.0,2022.0,6.487833023071289,0.9827802320728337
5101010546,Boreorana sylvatica,-70.865193,43.320181,150.0,2021.0,7.880499839782715,0.6120178481845981
5101010056,Boreorana sylvatica,-70.272934,43.705127,150.0,2021.0,7.834469795227051,0.635597401658587
5101009940,Boreorana sylvatica,-70.23361,43.61995,150.0,2023.0,7.891848087310791,0.6061991692702693
5101009591,Boreorana sylvatica,-69.330407,44.604625,150.0,2023.0,6.544333457946777,0.9904381447327787
5101009299,Boreorana sylvatica,-69.317241,44.61686,150.0,2018.0,6.544333457946777,0.9904381447327787
5101009298,Boreorana sylvatica,-68.91617,44.621972,150.0,2021.0,6.617500305175781,0.9970577723610766
5101009029,Boreorana sylvatica,-70.687493,43.272597,150.0,2022.0,8.07349967956543,0.5137661252955804
5101008952,Boreorana sylvatica,-68.930222,44.826882,150.0,2023.0,6.423500061035156,0.9714306089035154
5101008862,Boreorana sylvatica,-68.708481,44.468348,150.0,2021.0,6.9443840980529785,0.9802817843965779
5101008165,Boreorana sylvatica,-70.133972,44.675,150.0,2022.0,5.76633358001709,0.7282795476865406
5101007919,Boreorana sylvatica,-70.673397,43.107567,150.0,2022.0,8.609000205993652,0.27501545306617386
5101007818,Boreorana sylvatica,-70.39157,43.482476,150.0,2022.0,7.868287086486816,0.618278626989564
5101007338,Boreorana sylvatica,-69.317313,44.578131,150.0,2022.0,6.479166507720947,0.9814127633909471
5101007116,Boreorana sylvatica,-69.629286,44.574229,150.0,2022.0,6.94350004196167,0.9804277366040979
5101007031,Boreorana sylvatica,-70.714453,43.26024,150.0,2022.0,8.107166290283203,0.4969630643010454
5101006985,Boreorana sylvatica,-70.865193,43.320181,150.0,2021.0,7.880499839782715,0.6120178481845981
5101006929,Boreorana sylvatica,-70.688395,43.216368,150.0,2021.0,8.121500015258789,0.48985648334547366
5101006681,Boreorana sylvatica,-68.716418,44.792205,150.0,2022.0,6.86566686630249,0.991190630901699
5101006622,Boreorana sylvatica,-69.330407,44.604625,150.0,2022.0,6.544333457946777,0.9904381447327787
5101005465,Boreorana sylvatica,-70.714453,43.26024,150.0,2022.0,8.107166290283203,0.4969630643010454
5101004602,Boreorana sylvatica,-70.274241,43.736549,150.0,2021.0,7.567666530609131,0.7680558226856657
5101004358,Boreorana sylvatica,-69.491871,43.994191,150.0,2023.0,7.464666843414307,0.815115590153333
5101004076,Boreorana sylvatica,-68.705827,44.92149,150.0,2022.0,6.475833415985107,0.9808733308693736
5101003975,Boreorana sylvatica,-70.276773,43.819995,150.0,2023.0,7.257833480834961,0.8977098856590412
5101003958,Boreorana sylvatica,-70.117012,43.922318,150.0,2021.0,7.171333312988281,0.9262504432111104
5101003425,Boreorana sylvatica,-69.199472,44.256446,150.0,2022.0,6.678833484649658,0.9996896289971543
5101003254,Boreorana sylvatica,-70.276773,43.819995,150.0,2021.0,7.257833480834961,0.8977098856590412
5101002272,Boreorana sylvatica,-70.250131,44.001192,150.0,2020.0,7.0256667137146,0.9646500033091372
5101001892,Boreorana sylvatica,-70.854729,44.563768,150.0,2022.0,5.023333549499512,0.36257328950597617
5101001133,Boreorana sylvatica,-68.758151,44.889282,150.0,2022.0,6.487833023071289,0.9827802320728337
5101000973,Boreorana sylvatica,-70.698452,43.278138,150.0,2023.0,8.07349967956543,0.5137661252955804
5101000632,Boreorana sylvatica,-69.647109,43.981479,150.0,2022.0,7.565208435058594,0.7692145472822173
5101000352,Boreorana sylvatica,-70.683897,44.493635,150.0,2021.0,5.676833152770996,0.6837350697790123
5101000044,Boreorana sylvatica,-70.431473,44.705039,150.0,2022.0,5.462833404541016,0.5744724914160878
5100999868,Boreorana sylvatica,-70.688395,43.216368,150.0,2023.0,8.121500015258789,0.48985648334547366
5100999713,Boreorana sylvatica,-68.260687,44.685286,150.0,2023.0,6.4670000076293945,0.9794075391300184
5100999572,Boreorana sylvatica,-68.930916,44.823797,150.0,2022.0,6.423500061035156,0.9714306089035154
5100999517,Boreorana sylvatica,-68.733531,44.891838,150.0,2021.0,6.447999954223633,0.9760776706062415
5100999325,Boreorana sylvatica,-69.199472,44.256446,150.0,2021.0,6.678833484649658,0.9996896289971543
5100995301,Boreorana sylvatica,-70.23361,43.61995,150.0,2022.0,7.891848087310791,0.6061991692702693
5100994296,Boreorana sylvatica,-69.645865,43.984621,150.0,2022.0,7.565208435058594,0.7692145472822173
5100994194,Boreorana sylvatica,-68.287978,44.38659,150.0,2022.0,6.910666465759277,0.9854738478354123
5100993466,Boreorana sylvatica,-70.381391,43.45148,150.0,2021.0,7.86566686630249,0.6196215805588086
5100993326,Boreorana sylvatica,-70.224937,43.749518,150.0,2022.0,7.533522605895996,0.7840052579760317
5100991747,Boreorana sylvatica,-69.946434,43.913109,150.0,2022.0,7.652651786804199,0.7271165979580008
5100991581,Boreorana sylvatica,-70.281095,43.788431,150.0,2023.0,7.379166603088379,0.8514449992778872
5100989915,Boreorana sylvatica,-68.729649,44.891914,150.0,2022.0,6.447999954223633,0.9760776706062415
5100989785,Boreorana sylvatica,-70.723261,43.4843,150.0,2022.0,7.647333145141602,0.7297239286741665
5100989649,Boreorana sylvatica,-69.339543,44.570789,150.0,2020.0,6.457833290100098,0.9778310989602014
5100989630,Boreorana sylvatica,-70.214391,43.612456,150.0,2021.0,7.891848087310791,0.6061991692702693
5100989555,Boreorana sylvatica,-70.281095,43.788431,150.0,2022.0,7.379166603088379,0.8514449992778872
5100989338,Boreorana sylvatica,-68.788673,44.889553,150.0,2021.0,6.487833023071289,0.9827802320728337
5100985501,Boreorana sylvatica,-70.146353,44.169289,150.0,2022.0,6.784999847412109,0.9979004368014815
5100985378,Boreorana sylvatica,-68.705827,44.92149,150.0,2022.0,6.475833415985107,0.9808733308693736
5100984147,Boreorana sylvatica,-70.280547,43.702025,150.0,2022.0,7.834469795227051,0.635597401658587
5100983674,Boreorana sylvatica,-69.648722,43.979165,150.0,2022.0,7.565208435058594,0.7692145472822173
5100983652,Boreorana sylvatica,-68.709691,44.92454,150.0,2020.0,6.369500160217285,0.9598110820735434
5100983525,Boreorana sylvatica,-70.359877,43.841918,150.0,2020.0,7.060999870300293,0.9565235112719672
5100983524,Boreorana sylvatica,-70.478502,43.826664,150.0,2021.0,7.08483362197876,0.9506014044622508
5100982103,Boreorana sylvatica,-68.930916,44.823797,150.0,2022.0,6.423500061035156,0.9714306089035154
5100981429,Boreorana sylvatica,-69.838622,43.747212,150.0,2021.0,7.704807758331299,0.7012853097098452
5100981322,Boreorana sylvatica,-70.671026,43.215166,150.0,2021.0,8.121500015258789,0.48985648334547366
5100979961,Boreorana sylvatica,-69.199472,44.256446,150.0,2021.0,6.678833484649658,0.9996896289971543
5100979726,Boreorana sylvatica,-70.698452,43.278138,150.0,2023.0,8.07349967956543,0.5137661252955804
5100979656,Boreorana sylvatica,-68.680744,44.900747,150.0,2021.0,6.562333106994629,0.992414618768171
5100979442,Boreorana sylvatica,-68.749628,44.779042,150.0,2022.0,6.7813334465026855,0.9980961969593258
5100979319,Boreorana sylvatica,-70.381391,43.45148,150.0,2023.0,7.86566686630249,0.6196215805588086
5100978260,Boreorana sylvatica,-69.788982,43.950418,150.0,2021.0,7.6347222328186035,0.7358840796894487
5100978208,Boreorana sylvatica,-68.287978,44.38659,150.0,2022.0,6.910666465759277,0.9854738478354123
5100977967,Boreorana sylvatica,-69.317698,44.614815,150.0,2021.0,6.544333457946777,0.9904381447327787
5100977876,Boreorana sylvatica,-70.710249,44.067136,150.0,2023.0,6.552000045776367,0.9913075638645164
5100977798,Boreorana sylvatica,-70.056002,43.837721,150.0,2022.0,7.436166763305664,0.8275300494748541
5100977465,Boreorana sylvatica,-70.0307,43.921137,150.0,2021.0,7.269333362579346,0.8936224031483506
5100977441,Boreorana sylvatica,-68.755555,44.888288,150.0,2022.0,6.487833023071289,0.9827802320728337
5100976276,Boreorana sylvatica,-68.585271,44.315339,150.0,2022.0,7.094791889190674,0.9480238865921385
5100976136,Boreorana sylvatica,-70.428348,43.478338,150.0,2022.0,7.889999866485596,0.607146846708801
5100976117,Boreorana sylvatica,-67.272042,45.113315,150.0,2022.0,6.019500255584717,0.844052675411068
5100976116,Boreorana sylvatica,-70.698452,43.278138,150.0,2022.0,8.07349967956543,0.5137661252955804
5100974193,Boreorana sylvatica,-70.708589,44.079605,150.0,2023.0,6.552000045776367,0.9913075638645164
5100973762,Boreorana sylvatica,-68.930222,44.826882,150.0,2022.0,6.423500061035156,0.9714306089035154
5100973655,Boreorana sylvatica,-70.857579,44.565725,150.0,2022.0,5.023333549499512,0.36257328950597617
5100973503,Boreorana sylvatica,-70.608667,43.24081,150.0,2021.0,8.272282600402832,0.41725686623162933
5100973448,Boreorana sylvatica,-68.595166,44.422454,150.0,2023.0,6.7786664962768555,0.9982325925338889
5100973327,Boreorana sylvatica,-70.381391,43.45148,150.0,2021.0,7.86566686630249,0.6196215805588086
5100972016,Boreorana sylvatica,-69.306689,44.4484,150.0,2021.0,6.458333492279053,0.9779185702621952
5100970291,Boreorana sylvatica,-70.117012,43.922318,150.0,2021.0,7.171333312988281,0.9262504432111104
5100970194,Boreorana sylvatica,-68.684191,44.923687,150.0,2023.0,6.475833415985107,0.9808733308693736
5100969956,Boreorana sylvatica,-70.697937,43.103611,150.0,2022.0,8.609000205993652,0.27501545306617386
5100967906,Boreorana sylvatica,-70.39263,43.456101,150.0,2022.0,7.86566686630249,0.6196215805588086
5100967789,Boreorana sylvatica,-68.759035,44.887272,150.0,2022.0,6.487833023071289,0.9827802320728337
5100967760,Boreorana sylvatica,-70.224937,43.749518,150.0,2023.0,7.533522605895996,0.7840052579760317
5100967677,Boreorana sylvatica,-68.670208,44.915657,150.0,2022.0,6.562333106994629,0.992414618768171
5100967582,Boreorana sylvatica,-70.718288,43.232101,150.0,2023.0,8.189332962036133,0.4566689993831528
5100967525,Boreorana sylvatica,-68.257092,44.429754,150.0,2021.0,7.051602363586426,0.9587616943020816
5100966223,Boreorana sylvatica,-68.737429,44.891326,150.0,2021.0,6.447999954223633,0.9760776706062415
5100965448,Boreorana sylvatica,-68.729649,44.891914,150.0,2021.0,6.447999954223633,0.9760776706062415
5100965385,Boreorana sylvatica,-68.788673,44.889553,150.0,2022.0,6.487833023071289,0.9827802320728337
5100963378,Boreorana sylvatica,-70.198749,44.265315,150.0,2021.0,6.728166580200195,0.999859078319226
5100961843,Boreorana sylvatica,-68.930916,44.823797,150.0,2022.0,6.423500061035156,0.9714306089035154
5100961830,Boreorana sylvatica,-70.478502,43.826664,150.0,2023.0,7.08483362197876,0.9506014044622508
5100961516,Boreorana sylvatica,-68.78971,44.885093,150.0,2023.0,6.487833023071289,0.9827802320728337
5100960010,Boreorana sylvatica,-70.23361,43.61995,150.0,2022.0,7.891848087310791,0.6061991692702693
5100959591,Boreorana sylvatica,-69.118296,44.22589,150.0,2021.0,7.1670002937316895,0.9275732782036848
5100958051,Boreorana sylvatica,-70.381391,43.45148,150.0,2023.0,7.86566686630249,0.6196215805588086
5100956152,Boreorana sylvatica,-70.804894,43.442035,150.0,2021.0,7.465333461761475,0.8148217941192143
5100955557,Boreorana sylvatica,-70.595713,43.31254,150.0,2022.0,8.071000099182129,0.5150194567861702
5100955466,Boreorana sylvatica,-70.381391,43.45148,150.0,2022.0,7.86566686630249,0.6196215805588086
5100955347,Boreorana sylvatica,-70.698452,43.278138,150.0,2021.0,8.07349967956543,0.5137661252955804
5100955341,Boreorana sylvatica,-69.875435,44.010569,150.0,2021.0,7.3427534103393555,0.8660297479421821
5100953737,Boreorana sylvatica,-70.381391,43.45148,150.0,2021.0,7.86566686630249,0.6196215805588086
5100953634,Boreorana sylvatica,-70.431473,44.705039,150.0,2021.0,5.462833404541016,0.5744724914160878
5100953320,Boreorana sylvatica,-70.281095,43.788431,150.0,2021.0,7.379166603088379,0.8514449992778872
5100951594,Boreorana sylvatica,-68.737429,44.891326,150.0,2021.0,6.447999954223633,0.9760776706062415
5100951547,Boreorana sylvatica,-70.056002,43.837721,150.0,2021.0,7.436166763305664,0.8275300494748541
5100950290,Boreorana sylvatica,-68.680071,44.898086,150.0,2022.0,6.562333106994629,0.992414618768171
5100949581,Boreorana sylvatica,-68.930222,44.826882,150.0,2022.0,6.423500061035156,0.9714306089035154
5100949493,Boreorana sylvatica,-70.698452,43.278138,150.0,2021.0,8.07349967956543,0.5137661252955804
5100947319,Boreorana sylvatica,-70.854729,44.563768,150.0,2022.0,5.023333549499512,0.36257328950597617
5100943634,Boreorana sylvatica,-67.17673,45.024842,150.0,2021.0,6.097167015075684,0.8750601391444818
5100943413,Boreorana sylvatica,-70.804894,43.442035,150.0,2021.0,7.465333461761475,0.8148217941192143
5100943399,Boreorana sylvatica,-70.281095,43.788431,150.0,2020.0,7.379166603088379,0.8514449992778872
5100941966,Boreorana sylvatica,-70.698452,43.278138,150.0,2023.0,8.07349967956543,0.5137661252955804
5100939762,Boreorana sylvatica,-70.224937,43.749518,150.0,2021.0,7.533522605895996,0.7840052579760317
5100939674,Boreorana sylvatica,-68.748229,44.888796,150.0,2020.0,6.447999954223633,0.9760776706062415
5100939618,Boreorana sylvatica,-70.690463,43.27397,150.0,2023.0,8.07349967956543,0.5137661252955804
5100939536,Boreorana sylvatica,-70.23361,43.61995,150.0,2022.0,7.891848087310791,0.6061991692702693
5100939416,Boreorana sylvatica,-70.680176,44.522538,150.0,2022.0,5.565000057220459,0.6268214106768633
5100939376,Boreorana sylvatica,-68.759035,44.887272,150.0,2023.0,6.487833023071289,0.9827802320728337
5100938256,Boreorana sylvatica,-69.330407,44.604625,150.0,2022.0,6.544333457946777,0.9904381447327787
5100934256,Boreorana sylvatica,-70.23361,43.61995,150.0,2022.0,7.891848087310791,0.6061991692702693
5100934154,Boreorana sylvatica,-68.303911,44.408426,150.0,2022.0,7.011833190917969,0.9676152358473838
5100933849,Boreorana sylvatica,-70.245147,43.624291,150.0,2023.0,7.891848087310791,0.6061991692702693
5100933843,Boreorana sylvatica,-70.710249,44.067136,150.0,2022.0,6.552000045776367,0.9913075638645164
5100933395,Boreorana sylvatica,-68.687099,44.899702,150.0,2023.0,6.562333106994629,0.992414618768171
5100932239,Boreorana sylvatica,-70.854729,44.563768,150.0,2022.0,5.023333549499512,0.36257328950597617
5100932133,Boreorana sylvatica,-70.685019,43.215299,150.0,2021.0,8.121500015258789,0.48985648334547366
5100931970,Boreorana sylvatica,-70.391194,43.45693,150.0,2022.0,7.86566686630249,0.6196215805588086
5100931820,Boreorana sylvatica,-69.552011,44.643555,150.0,2021.0,6.509500026702881,0.9859757704943025
5100930210,Boreorana sylvatica,-70.281095,43.788431,150.0,2023.0,7.379166603088379,0.8514449992778872
5100930067,Boreorana sylvatica,-69.788982,43.950418,150.0,2019.0,7.6347222328186035,0.7358840796894487
5100929765,Boreorana sylvatica,-70.056002,43.837721,150.0,2022.0,7.436166763305664,0.8275300494748541
5100929509,Boreorana sylvatica,-70.671026,43.215166,150.0,2021.0,8.121500015258789,0.48985648334547366
5100929459,Boreorana sylvatica,-68.585271,44.315339,150.0,2022.0,7.094791889190674,0.9480238865921385
5100928293,Boreorana sylvatica,-70.718288,43.232101,150.0,2022.0,8.189332962036133,0.4566689993831528
5100928093,Boreorana sylvatica,-69.946434,43.913109,150.0,2021.0,7.652651786804199,0.7271165979580008
5100928059,Boreorana sylvatica,-68.670208,44.915657,150.0,2021.0,6.562333106994629,0.992414618768171
5100927947,Boreorana sylvatica,-68.729649,44.891914,150.0,2021.0,6.447999954223633,0.9760776706062415
5100927462,Boreorana sylvatica,-68.755555,44.888288,150.0,2023.0,6.487833023071289,0.9827802320728337
5100923707,Boreorana sylvatica,-68.930222,44.826882,150.0,2022.0,6.423500061035156,0.9714306089035154
5100923644,Boreorana sylvatica,-68.755555,44.888288,150.0,2022.0,6.487833023071289,0.9827802320728337
5100922227,Boreorana sylvatica,-68.744378,44.88904,150.0,2020.0,6.447999954223633,0.9760776706062415
5100922156,Boreorana sylvatica,-70.698452,43.278138,150.0,2023.0,8.07349967956543,0.5137661252955804
5100921908,Boreorana sylvatica,-70.198749,44.265315,150.0,2020.0,6.728166580200195,0.999859078319226
5100920189,Boreorana sylvatica,-69.78498,44.411056,150.0,2021.0,6.774333477020264,0.9984434138781595
5100919900,Boreorana sylvatica,-70.005321,44.719538,150.0,2022.0,5.597833156585693,0.643617187472072
5100919826,Boreorana sylvatica,-69.545005,44.638409,150.0,2021.0,6.509500026702881,0.9859757704943025
5100919523,Boreorana sylvatica,-68.737429,44.891326,150.0,2020.0,6.447999954223633,0.9760776706062415
5100919407,Boreorana sylvatica,-68.921373,44.830066,150.0,2023.0,6.423500061035156,0.9714306089035154
5100919310,Boreorana sylvatica,-68.754508,44.717854,150.0,2022.0,6.747833251953125,0.9994418856280036
5100918230,Boreorana sylvatica,-70.232321,43.629765,150.0,2022.0,8.066319465637207,0.5173684206750608
5100918169,Boreorana sylvatica,-69.473136,44.032277,150.0,2023.0,7.489166736602783,0.8042193121997866
5100918107,Boreorana sylvatica,-69.311287,44.577499,150.0,2022.0,6.479166507720947,0.9814127633909471
5100918083,Boreorana sylvatica,-70.478502,43.826664,150.0,2022.0,7.08483362197876,0.9506014044622508
5100917856,Boreorana sylvatica,-70.281095,43.788431,150.0,2021.0,7.379166603088379,0.8514449992778872
5100916194,Boreorana sylvatica,-68.705827,44.92149,150.0,2023.0,6.475833415985107,0.9808733308693736
5100916024,Boreorana sylvatica,-68.595166,44.422454,150.0,2023.0,6.7786664962768555,0.9982325925338889
5100915848,Boreorana sylvatica,-68.78971,44.885093,150.0,2022.0,6.487833023071289,0.9827802320728337
5100915526,Boreorana sylvatica,-69.311287,44.577499,150.0,2018.0,6.479166507720947,0.9814127633909471
5100914057,Boreorana sylvatica,-70.671026,43.215166,150.0,2023.0,8.121500015258789,0.48985648334547366
5100913999,Boreorana sylvatica,-70.040095,43.920675,150.0,2021.0,7.269333362579346,0.8936224031483506
5100913974,Boreorana sylvatica,-68.530137,44.469194,150.0,2022.0,6.797833442687988,0.9971400608600149
5100913667,Boreorana sylvatica,-68.930222,44.826882,150.0,2022.0,6.423500061035156,0.9714306089035154
5100913471,Boreorana sylvatica,-69.918693,43.876872,150.0,2022.0,7.652651786804199,0.7271165979580008
5100913403,Boreorana sylvatica,-70.673397,43.107567,150.0,2023.0,8.609000205993652,0.27501545306617386
5100912104,Boreorana sylvatica,-70.274241,43.736549,150.0,2021.0,7.567666530609131,0.7680558226856657
5100911739,Boreorana sylvatica,-68.744378,44.88904,150.0,2021.0,6.447999954223633,0.9760776706062415
5100910221,Boreorana sylvatica,-68.930222,44.826882,150.0,2022.0,6.423500061035156,0.9714306089035154
5100909862,Boreorana sylvatica,-69.83442,44.00673,150.0,2020.0,7.473090171813965,0.8113920411096625
5100908078,Boreorana sylvatica,-70.214391,43.612456,150.0,2021.0,7.891848087310791,0.6061991692702693
5100907856,Boreorana sylvatica,-69.091101,44.053705,150.0,2021.0,7.429861068725586,0.8302371003744715
5100907468,Boreorana sylvatica,-68.716418,44.792205,150.0,2022.0,6.86566686630249,0.991190630901699
5100906242,Boreorana sylvatica,-69.088632,44.057956,150.0,2023.0,7.429861068725586,0.8302371003744715
5100905991,Boreorana sylvatica,-69.199472,44.256446,150.0,2021.0,6.678833484649658,0.9996896289971543
5100904292,Boreorana sylvatica,-69.662815,43.868475,150.0,2020.0,7.671229839324951,0.7179681522150267
5100903412,Boreorana sylvatica,-68.680071,44.898086,150.0,2021.0,6.562333106994629,0.992414618768171
5100903304,Boreorana sylvatica,-68.78971,44.885093,150.0,2023.0,6.487833023071289,0.9827802320728337
5100902075,Boreorana sylvatica,-70.040095,43.920675,150.0,2020.0,7.269333362579346,0.8936224031483506
5100899917,Boreorana sylvatica,-69.914176,43.959499,150.0,2022.0,7.5020833015441895,0.798395566094642
5100899305,Boreorana sylvatica,-69.552011,44.643555,150.0,2021.0,6.509500026702881,0.9859757704943025
5100898298,Boreorana sylvatica,-68.285866,44.383012,150.0,2021.0,6.910666465759277,0.9854738478354123
5100897463,Boreorana sylvatica,-68.530137,44.469194,150.0,2022.0,6.797833442687988,0.9971400608600149
5100896220,Boreorana sylvatica,-69.69477,43.95927,150.0,2021.0,7.587698459625244,0.7585556598627677
5100896032,Boreorana sylvatica,-70.710485,43.513045,150.0,2022.0,7.458666801452637,0.8177530481914355
5100894027,Boreorana sylvatica,-70.673397,43.107567,150.0,2023.0,8.609000205993652,0.27501545306617386
5100893405,Boreorana sylvatica,-70.93275,43.987287,150.0,2022.0,6.733833312988281,0.999767192973929
5100892070,Boreorana sylvatica,-70.040095,43.920675,150.0,2021.0,7.269333362579346,0.8936224031483506
5100891395,Boreorana sylvatica,-70.694987,43.10558,150.0,2022.0,8.609000205993652,0.27501545306617386
5100891353,Boreorana sylvatica,-70.381391,43.45148,150.0,2021.0,7.86566686630249,0.6196215805588086
5100890283,Boreorana sylvatica,-69.953333,44.037079,150.0,2023.0,7.211666584014893,0.9134389605719014
5100889497,Boreorana sylvatica,-70.673397,43.107567,150.0,2023.0,8.609000205993652,0.27501545306617386
5100889479,Boreorana sylvatica,-69.629485,44.141633,150.0,2022.0,7.127333164215088,0.9391855440243901
5100888215,Boreorana sylvatica,-70.671026,43.215166,150.0,2022.0,8.121500015258789,0.48985648334547366
5100887837,Boreorana sylvatica,-69.311287,44.577499,150.0,2022.0,6.479166507720947,0.9814127633909471
5100887504,Boreorana sylvatica,-68.680071,44.898086,150.0,2021.0,6.562333106994629,0.992414618768171
5100886092,Boreorana sylvatica,-70.783241,43.800694,150.0,2021.0,6.846499919891357,0.9931990864661311
5100886005,Boreorana sylvatica,-70.037595,43.918427,150.0,2019.0,7.269333362579346,0.8936224031483506
5100885453,Boreorana sylvatica,-70.683897,44.493635,150.0,2022.0,5.676833152770996,0.6837350697790123
5100882135,Boreorana sylvatica,-70.690463,43.27397,150.0,2023.0,8.07349967956543,0.5137661252955804
5100881737,Boreorana sylvatica,-70.688395,43.216368,150.0,2023.0,8.121500015258789,0.48985648334547366
5100881648,Boreorana sylvatica,-68.723652,44.89199,150.0,2020.0,6.447999954223633,0.9760776706062415
5100880111,Boreorana sylvatica,-70.280547,43.702025,150.0,2021.0,7.834469795227051,0.635597401658587
5100879787,Boreorana sylvatica,-70.117012,43.922318,150.0,2023.0,7.171333312988281,0.9262504432111104
5100879400,Boreorana sylvatica,-70.403855,43.876851,150.0,2023.0,7.017166614532471,0.9664865885597582
5100879371,Boreorana sylvatica,-68.879684,44.49646,150.0,2021.0,6.92518949508667,0.9833320804019305
5100878259,Boreorana sylvatica,-70.694987,43.10558,150.0,2021.0,8.609000205993652,0.27501545306617386
5100878018,Boreorana sylvatica,-70.673397,43.107567,150.0,2023.0,8.609000205993652,0.27501545306617386
5100877919,Boreorana sylvatica,-68.744378,44.88904,150.0,2022.0,6.447999954223633,0.9760776706062415
5100877847,Boreorana sylvatica,-69.552011,44.643555,150.0,2021.0,6.509500026702881,0.9859757704943025
5100877689,Boreorana sylvatica,-70.353043,43.848431,150.0,2021.0,7.060999870300293,0.9565235112719672
5100877638,Boreorana sylvatica,-69.306689,44.4484,150.0,2023.0,6.458333492279053,0.9779185702621952
5100876188,Boreorana sylvatica,-69.258914,44.583606,150.0,2019.0,6.418333530426025,0.9704003158939232
5100876162,Boreorana sylvatica,-70.673397,43.107567,150.0,2022.0,8.609000205993652,0.27501545306617386
5100875940,Boreorana sylvatica,-70.033669,43.916164,150.0,2021.0,7.3520002365112305,0.8623799822522191
5100875713,Boreorana sylvatica,-70.70915,43.23788,150.0,2022.0,8.189332962036133,0.4566689993831528
5100875712,Boreorana sylvatica,-70.39263,43.456101,150.0,2021.0,7.86566686630249,0.6196215805588086
5100875654,Boreorana sylvatica,-70.685019,43.215299,150.0,2022.0,8.121500015258789,0.48985648334547366
5100875504,Boreorana sylvatica,-70.117012,43.922318,150.0,2022.0,7.171333312988281,0.9262504432111104
5100875424,Boreorana sylvatica,-69.70277,44.534192,150.0,2023.0,6.755499839782715,0.999204475835019
5100875359,Boreorana sylvatica,-70.117012,43.922318,150.0,2022.0,7.171333312988281,0.9262504432111104
5100875334,Boreorana sylvatica,-69.313947,44.454965,150.0,2021.0,6.458333492279053,0.9779185702621952
5100873856,Boreorana sylvatica,-68.530137,44.469194,150.0,2022.0,6.797833442687988,0.9971400608600149
5100873680,Boreorana sylvatica,-69.311287,44.577499,150.0,2021.0,6.479166507720947,0.9814127633909471
5100873610,Boreorana sylvatica,-70.673397,43.107567,150.0,2023.0,8.609000205993652,0.27501545306617386
5100873530,Boreorana sylvatica,-69.258914,44.583606,150.0,2023.0,6.418333530426025,0.9704003158939232
5100873370,Boreorana sylvatica,-70.595713,43.31254,150.0,2021.0,8.071000099182129,0.5150194567861702
5100873303,Boreorana sylvatica,-68.716418,44.792205,150.0,2022.0,6.86566686630249,0.991190630901699
5100872243,Boreorana sylvatica,-69.317698,44.614815,150.0,2021.0,6.544333457946777,0.9904381447327787
5100871953,Boreorana sylvatica,-70.701556,43.103124,150.0,2022.0,8.609000205993652,0.27501545306617386
5100870290,Boreorana sylvatica,-70.236782,43.809078,150.0,2021.0,7.369333267211914,0.8554391004229459
5100869980,Boreorana sylvatica,-70.23361,43.61995,150.0,2022.0,7.891848087310791,0.6061991692702693
5100867883,Boreorana sylvatica,-69.629485,44.141633,150.0,2021.0,7.127333164215088,0.9391855440243901
5100867819,Boreorana sylvatica,-68.687099,44.899702,150.0,2022.0,6.562333106994629,0.992414618768171
5100866193,Boreorana sylvatica,-68.729649,44.891914,150.0,2022.0,6.447999954223633,0.9760776706062415
5100866185,Boreorana sylvatica,-69.199472,44.256446,150.0,2022.0,6.678833484649658,0.9996896289971543
5100865820,Boreorana sylvatica,-70.705338,43.105043,150.0,2022.0,8.609000205993652,0.27501545306617386
5100865367,Boreorana sylvatica,-70.133972,44.675,150.0,2022.0,5.76633358001709,0.7282795476865406
5100864278,Boreorana sylvatica,-69.473136,44.032277,150.0,2023.0,7.489166736602783,0.8042193121997866
5100863702,Boreorana sylvatica,-69.487008,44.316413,150.0,2021.0,6.945333480834961,0.9801244617189445
5100861927,Boreorana sylvatica,-68.921373,44.830066,150.0,2023.0,6.423500061035156,0.9714306089035154
5100861823,Boreorana sylvatica,-69.788982,43.950418,150.0,2021.0,7.6347222328186035,0.7358840796894487
5100861567,Boreorana sylvatica,-70.274241,43.736549,150.0,2021.0,7.567666530609131,0.7680558226856657
5100861513,Boreorana sylvatica,-70.033669,43.916164,150.0,2021.0,7.3520002365112305,0.8623799822522191
5100861478,Boreorana sylvatica,-69.972254,43.92407,150.0,2021.0,7.442666530609131,0.8247243911863377
5100861435,Boreorana sylvatica,-68.755555,44.888288,150.0,2022.0,6.487833023071289,0.9827802320728337
5100860200,Boreorana sylvatica,-69.317241,44.61686,150.0,2021.0,6.544333457946777,0.9904381447327787
5100859801,Boreorana sylvatica,-70.429286,43.57959,150.0,2022.0,7.587833404541016,0.7584913245989314
5100859407,Boreorana sylvatica,-68.788673,44.889553,150.0,2022.0,6.487833023071289,0.9827802320728337
5100856193,Boreorana sylvatica,-68.755555,44.888288,150.0,2022.0,6.487833023071289,0.9827802320728337
5100855982,Boreorana sylvatica,-70.685019,43.215299,150.0,2022.0,8.121500015258789,0.48985648334547366
5100855925,Boreorana sylvatica,-69.861354,43.786654,150.0,2023.0,7.661904811859131,0.7225679025246293
5100855691,Boreorana sylvatica,-70.359877,43.841918,150.0,2021.0,7.060999870300293,0.9565235112719672
5100854182,Boreorana sylvatica,-69.788982,43.950418,150.0,2019.0,7.6347222328186035,0.7358840796894487
5100853916,Boreorana sylvatica,-69.85687,44.01008,150.0,2022.0,7.473090171813965,0.8113920411096625
5100853897,Boreorana sylvatica,-70.117012,43.922318,150.0,2022.0,7.171333312988281,0.9262504432111104
5100853483,Boreorana sylvatica,-68.759035,44.887272,150.0,2022.0,6.487833023071289,0.9827802320728337
5100852127,Boreorana sylvatica,-70.057955,43.840378,150.0,2022.0,7.436166763305664,0.8275300494748541
5100851740,Boreorana sylvatica,-70.043357,43.923519,150.0,2019.0,7.17983341217041,0.9236249080015373
5100851547,Boreorana sylvatica,-69.317313,44.578131,150.0,2022.0,6.479166507720947,0.9814127633909471
5100851309,Boreorana sylvatica,-69.648722,43.979165,150.0,2023.0,7.565208435058594,0.7692145472822173
5100850195,Boreorana sylvatica,-69.71727,43.942548,150.0,2023.0,7.66226863861084,0.722388728314608
5100849890,Boreorana sylvatica,-69.723683,44.452243,150.0,2022.0,6.795000076293945,0.9973179824413307
5100849553,Boreorana sylvatica,-68.930916,44.823797,150.0,2022.0,6.423500061035156,0.9714306089035154
5088029175,Boreorana sylvatica,-68.285805,44.382978,4.0,2025.0,6.910666465759277,0.9854738478354123
5076826797,Boreorana sylvatica,-69.413419,46.059512,155.0,2024.0,3.636166572570801,0.034301557934030946
5037233698,Boreorana sylvatica,-69.843278,43.783797,5.0,2024.0,7.661904811859131,0.7225679025246293
5008248711,Boreorana sylvatica,-69.985588,44.254637,11.0,2024.0,7.016666412353516,0.9665932193021854
5008105635,Boreorana sylvatica,-70.032525,44.29983,4.0,2024.0,6.668833255767822,0.9994433544498014
5007522412,Boreorana sylvatica,-68.840531,46.150294,9.0,2024.0,3.7266666889190674,0.04171931812618562
5007491503,Boreorana sylvatica,-70.684525,43.22993,61.0,2024.0,8.121500015258789,0.48985648334547366
5006744837,Boreorana sylvatica,-68.629889,44.531522,20.0,2024.0,6.7223334312438965,0.999929701941913
4993942600,Boreorana sylvatica,-68.630456,44.519536,5.0,2024.0,6.7223334312438965,0.999929701941913
4993780520,Boreorana sylvatica,-68.625586,44.608586,5.0,2024.0,6.58050012588501,0.9941800245256838
4993752857,Boreorana sylvatica,-69.566161,44.162625,16.0,2024.0,7.2143330574035645,0.9125608626270744
4978270415,Boreorana sylvatica,-70.310636,43.840098,21.0,2024.0,7.084166526794434,0.9507719120898634
4978217577,Boreorana sylvatica,-70.824547,44.022606,4.0,2024.0,6.287166595458984,0.9385894657695507
4974221472,Boreorana sylvatica,-69.100967,44.167048,38.0,2024.0,7.210999965667725,0.9136578916329369
4974207403,Boreorana sylvatica,-70.216012,43.611958,4.0,2024.0,7.891848087310791,0.6061991692702693
4954744835,Boreorana sylvatica,-69.811803,43.812553,6.0,2024.0,7.709868431091309,0.6987559790417311
4954329736,Boreorana sylvatica,-70.3106,43.839978,5.0,2024.0,7.084166526794434,0.9507719120898634
4953110329,Boreorana sylvatica,-70.385583,44.024339,4.0,2024.0,6.861000061035156,0.9917032590301346
4953075243,Boreorana sylvatica,-68.662138,44.907725,4.0,2024.0,6.609499931335449,0.9965174389063005
4952992147,Boreorana sylvatica,-70.814767,43.508053,4.0,2024.0,7.070499897003174,0.9542050061672627
4952827671,Boreorana sylvatica,-68.634571,44.300623,35.0,2024.0,7.0059027671813965,0.9688486400239797
4952786256,Boreorana sylvatica,-69.822102,43.874169,15.0,2024.0,7.694675922393799,0.7063379090246801
4952775694,Boreorana sylvatica,-70.814758,43.507983,4.0,2024.0,7.070499897003174,0.9542050061672627
4952628010,Boreorana sylvatica,-69.2044,45.742378,4.0,2024.0,3.931166887283325,0.06354765456223196
4952565805,Boreorana sylvatica,-70.22677,43.853337,4.0,2024.0,7.278833389282227,0.8901963213869716
4952314300,Boreorana sylvatica,-70.755112,44.303783,4.0,2024.0,5.952833652496338,0.8155058578032534
4952174881,Boreorana sylvatica,-68.920745,45.842495,6.0,2024.0,3.8456664085388184,0.053489251570554106
4950475633,Boreorana sylvatica,-70.291575,44.088626,57.0,2024.0,7.025000095367432,0.9647957111857737
4950355041,Boreorana sylvatica,-70.776183,44.278687,4.0,2024.0,6.042666912078857,0.8535698959827248
4950231247,Boreorana sylvatica,-69.392412,44.452463,8.0,2024.0,6.376500129699707,0.9614224584841633
4950018261,Boreorana sylvatica,-70.562287,44.122917,9.0,2024.0,6.417333602905273,0.970198902104964
4946542967,Boreorana sylvatica,-68.737237,44.868545,4.0,2024.0,6.577000141143799,0.9938578953424875
4946139709,Boreorana sylvatica,-68.678238,44.587922,9.0,2024.0,6.751500129699707,0.9993335644321075
4946102481,Boreorana sylvatica,-69.391017,44.428941,93.0,2024.0,6.376500129699707,0.9614224584841633
4945954330,Boreorana sylvatica,-70.070092,44.341806,5.0,2024.0,6.677333354949951,0.999657236520553
4945896142,Boreorana sylvatica,-68.737167,44.86847,53.0,2024.0,6.577000141143799,0.9938578953424875
4945657621,Boreorana sylvatica,-70.215333,43.622795,4.0,2024.0,7.891848087310791,0.6061991692702693
4945594386,Boreorana sylvatica,-70.591112,43.919758,5.0,2024.0,6.918499946594238,0.9843364670599277
4945459126,Boreorana sylvatica,-70.346924,43.928587,4.0,2024.0,6.967833518981934,0.9762192809593236
4936746134,Boreorana sylvatica,-70.04625,44.390488,4.0,2024.0,6.424833297729492,0.9716936472777591
4936701562,Boreorana sylvatica,-69.86304,44.282987,4.0,2024.0,6.923666954040527,0.9835633536099677
4936625488,Boreorana sylvatica,-68.728172,44.862992,4.0,2024.0,6.577000141143799,0.9938578953424875
4936504889,Boreorana sylvatica,-68.322472,44.393622,7.0,2024.0,7.011833190917969,0.9676152358473838
4936170665,Boreorana sylvatica,-69.187233,44.373172,4.0,2024.0,6.91616678237915,0.9846796085567466
4935971403,Boreorana sylvatica,-69.066514,44.2369,89.0,2024.0,6.89965295791626,0.9870019635711487
4935782272,Boreorana sylvatica,-70.66185,43.662636,5.0,2024.0,7.187666893005371,0.9211697523581138
4926236407,Boreorana sylvatica,-68.322059,44.393834,21.0,2024.0,7.011833190917969,0.9676152358473838
4926162341,Boreorana sylvatica,-68.884891,44.345151,19.0,2024.0,7.161403179168701,0.9292663716041015
4925927975,Boreorana sylvatica,-70.324867,43.768956,3.0,2024.0,7.285333156585693,0.8878268282588254
4924145417,Boreorana sylvatica,-70.823083,43.804547,3.0,2024.0,6.822666645050049,0.9953376209583381
4924068454,Boreorana sylvatica,-68.685408,44.885925,8.0,2024.0,6.562333106994629,0.992414618768171
4924067080,Boreorana sylvatica,-68.305755,44.242735,73.0,2024.0,7.106249809265137,0.9449839915549946
4923881356,Boreorana sylvatica,-70.635636,43.260025,35.0,2024.0,8.127500534057617,0.4868904906705305
4923854763,Boreorana sylvatica,-70.295625,43.754213,12.0,2024.0,7.285333156585693,0.8878268282588254
4923681556,Boreorana sylvatica,-69.036019,44.336272,4.0,2024.0,6.885833263397217,0.9888015204306163
4921883800,Boreorana sylvatica,-69.086807,44.154694,6.0,2024.0,7.2244791984558105,0.9091851051354921
4921700435,Boreorana sylvatica,-69.978362,46.603176,178.0,2024.0,2.9035000801086426,0.0056674803750384126
4921626070,Boreorana sylvatica,-69.334,44.514233,20.0,2024.0,6.381333351135254,0.9625169620015939
4919726744,Boreorana sylvatica,-68.351452,46.378099,15.0,2024.0,3.5815000534057617,0.0303895320714215
4919686291,Boreorana sylvatica,-69.9738,46.604958,12.0,2024.0,2.9035000801086426,0.0056674803750384126
4919332497,Boreorana sylvatica,-68.321892,44.39402,4.0,2024.0,7.011833190917969,0.9676152358473838
4919292447,Boreorana sylvatica,-67.934037,46.516894,7.0,2024.0,3.755500078201294,0.044349805279292484
4919180689,Boreorana sylvatica,-68.287588,44.40327,10.0,2024.0,6.910666465759277,0.9854738478354123
4911138162,Boreorana sylvatica,-68.250936,44.407939,4.0,2024.0,6.910666465759277,0.9854738478354123
4911131108,Boreorana sylvatica,-70.346672,43.6111,4.0,2024.0,7.789999961853027,0.6582927606039568
4911076652,Boreorana sylvatica,-68.321975,44.393817,4.0,2024.0,7.011833190917969,0.9676152358473838
4910774614,Boreorana sylvatica,-69.843383,44.584912,35.0,2024.0,6.410999774932861,0.968907977438228
4910773791,Boreorana sylvatica,-68.321953,44.393883,5.0,2024.0,7.011833190917969,0.9676152358473838
4910738219,Boreorana sylvatica,-69.617783,43.91632,4.0,2024.0,7.664583206176758,0.7212483125512459
4910697496,Boreorana sylvatica,-69.621522,44.13507,23.0,2024.0,7.195333003997803,0.9187343624537847
4910662601,Boreorana sylvatica,-69.766296,45.117861,4.0,2024.0,4.18250036239624,0.10231454588542335
4909100931,Boreorana sylvatica,-70.344922,44.039555,179.0,2024.0,6.89633321762085,0.9874462498409561
4908592771,Boreorana sylvatica,-69.899222,44.477857,4.0,2024.0,6.56083345413208,0.9922585705522556
4908337157,Boreorana sylvatica,-70.815605,44.196767,6.0,2024.0,6.274666786193848,0.9350127599197877
4908261225,Boreorana sylvatica,-70.498446,43.79634,167.0,2024.0,7.08483362197876,0.9506014044622508
4904097532,Boreorana sylvatica,-67.93183,44.45947,5.0,2024.0,6.672826290130615,0.9995502507242672
4903952641,Boreorana sylvatica,-70.365983,44.181645,4.0,2024.0,6.532833576202393,0.989057542896174
4901923800,Boreorana sylvatica,-70.350151,43.785519,35.0,2024.0,7.260000228881836,0.89694479806006
4901416169,Boreorana sylvatica,-70.681249,43.291452,15.0,2024.0,8.07349967956543,0.5137661252955804
4901374729,Boreorana sylvatica,-68.585502,45.008031,31.0,2024.0,6.1576666831970215,0.8973167221706135
4901045571,Boreorana sylvatica,-69.993123,44.242697,116.0,2024.0,7.054499626159668,0.9580775494980885
4892217635,Boreorana sylvatica,-70.213267,43.746724,20.0,2024.0,7.533522605895996,0.7840052579760317
4892119751,Boreorana sylvatica,-68.951669,46.013116,128.0,2024.0,2.5945000648498535,0.0023640913288585593
4892010751,Boreorana sylvatica,-68.720733,45.405613,5.0,2024.0,5.49066686630249,0.5887196941494308
4891925720,Boreorana sylvatica,-70.713769,43.176852,95.0,2024.0,8.345333099365234,0.38380867928907075
4875537002,Boreorana sylvatica,-68.328042,44.401103,4.0,2024.0,7.011833190917969,0.9676152358473838
4875463472,Boreorana sylvatica,-70.945777,44.21464,4.0,2024.0,6.256666660308838,0.9297037150002605
4875265948,Boreorana sylvatica,-70.784363,44.76583,4.0,2024.0,2.75166654586792,0.0037196942102571506
4872455666,Boreorana sylvatica,-70.255989,44.616485,28.0,2024.0,5.680833339691162,0.6857503285786086
4872445652,Boreorana sylvatica,-68.426546,46.0611,31.0,2024.0,3.9665000438690186,0.06813366758086821
4872392218,Boreorana sylvatica,-70.831833,44.325062,6.0,2024.0,5.793333530426025,0.7414449749193397
4872362033,Boreorana sylvatica,-68.59503,46.036461,84.0,2024.0,4.232500076293945,0.11187861012641297
4872197560,Boreorana sylvatica,-68.291992,44.405522,5.0,2024.0,7.011833190917969,0.9676152358473838
4868103776,Boreorana sylvatica,-69.515429,44.964037,3.0,2024.0,5.634666919708252,0.6623880644027552
4868091394,Boreorana sylvatica,-70.756867,43.745953,4.0,2024.0,6.813499927520752,0.9960536920853031
4868053659,Boreorana sylvatica,-68.521194,44.985262,8.0,2024.0,6.1536664962768555,0.8959001656605147
4867998074,Boreorana sylvatica,-68.696359,44.947474,38.0,2024.0,6.475833415985107,0.9808733308693736
4867982399,Boreorana sylvatica,-68.819938,44.751245,21.0,2024.0,6.811333179473877,0.9962142840799578
4867942243,Boreorana sylvatica,-70.685232,44.180956,5.0,2024.0,6.329666614532471,0.9500592238580218
4867568985,Boreorana sylvatica,-69.576791,44.145289,133.0,2024.0,7.2143330574035645,0.9125608626270744
4863570333,Boreorana sylvatica,-69.867009,46.57963,127.0,2024.0,2.9553332328796387,0.006519053263557554
4855232827,Boreorana sylvatica,-69.09506,44.241006,35.0,2024.0,7.1670002937316895,0.9275732782036848
4854926200,Boreorana sylvatica,-70.253325,43.592656,4.0,2024.0,7.983833312988281,0.5591287252643514
4854834726,Boreorana sylvatica,-70.253773,43.593565,4.0,2024.0,7.983833312988281,0.5591287252643514
4854831980,Boreorana sylvatica,-68.804109,46.089596,15.0,2024.0,3.816666603088379,0.05039292580273112
4852924767,Boreorana sylvatica,-69.547783,44.257662,13.0,2024.0,7.047666549682617,0.9596826372754578
4852434978,Boreorana sylvatica,-70.522072,44.169558,4.0,2024.0,6.573500156402588,0.9935271724814959
4852384690,Boreorana sylvatica,-68.29232,44.420493,4.0,2024.0,7.035277843475342,0.962517693638077
4852380695,Boreorana sylvatica,-68.323646,44.399966,184.0,2024.0,7.011833190917969,0.9676152358473838
4852336445,Boreorana sylvatica,-69.960234,43.94391,7.0,2024.0,7.442666530609131,0.8247243911863377
4852152093,Boreorana sylvatica,-70.68248,44.369064,138.0,2024.0,5.712166786193848,0.701465145901873
4852076471,Boreorana sylvatica,-67.89811,45.973246,61.0,2024.0,4.691999912261963,0.23392560464924758
4851875745,Boreorana sylvatica,-69.816025,46.76922,4.0,2024.0,2.878000020980835,0.005286585580045171
4851865718,Boreorana sylvatica,-69.762594,44.383057,109.0,2024.0,6.774333477020264,0.9984434138781595
4851725658,Boreorana sylvatica,-68.293229,44.42193,4.0,2024.0,7.035277843475342,0.962517693638077
4847240316,Boreorana sylvatica,-70.133355,44.675347,12.0,2024.0,5.76633358001709,0.7282795476865406
4847225673,Boreorana sylvatica,-68.636844,44.870146,9.0,2024.0,6.544000148773193,0.9903994198825866
4847215597,Boreorana sylvatica,-70.133592,44.674867,40.0,2024.0,5.76633358001709,0.7282795476865406
4847215348,Boreorana sylvatica,-70.47663,43.599342,3.0,2024.0,7.436833381652832,0.8272430109532225
4847196844,Boreorana sylvatica,-70.132478,44.676108,19.0,2024.0,5.76633358001709,0.7282795476865406
4847179455,Boreorana sylvatica,-70.134186,44.674975,18.0,2024.0,5.76633358001709,0.7282795476865406
4847156233,Boreorana sylvatica,-70.479095,43.600578,3.0,2024.0,7.436833381652832,0.8272430109532225
4847077725,Boreorana sylvatica,-70.27665,43.820137,6.0,2024.0,7.257833480834961,0.8977098856590412
4847043826,Boreorana sylvatica,-68.931305,44.82901,5.0,2024.0,6.423500061035156,0.9714306089035154
4847028574,Boreorana sylvatica,-70.132858,44.675583,9.0,2024.0,5.76633358001709,0.7282795476865406
4847028569,Boreorana sylvatica,-70.134003,44.675012,22.0,2024.0,5.76633358001709,0.7282795476865406
4847027488,Boreorana sylvatica,-70.134797,44.675092,52.0,2024.0,5.76633358001709,0.7282795476865406
4846936281,Boreorana sylvatica,-70.647607,44.293094,80.0,2024.0,5.928833484649658,0.8048409394762471
4846933504,Boreorana sylvatica,-70.276987,43.819755,4.0,2024.0,7.257833480834961,0.8977098856590412
4846928573,Boreorana sylvatica,-68.931311,44.828991,4.0,2024.0,6.423500061035156,0.9714306089035154
4846917552,Boreorana sylvatica,-70.135055,44.674697,30.0,2024.0,5.76633358001709,0.7282795476865406
4846906159,Boreorana sylvatica,-69.333686,44.603873,3.0,2024.0,6.595666885375977,0.9954764246451445
4846904059,Boreorana sylvatica,-70.134125,44.675005,4.0,2024.0,5.76633358001709,0.7282795476865406
4846897846,Boreorana sylvatica,-70.132583,44.676005,25.0,2024.0,5.76633358001709,0.7282795476865406
4846896362,Boreorana sylvatica,-70.825363,44.421547,12.0,2024.0,5.888333320617676,0.7864248161234088
4846884698,Boreorana sylvatica,-70.133514,44.675133,41.0,2024.0,5.76633358001709,0.7282795476865406
4846872661,Boreorana sylvatica,-70.13395,44.675072,23.0,2024.0,5.76633358001709,0.7282795476865406
4846853455,Boreorana sylvatica,-69.332277,44.602824,4.0,2024.0,6.544333457946777,0.9904381447327787
4846849200,Boreorana sylvatica,-69.967335,44.204466,6.0,2023.0,7.019499778747559,0.965987089082437
4846840194,Boreorana sylvatica,-69.875607,43.997243,18.0,2024.0,7.5020833015441895,0.798395566094642
4846838006,Boreorana sylvatica,-70.476058,43.599078,4.0,2024.0,7.436833381652832,0.8272430109532225
4846828443,Boreorana sylvatica,-70.133675,44.675067,19.0,2024.0,5.76633358001709,0.7282795476865406
4846827485,Boreorana sylvatica,-68.689644,44.938226,4.0,2024.0,6.475833415985107,0.9808733308693736
4846822542,Boreorana sylvatica,-70.134208,44.675072,20.0,2024.0,5.76633358001709,0.7282795476865406
4846819230,Boreorana sylvatica,-70.647111,44.288653,23.0,2024.0,6.017333507537842,0.8431514485220939
4607609034,Boreorana sylvatica,-69.329574,44.60415,8.0,2024.0,6.544333457946777,0.9904381447327787
4607572153,Boreorana sylvatica,-67.89811,45.973246,61.0,2023.0,4.691999912261963,0.23392560464924758
4607514570,Boreorana sylvatica,-70.233906,43.641911,73.0,2024.0,8.066319465637207,0.5173684206750608
4607463234,Boreorana sylvatica,-70.686692,43.215762,12.0,2024.0,8.121500015258789,0.48985648334547366
4607412171,Boreorana sylvatica,-69.96486,43.877515,98.0,2024.0,7.499833106994629,0.7994139348937752
4607221558,Boreorana sylvatica,-70.685347,43.21537,71.0,2024.0,8.121500015258789,0.48985648334547366
4607221556,Boreorana sylvatica,-70.685678,43.215625,31.0,2024.0,8.121500015258789,0.48985648334547366
4607153239,Boreorana sylvatica,-67.89811,45.973246,61.0,2023.0,4.691999912261963,0.23392560464924758
4607077507,Boreorana sylvatica,-67.89811,45.973246,61.0,2023.0,4.691999912261963,0.23392560464924758
4607033176,Boreorana sylvatica,-70.685447,43.215422,11.0,2024.0,8.121500015258789,0.48985648334547366
4607021096,Boreorana sylvatica,-70.548927,43.34118,3.0,2024.0,8.045666694641113,0.5277628728789694
4606934492,Boreorana sylvatica,-70.287854,43.676334,7.0,2024.0,7.834469795227051,0.635597401658587
4606810891,Boreorana sylvatica,-70.287902,43.676346,5.0,2024.0,7.834469795227051,0.635597401658587
4606787394,Boreorana sylvatica,-70.04013,43.92052,4.0,2024.0,7.269333362579346,0.8936224031483506
4606742301,Boreorana sylvatica,-70.685972,43.215578,20.0,2024.0,8.121500015258789,0.48985648334547366
4606711667,Boreorana sylvatica,-70.685463,43.215338,23.0,2024.0,8.121500015258789,0.48985648334547366
4606706956,Boreorana sylvatica,-70.68663,43.215762,4.0,2024.0,8.121500015258789,0.48985648334547366
4606616130,Boreorana sylvatica,-68.819023,44.831827,188.0,2023.0,6.762666702270508,0.9989446430611956
4606605160,Boreorana sylvatica,-70.218025,43.584044,38.0,2023.0,7.891848087310791,0.6061991692702693
4597605476,Boreorana sylvatica,-68.300551,44.416856,4.0,2024.0,7.035277843475342,0.962517693638077
4506387836,Boreorana sylvatica,-70.986047,44.088897,4.0,2023.0,6.5911664962768555,0.9951086404017929
4506230401,Boreorana sylvatica,-70.766583,43.201345,5.0,2020.0,8.294333457946777,0.4070277238420845
4458607373,Boreorana sylvatica,-70.134414,43.858492,9.0,2019.0,7.3495001792907715,0.8633704505001455
4454091549,Boreorana sylvatica,-68.931222,44.829044,3.0,2023.0,6.423500061035156,0.9714306089035154
4453694362,Boreorana sylvatica,-70.555778,44.116586,5.0,2020.0,6.417333602905273,0.970198902104964
4442591914,Boreorana sylvatica,-69.12972,45.025883,40.0,2023.0,5.7885003089904785,0.739099180685691
4442475870,Boreorana sylvatica,-69.086678,44.154602,4.0,2023.0,7.2244791984558105,0.9091851051354921
4442471865,Boreorana sylvatica,-70.119072,44.22758,4.0,2023.0,6.75266695022583,0.9992970845109465
4442379811,Boreorana sylvatica,-68.819023,44.831827,188.0,2023.0,6.762666702270508,0.9989446430611956
4442361910,Boreorana sylvatica,-68.8749,45.91183,4.0,2023.0,3.36899995803833,0.018598840287543335
4442349865,Boreorana sylvatica,-68.210944,44.364158,18.0,2023.0,6.523499965667725,0.9878697802814822
4440968064,Boreorana sylvatica,-70.272112,43.752962,6.0,2023.0,7.379166603088379,0.8514449992778872
4440709536,Boreorana sylvatica,-70.289777,43.6767,61.0,2023.0,7.834469795227051,0.635597401658587
4438756856,Boreorana sylvatica,-68.210583,44.364109,6.0,2023.0,6.523499965667725,0.9878697802814822
4436411016,Boreorana sylvatica,-69.987604,43.922395,58.0,2023.0,7.442666530609131,0.8247243911863377
4436398022,Boreorana sylvatica,-68.308075,44.240136,5.0,2023.0,7.106249809265137,0.9449839915549946
4436300803,Boreorana sylvatica,-70.392628,43.480913,29.0,2023.0,7.868287086486816,0.618278626989564
4431288399,Boreorana sylvatica,-70.588437,44.571603,31.0,2023.0,5.259999752044678,0.4725799740448752
4431009343,Boreorana sylvatica,-70.553748,44.132625,8.0,2023.0,6.455333232879639,0.9773914067586195
4430575089,Boreorana sylvatica,-69.336432,44.602104,9.0,2023.0,6.595666885375977,0.9954764246451445
4430549364,Boreorana sylvatica,-70.321253,43.980455,167.0,2023.0,6.962166786193848,0.977234659196392
4430545511,Boreorana sylvatica,-69.086089,45.750912,4.0,2023.0,4.038333415985107,0.07828726949974733
4421176918,Boreorana sylvatica,-69.094855,44.162006,4.0,2023.0,7.2244791984558105,0.9091851051354921
4421053412,Boreorana sylvatica,-70.321237,44.412063,4.0,2023.0,6.188666820526123,0.908018656846692
4420783703,Boreorana sylvatica,-68.599517,44.310777,7.0,2023.0,7.094791889190674,0.9480238865921385
4420747103,Boreorana sylvatica,-70.646653,43.520233,4.0,2023.0,7.513166904449463,0.793356471353334
4417134562,Boreorana sylvatica,-68.758592,44.863945,5.0,2023.0,6.592499732971191,0.995219083688489
4417102058,Boreorana sylvatica,-70.432188,43.58173,35.0,2023.0,7.587833404541016,0.7584913245989314
4416969332,Boreorana sylvatica,-70.747793,43.432352,5.0,2023.0,7.827166557312012,0.6393322165254014
4416892006,Boreorana sylvatica,-70.081474,43.861704,4.0,2023.0,7.436166763305664,0.8275300494748541
4416849780,Boreorana sylvatica,-70.080972,43.861191,4.0,2023.0,7.436166763305664,0.8275300494748541
4416704612,Boreorana sylvatica,-70.66942,43.370558,32.0,2023.0,7.914666652679443,0.5945004897972804
4416650300,Boreorana sylvatica,-69.13106,44.195612,14.0,2023.0,7.0395002365112305,0.9615623409840321
4416637542,Boreorana sylvatica,-69.662984,43.846279,4.0,2023.0,7.671229839324951,0.7179681522150267
4414207880,Boreorana sylvatica,-69.307351,44.454637,158.0,2023.0,6.458333492279053,0.9779185702621952
4414174217,Boreorana sylvatica,-69.412308,45.622264,31.0,2023.0,2.7136666774749756,0.0033390051731060797
4414073241,Boreorana sylvatica,-68.688715,44.88339,20.0,2023.0,6.562333106994629,0.992414618768171
4414032366,Boreorana sylvatica,-70.473997,43.435345,29.0,2023.0,7.814666748046875,0.6457183920865812
4413964470,Boreorana sylvatica,-69.070497,44.594731,1.0,2023.0,6.49066686630249,0.9832163403548442
4413862495,Boreorana sylvatica,-69.152553,44.661769,31.0,2023.0,6.125666618347168,0.8857635454212135
4413826381,Boreorana sylvatica,-70.283025,43.706247,8.0,2023.0,7.834469795227051,0.635597401658587
4413793391,Boreorana sylvatica,-70.868805,44.048481,4.0,2023.0,6.543333530426025,0.9903217388394729
4413717306,Boreorana sylvatica,-69.152197,44.659889,22.0,2023.0,6.125666618347168,0.8857635454212135
4413715767,Boreorana sylvatica,-68.893453,46.956127,5.0,2023.0,2.378000020980835,0.001230139477843474
4413555249,Boreorana sylvatica,-70.049089,44.231997,7.0,2023.0,6.782500267028809,0.9980349328879097
4413507163,Boreorana sylvatica,-70.712355,44.969558,12.0,2023.0,3.6579997539520264,0.035979773056626634
4413495877,Boreorana sylvatica,-70.30867,44.424438,10.0,2023.0,6.275833606719971,0.9353504771187209
4413460077,Boreorana sylvatica,-68.956116,44.669922,18.0,2023.0,6.495999813079834,0.9840222531278978
4407599305,Boreorana sylvatica,-70.459923,43.388626,9.0,2023.0,7.92549991607666,0.5889490414618104
4407113516,Boreorana sylvatica,-70.453827,43.39563,5.0,2023.0,7.9071431159973145,0.5983571161380773
4405445539,Boreorana sylvatica,-69.051583,44.266153,6.0,2020.0,6.795333385467529,0.9972973475657342
4405312485,Boreorana sylvatica,-70.389487,43.479078,56.0,2023.0,7.868287086486816,0.618278626989564
4405200607,Boreorana sylvatica,-69.750428,43.799042,4.0,2023.0,7.709920406341553,0.6987299827811662
4405143814,Boreorana sylvatica,-70.543992,44.743163,4.0,2023.0,4.17549991607666,0.10102799250418264
4400463005,Boreorana sylvatica,-70.64663,43.520242,4.0,2023.0,7.513166904449463,0.793356471353334
4400452742,Boreorana sylvatica,-70.646597,43.520205,4.0,2023.0,7.513166904449463,0.793356471353334
4400441692,Boreorana sylvatica,-69.827347,44.312042,4.0,2023.0,7.05316686630249,0.9583929140426425
4400371777,Boreorana sylvatica,-69.502937,43.951222,7.0,2023.0,7.555166721343994,0.7739315944404805
4400086665,Boreorana sylvatica,-70.807146,45.378272,7.0,2023.0,3.5180001258850098,0.02633127349362779
4177350586,Boreorana sylvatica,-69.988328,43.801155,131.0,2023.0,7.667778015136719,0.7196726215540257
4177297508,Boreorana sylvatica,-69.086349,44.154602,35.0,2023.0,7.2244791984558105,0.9091851051354921
4177276326,Boreorana sylvatica,-70.450158,43.914995,13.0,2023.0,6.956833362579346,0.9781707720592744
4177214216,Boreorana sylvatica,-68.33074,44.402233,16.0,2023.0,7.011833190917969,0.9676152358473838
4177169263,Boreorana sylvatica,-68.32033,44.392642,61.0,2022.0,7.011833190917969,0.9676152358473838
4177001254,Boreorana sylvatica,-68.633897,44.043789,4.0,2023.0,7.120573043823242,0.9410734202072206
4172262854,Boreorana sylvatica,-69.041535,44.312853,184.0,2023.0,7.0291666984558105,0.9638803229845452
4172242077,Boreorana sylvatica,-67.954052,44.85226,127.0,2023.0,6.0261664390563965,0.8468136036758368
4172161438,Boreorana sylvatica,-68.210804,44.364143,59.0,2023.0,6.523499965667725,0.9878697802814822
4172137837,Boreorana sylvatica,-69.077255,45.756163,4.0,2023.0,4.387166500091553,0.14584324580516836
4172086951,Boreorana sylvatica,-68.474983,45.85298,4.0,2023.0,4.785666465759277,0.26689139713700555
4171881999,Boreorana sylvatica,-70.274855,43.695238,4.0,2023.0,7.834469795227051,0.635597401658587
4171837472,Boreorana sylvatica,-68.210715,44.364149,4.0,2023.0,6.523499965667725,0.9878697802814822
4165778107,Boreorana sylvatica,-69.661572,43.874608,8.0,2023.0,7.671229839324951,0.7179681522150267
4165422596,Boreorana sylvatica,-68.407272,44.332729,183.0,2022.0,7.01649284362793,0.9666301822196589
4162415963,Boreorana sylvatica,-70.559162,43.3347,84.0,2023.0,8.045666694641113,0.5277628728789694
4162334296,Boreorana sylvatica,-69.820088,43.803383,25.0,2023.0,7.709868431091309,0.6987559790417311
4162305952,Boreorana sylvatica,-70.289108,44.363645,4.0,2023.0,6.39900016784668,0.9663910208650349
4162220650,Boreorana sylvatica,-70.560585,43.950012,165.0,2023.0,7.019999980926514,0.9658795468889494
4153481919,Boreorana sylvatica,-67.958082,44.851831,20.0,2023.0,6.0261664390563965,0.8468136036758368
4153377593,Boreorana sylvatica,-68.503842,45.411117,43.0,2023.0,5.666500091552734,0.6785208195960523
4145825461,Boreorana sylvatica,-69.1519,44.158611,4.0,2023.0,7.0995001792907715,0.9467843022388397
4145536762,Boreorana sylvatica,-69.373458,45.501322,10.0,2023.0,3.7071666717529297,0.04001585675488886
4138710323,Boreorana sylvatica,-70.050767,44.420513,3.0,2023.0,6.280666828155518,0.9367409668108675
4138376310,Boreorana sylvatica,-68.72008,45.407048,40.0,2023.0,5.49066686630249,0.5887196941494308
4138097554,Boreorana sylvatica,-69.075381,46.008037,84.0,2023.0,2.9728331565856934,0.006831588395447635
4138061420,Boreorana sylvatica,-70.138088,44.67361,9.0,2023.0,5.76633358001709,0.7282795476865406
4137933538,Boreorana sylvatica,-69.977517,43.806442,10.0,2023.0,7.667778015136719,0.7196726215540257
4134141556,Boreorana sylvatica,-70.480348,43.970674,87.0,2023.0,6.802999973297119,0.9968009874437012
4134028043,Boreorana sylvatica,-69.083587,44.200324,166.0,2023.0,7.210999965667725,0.9136578916329369
4133906578,Boreorana sylvatica,-69.036469,45.874358,5.0,2022.0,4.179499626159668,0.10176150795068054
4129725476,Boreorana sylvatica,-70.554115,43.545227,23.0,2023.0,7.503166675567627,0.7979046973948891
4127360321,Boreorana sylvatica,-70.940042,44.050939,4.0,2023.0,6.67383337020874,0.9995754141414777
4111673817,Boreorana sylvatica,-68.636833,44.530411,4.0,2022.0,6.7223334312438965,0.999929701941913
4103182511,Boreorana sylvatica,-70.253792,44.593111,5.0,2023.0,5.680833339691162,0.6857503285786086
4103124576,Boreorana sylvatica,-69.601529,44.903383,4.0,2023.0,5.820333480834961,0.7544552291073948
4102663501,Boreorana sylvatica,-68.312061,44.402622,3.0,2023.0,7.011833190917969,0.9676152358473838
4096861651,Boreorana sylvatica,-70.259912,43.810003,14.0,2023.0,7.257833480834961,0.8977098856590412
4096851697,Boreorana sylvatica,-70.278076,43.819763,74.0,2023.0,7.257833480834961,0.8977098856590412
4096691705,Boreorana sylvatica,-70.276901,43.820313,35.0,2023.0,7.257833480834961,0.8977098856590412
4096660398,Boreorana sylvatica,-69.838463,44.475687,38.0,2023.0,6.562666416168213,0.9924490883316359
4096401733,Boreorana sylvatica,-70.041718,43.893966,39.0,2023.0,7.2823333740234375,0.8889229506401934
4096393737,Boreorana sylvatica,-70.277061,43.820129,35.0,2023.0,7.257833480834961,0.8977098856590412
4091953692,Boreorana sylvatica,-70.277603,43.819519,49.0,2023.0,7.257833480834961,0.8977098856590412
4091942839,Boreorana sylvatica,-70.175587,44.11317,8.0,2023.0,7.293666362762451,0.8847590985409538
4091931596,Boreorana sylvatica,-68.75722,44.888177,3.0,2023.0,6.487833023071289,0.9827802320728337
4091909771,Boreorana sylvatica,-69.329343,44.6042,113.0,2023.0,6.544333457946777,0.9904381447327787
4091907601,Boreorana sylvatica,-68.689274,45.052018,16.0,2023.0,6.138499736785889,0.8904570532480948
4091890809,Boreorana sylvatica,-70.175551,44.113535,15.0,2023.0,7.293666362762451,0.8847590985409538
4091875697,Boreorana sylvatica,-68.690619,45.051861,7.0,2023.0,6.138499736785889,0.8904570532480948
4091870280,Boreorana sylvatica,-69.838546,44.475524,2.0,2023.0,6.562666416168213,0.9924490883316359
4091866541,Boreorana sylvatica,-70.276672,43.820496,60.0,2023.0,7.257833480834961,0.8977098856590412
4091844559,Boreorana sylvatica,-70.647873,44.289452,39.0,2023.0,6.017333507537842,0.8431514485220939
4091835274,Boreorana sylvatica,-69.838593,44.475517,2.0,2023.0,6.562666416168213,0.9924490883316359
4091819586,Boreorana sylvatica,-68.694601,45.051013,7.0,2023.0,6.138499736785889,0.8904570532480948
4091787023,Boreorana sylvatica,-68.765105,44.967908,8.0,2023.0,6.2838335037231445,0.9376446335874538
4091777606,Boreorana sylvatica,-68.692057,45.051463,7.0,2023.0,6.138499736785889,0.8904570532480948
4091746262,Boreorana sylvatica,-69.838505,44.475503,2.0,2023.0,6.562666416168213,0.9924490883316359
4091736759,Boreorana sylvatica,-70.175542,44.113578,19.0,2023.0,7.293666362762451,0.8847590985409538
4091727652,Boreorana sylvatica,-69.318171,44.615478,152.0,2023.0,6.544333457946777,0.9904381447327787
4091723387,Boreorana sylvatica,-69.370572,44.848697,4.0,2023.0,6.061999797821045,0.8613413085143629
4091661782,Boreorana sylvatica,-70.04172,43.894069,41.0,2023.0,7.2823333740234375,0.8889229506401934
4091628794,Boreorana sylvatica,-70.177864,44.108929,31.0,2023.0,7.293666362762451,0.8847590985409538
4091555855,Boreorana sylvatica,-70.176258,44.110213,15.0,2023.0,7.293666362762451,0.8847590985409538
4091537825,Boreorana sylvatica,-70.175574,44.11351,8.0,2023.0,7.293666362762451,0.8847590985409538
4091523849,Boreorana sylvatica,-70.177805,44.108931,31.0,2023.0,7.293666362762451,0.8847590985409538
4091519777,Boreorana sylvatica,-70.175572,44.113487,15.0,2023.0,7.293666362762451,0.8847590985409538
4091509647,Boreorana sylvatica,-70.287848,43.676675,34.0,2023.0,7.834469795227051,0.635597401658587
4091508592,Boreorana sylvatica,-68.689311,45.051988,8.0,2023.0,6.138499736785889,0.8904570532480948
4091461861,Boreorana sylvatica,-68.054202,44.352896,77.0,2023.0,6.8611979484558105,0.9916818299613073
4091459800,Boreorana sylvatica,-70.233897,43.641937,6.0,2023.0,8.066319465637207,0.5173684206750608
4091450012,Boreorana sylvatica,-70.578823,45.462741,136.0,2022.0,2.877333402633667,0.005276946495943994
4091424847,Boreorana sylvatica,-70.177735,44.108897,27.0,2023.0,7.293666362762451,0.8847590985409538
4091407816,Boreorana sylvatica,-70.177693,44.108905,31.0,2023.0,7.293666362762451,0.8847590985409538
4091407815,Boreorana sylvatica,-70.177886,44.108826,31.0,2023.0,7.293666362762451,0.8847590985409538
4091398835,Boreorana sylvatica,-70.177805,44.108894,31.0,2023.0,7.293666362762451,0.8847590985409538
4091388676,Boreorana sylvatica,-68.690475,45.051737,5.0,2023.0,6.138499736785889,0.8904570532480948
4080957865,Boreorana sylvatica,-70.281775,43.703247,22.0,2023.0,7.834469795227051,0.635597401658587
4080947037,Boreorana sylvatica,-68.070695,44.373685,122.0,2023.0,6.8611979484558105,0.9916818299613073
4080934011,Boreorana sylvatica,-70.356286,43.570064,4.0,2023.0,7.8378472328186035,0.633869423152554
4080540001,Boreorana sylvatica,-70.259357,43.81402,4.0,2023.0,7.257833480834961,0.8977098856590412
4080537024,Boreorana sylvatica,-70.239425,43.717095,4.0,2023.0,7.533522605895996,0.7840052579760317
4080451927,Boreorana sylvatica,-69.331505,44.60602,97.0,2023.0,6.544333457946777,0.9904381447327787
4075989145,Boreorana sylvatica,-68.30487,44.404791,4.0,2023.0,7.011833190917969,0.9676152358473838
4046321650,Boreorana sylvatica,-68.636856,44.530342,4.0,2022.0,6.7223334312438965,0.999929701941913
3988591551,Boreorana sylvatica,-69.843493,44.046559,84.0,2022.0,7.247833251953125,0.9012102890368212
3988540639,Boreorana sylvatica,-70.658395,43.263138,5.0,2021.0,8.127500534057617,0.4868904906705305
3988447458,Boreorana sylvatica,-70.869291,44.048241,61.0,2022.0,6.543333530426025,0.9903217388394729
3966584714,Boreorana sylvatica,-68.7447,44.826108,35.0,2022.0,6.86566686630249,0.991190630901699
3960969540,Boreorana sylvatica,-68.707345,44.844995,4.0,2022.0,6.613666534423828,0.9968044983619784
3925503420,Boreorana sylvatica,-69.242338,45.251098,46.0,2022.0,5.281000137329102,0.48288871490669766
3925141119,Boreorana sylvatica,-68.207747,44.362247,191.0,2022.0,6.956127166748047,0.9782932984675434
3923628314,Boreorana sylvatica,-69.384628,44.448475,4.0,2022.0,6.376500129699707,0.9614224584841633
3903654922,Boreorana sylvatica,-69.083587,44.200324,166.0,2022.0,7.210999965667725,0.9136578916329369
3903488524,Boreorana sylvatica,-69.514267,44.515228,3.0,2022.0,6.708333492279053,0.9999999997534246
3903309736,Boreorana sylvatica,-68.030486,44.619987,4.0,2022.0,6.503833293914795,0.9851709340467185
3902876808,Boreorana sylvatica,-69.086158,45.750637,20.0,2022.0,4.038333415985107,0.07828726949974733
3902554468,Boreorana sylvatica,-68.75605,44.960541,17.0,2022.0,6.2838335037231445,0.9376446335874538
3902458251,Boreorana sylvatica,-69.925653,43.92995,10.0,2022.0,7.578666687011719,0.762851434930586
3902429182,Boreorana sylvatica,-70.619355,43.220478,10.0,2022.0,8.272282600402832,0.41725686623162933
3902308851,Boreorana sylvatica,-70.906167,43.305772,10.0,2022.0,7.94083309173584,0.5810968162675092
3902265189,Boreorana sylvatica,-68.169703,46.13031,9.0,2022.0,3.9236667156219482,0.0626074336960433
3892664154,Boreorana sylvatica,-69.526098,45.539785,8.0,2022.0,3.8286666870117188,0.05165559369953249
3892658825,Boreorana sylvatica,-70.650041,43.194581,40.0,2022.0,8.319499969482422,0.3954913603211762
3892633651,Boreorana sylvatica,-69.979202,43.974792,35.0,2022.0,7.333333492279053,0.8697090682990878
3892584536,Boreorana sylvatica,-70.141359,44.677677,16.0,2022.0,5.76633358001709,0.7282795476865406
3892420255,Boreorana sylvatica,-69.52578,45.539725,15.0,2022.0,3.8286666870117188,0.05165559369953249
3892397794,Boreorana sylvatica,-70.451805,43.915287,4.0,2022.0,6.956833362579346,0.9781707720592744
3892388636,Boreorana sylvatica,-69.556655,45.666992,61.0,2022.0,3.815833330154419,0.0503062100748889
3892371176,Boreorana sylvatica,-70.296217,44.095917,4.0,2022.0,6.826833248138428,0.9949925585234978
3892300055,Boreorana sylvatica,-70.296263,44.09599,4.0,2022.0,6.826833248138428,0.9949925585234978
3889002652,Boreorana sylvatica,-68.777357,44.83029,15.0,2022.0,7.00333309173584,0.9693760007603665
3881644746,Boreorana sylvatica,-70.514076,43.402317,39.0,2022.0,7.984833240509033,0.5586191011826489
3881490918,Boreorana sylvatica,-68.211431,44.366597,31.0,2022.0,6.523499965667725,0.9878697802814822
3881346730,Boreorana sylvatica,-70.806495,44.572517,4.0,2022.0,4.732166767120361,0.2477220033629753
3873966304,Boreorana sylvatica,-68.403372,44.333721,15.0,2022.0,7.1307291984558105,0.9382270110481221
3873890009,Boreorana sylvatica,-69.657447,44.557147,8.0,2022.0,6.94350004196167,0.9804277366040979
3873748226,Boreorana sylvatica,-70.78885,43.196855,169.0,2022.0,8.294333457946777,0.4070277238420845
3873083040,Boreorana sylvatica,-70.731078,44.815945,32.0,2022.0,3.3244998455047607,0.01671307509126136
3873016797,Boreorana sylvatica,-68.320747,44.384335,4.0,2022.0,7.011833190917969,0.9676152358473838
3860167625,Boreorana sylvatica,-69.751175,44.318253,4.0,2022.0,7.302666664123535,0.8814085573923977
3860013473,Boreorana sylvatica,-69.691803,45.475167,10.0,2022.0,3.429499864578247,0.021459669121943303
3859820253,Boreorana sylvatica,-70.69232,43.222565,196.0,2022.0,8.121500015258789,0.48985648334547366
3859181913,Boreorana sylvatica,-68.302731,44.403485,39.0,2022.0,7.011833190917969,0.9676152358473838
3859153559,Boreorana sylvatica,-68.749173,44.820467,7.0,2022.0,6.86566686630249,0.991190630901699
3858413921,Boreorana sylvatica,-69.49057,45.514133,7.0,2022.0,3.738166570663452,0.042752263578508844
3802799486,Boreorana sylvatica,-68.930991,44.823714,3.0,2022.0,6.423500061035156,0.9714306089035154
3784730846,Boreorana sylvatica,-68.930158,44.830146,6.0,2022.0,6.423500061035156,0.9714306089035154
3773770497,Boreorana sylvatica,-69.764519,44.300278,2.0,2022.0,7.302666664123535,0.8814085573923977
3773567435,Boreorana sylvatica,-69.764546,44.300245,2.0,2022.0,7.302666664123535,0.8814085573923977
3773280404,Boreorana sylvatica,-70.986,44.091911,19.0,2022.0,6.5911664962768555,0.9951086404017929
3773250636,Boreorana sylvatica,-70.057878,43.840305,36.0,2022.0,7.436166763305664,0.8275300494748541
3773095793,Boreorana sylvatica,-69.09183,44.186669,184.0,2022.0,7.210999965667725,0.9136578916329369
3772983895,Boreorana sylvatica,-69.09183,44.186669,184.0,2022.0,7.210999965667725,0.9136578916329369
3772954463,Boreorana sylvatica,-67.175282,44.843548,188.0,2022.0,6.197999954223633,0.9111430206557489
3772630164,Boreorana sylvatica,-68.311322,44.400533,31.0,2016.0,7.011833190917969,0.9676152358473838
3764510068,Boreorana sylvatica,-67.231564,44.755644,36.0,2022.0,6.193166732788086,0.9095307782425718
3764456101,Boreorana sylvatica,-70.056975,43.839245,18.0,2022.0,7.436166763305664,0.8275300494748541
3760344186,Boreorana sylvatica,-70.569312,44.210257,38.0,2022.0,6.454833507537842,0.9773030188340744
3760343627,Boreorana sylvatica,-68.930709,44.825737,10.0,2022.0,6.423500061035156,0.9714306089035154
3760331608,Boreorana sylvatica,-69.844005,44.049299,17.0,2022.0,7.247833251953125,0.9012102890368212
3760330253,Boreorana sylvatica,-70.691117,43.282445,26.0,2022.0,8.07349967956543,0.5137661252955804
3760324675,Boreorana sylvatica,-68.930832,44.825437,10.0,2022.0,6.423500061035156,0.9714306089035154
3760315957,Boreorana sylvatica,-68.931532,44.820866,9.0,2022.0,6.423500061035156,0.9714306089035154
3760313612,Boreorana sylvatica,-69.568213,44.647205,32.0,2022.0,6.509500026702881,0.9859757704943025
3760294604,Boreorana sylvatica,-68.929709,44.829106,3.0,2022.0,6.423500061035156,0.9714306089035154
3760273529,Boreorana sylvatica,-68.930471,44.82591,3.0,2022.0,6.423500061035156,0.9714306089035154
3760268533,Boreorana sylvatica,-70.28233,43.789127,138.0,2022.0,7.379166603088379,0.8514449992778872
3760255678,Boreorana sylvatica,-70.21967,43.620483,7.0,2022.0,7.891848087310791,0.6061991692702693
3760168381,Boreorana sylvatica,-70.856933,44.567139,33.0,2022.0,5.023333549499512,0.36257328950597617
3760139339,Boreorana sylvatica,-70.854361,44.563367,92.0,2022.0,5.023333549499512,0.36257328950597617
3760081508,Boreorana sylvatica,-70.086539,43.903183,16.0,2022.0,7.24233341217041,0.9031137135396968
3760048361,Boreorana sylvatica,-69.94265,44.331997,35.0,2022.0,6.906833171844482,0.9860151435100578
3760036534,Boreorana sylvatica,-68.931012,44.82469,3.0,2022.0,6.423500061035156,0.9714306089035154
3760004818,Boreorana sylvatica,-68.669147,44.915757,36.0,2022.0,6.562333106994629,0.992414618768171
3759995581,Boreorana sylvatica,-68.931018,44.824734,5.0,2022.0,6.423500061035156,0.9714306089035154
3759994647,Boreorana sylvatica,-68.666646,44.90555,22.0,2022.0,6.609499931335449,0.9965174389063005
3759994025,Boreorana sylvatica,-68.668822,44.915622,9.0,2022.0,6.562333106994629,0.992414618768171
3759981543,Boreorana sylvatica,-70.281614,43.703304,97.0,2022.0,7.834469795227051,0.635597401658587
3759964048,Boreorana sylvatica,-68.758752,44.887498,13.0,2022.0,6.487833023071289,0.9827802320728337
3759949554,Boreorana sylvatica,-68.929765,44.828689,3.0,2022.0,6.423500061035156,0.9714306089035154
3759943382,Boreorana sylvatica,-70.85512,44.564121,142.0,2022.0,5.023333549499512,0.36257328950597617
3759940790,Boreorana sylvatica,-69.618263,44.134895,4.0,2022.0,7.195333003997803,0.9187343624537847
3759768589,Boreorana sylvatica,-68.929889,44.828519,3.0,2022.0,6.423500061035156,0.9714306089035154
3759755965,Boreorana sylvatica,-68.775253,44.586071,86.0,2022.0,6.803500175476074,0.9967671562745577
3759743844,Boreorana sylvatica,-69.716443,43.941323,4.0,2022.0,7.66226863861084,0.722388728314608
3759737625,Boreorana sylvatica,-69.843926,44.049336,25.0,2022.0,7.247833251953125,0.9012102890368212
3759733571,Boreorana sylvatica,-68.930139,44.827284,3.0,2022.0,6.423500061035156,0.9714306089035154
3759691584,Boreorana sylvatica,-68.929811,44.828751,11.0,2022.0,6.423500061035156,0.9714306089035154
3759681206,Boreorana sylvatica,-68.778638,44.829288,9.0,2022.0,7.00333309173584,0.9693760007603665
3759654580,Boreorana sylvatica,-68.930074,44.827407,3.0,2022.0,6.423500061035156,0.9714306089035154
3759638429,Boreorana sylvatica,-70.057305,43.839347,9.0,2022.0,7.436166763305664,0.8275300494748541
3759606699,Boreorana sylvatica,-70.219912,43.62056,19.0,2022.0,7.891848087310791,0.6061991692702693
3759605272,Boreorana sylvatica,-70.683789,43.214879,180.0,2022.0,8.121500015258789,0.48985648334547366
3759577881,Boreorana sylvatica,-69.498226,44.138329,176.0,2021.0,7.399166584014893,0.8431990598424097
3759569170,Boreorana sylvatica,-68.349197,44.39727,5.0,2021.0,7.105482578277588,0.9451900106858202
3759564523,Boreorana sylvatica,-68.930332,44.826574,3.0,2022.0,6.423500061035156,0.9714306089035154
3759557902,Boreorana sylvatica,-68.241722,44.381939,15.0,2022.0,6.991421699523926,0.9717643652328813
3759534650,Boreorana sylvatica,-69.656783,44.532963,4.0,2022.0,6.932000160217285,0.9822782880217493
3759489549,Boreorana sylvatica,-68.930124,44.830188,3.0,2022.0,6.423500061035156,0.9714306089035154
3759484621,Boreorana sylvatica,-68.930147,44.830229,3.0,2022.0,6.423500061035156,0.9714306089035154
3759478496,Boreorana sylvatica,-70.233011,43.630561,64.0,2022.0,8.066319465637207,0.5173684206750608
3759478430,Boreorana sylvatica,-69.863705,44.656962,4.0,2022.0,6.227166652679443,0.9206068637334827
3759449919,Boreorana sylvatica,-68.667317,44.906834,86.0,2022.0,6.562333106994629,0.992414618768171
3759415671,Boreorana sylvatica,-68.929939,44.82814,4.0,2022.0,6.423500061035156,0.9714306089035154
3759409648,Boreorana sylvatica,-68.930574,44.825509,3.0,2022.0,6.423500061035156,0.9714306089035154
3759394916,Boreorana sylvatica,-68.83683,44.747379,80.0,2022.0,6.64033317565918,0.998350296603159
3759380656,Boreorana sylvatica,-68.754519,44.88832,3.0,2022.0,6.487833023071289,0.9827802320728337
3759368421,Boreorana sylvatica,-70.855867,44.564664,36.0,2022.0,5.023333549499512,0.36257328950597617
3759354973,Boreorana sylvatica,-68.930041,44.829964,3.0,2022.0,6.423500061035156,0.9714306089035154
3759342962,Boreorana sylvatica,-69.718377,43.940882,8.0,2022.0,7.66226863861084,0.722388728314608
3759329550,Boreorana sylvatica,-68.929918,44.828334,3.0,2022.0,6.423500061035156,0.9714306089035154
3759328978,Boreorana sylvatica,-70.233882,43.642,22.0,2022.0,8.066319465637207,0.5173684206750608
3759318698,Boreorana sylvatica,-69.582967,44.068397,15.0,2022.0,7.37766695022583,0.8520567256219692
3759313233,Boreorana sylvatica,-68.629555,44.531228,27.0,2022.0,6.7223334312438965,0.999929701941913
3759308549,Boreorana sylvatica,-68.669875,44.915353,11.0,2022.0,6.562333106994629,0.992414618768171
3759302389,Boreorana sylvatica,-70.855073,44.564073,73.0,2022.0,5.023333549499512,0.36257328950597617
3759301521,Boreorana sylvatica,-68.760398,44.886463,6.0,2022.0,6.487833023071289,0.9827802320728337
3759300590,Boreorana sylvatica,-68.930706,44.825733,10.0,2022.0,6.423500061035156,0.9714306089035154
3759272569,Boreorana sylvatica,-68.757753,44.888025,3.0,2022.0,6.487833023071289,0.9827802320728337
3759259993,Boreorana sylvatica,-68.762031,44.866441,186.0,2022.0,6.592499732971191,0.995219083688489
3759253733,Boreorana sylvatica,-69.667702,44.563859,3.0,2022.0,6.686166763305664,0.9998248487120687
3747233718,Boreorana sylvatica,-69.56803,44.6473,5.0,2022.0,6.509500026702881,0.9859757704943025
3743205766,Boreorana sylvatica,-70.57405,43.914422,4.0,2021.0,7.2804999351501465,0.8895907396345307
3712402527,Boreorana sylvatica,-69.563797,45.878108,3.0,2021.0,3.633666753768921,0.034113731619770965
3705537397,Boreorana sylvatica,-70.176422,44.113208,68.0,2021.0,7.293666362762451,0.8847590985409538
3698219809,Boreorana sylvatica,-70.471017,43.878292,10.0,2021.0,7.081833362579346,0.9513661230439264
3499383641,Boreorana sylvatica,-69.662164,45.927231,40.0,2021.0,3.564666509628296,0.02926463827752496
3469070391,Boreorana sylvatica,-69.444603,45.762081,42.0,2021.0,2.993499994277954,0.0072179987907058304
3468992194,Boreorana sylvatica,-69.558053,44.030106,5.0,2021.0,7.50568151473999,0.7967638292139929
3466237428,Boreorana sylvatica,-69.988717,43.801647,5.0,2021.0,7.667778015136719,0.7196726215540257
3457189056,Boreorana sylvatica,-70.569887,43.913022,23.0,2021.0,7.2804999351501465,0.8895907396345307
3398721414,Boreorana sylvatica,-69.294968,44.599888,154.0,2019.0,6.544333457946777,0.9904381447327787
3398668398,Boreorana sylvatica,-69.339606,44.619686,148.0,2019.0,6.595666885375977,0.9954764246451445
3384765792,Boreorana sylvatica,-69.137329,44.056445,38.0,2021.0,7.346195697784424,0.8646754332947933
3384619479,Boreorana sylvatica,-69.935764,44.369559,10.0,2020.0,6.780666828155518,0.9981307636123363
3384361399,Boreorana sylvatica,-70.144407,43.873124,77.0,2019.0,7.3495001792907715,0.8633704505001455
3384320758,Boreorana sylvatica,-70.091093,43.854513,40.0,2021.0,7.414311408996582,0.8368488814165566
3384196068,Boreorana sylvatica,-69.830107,44.799466,142.0,2021.0,5.746833324432373,0.7186837640237386
3384182099,Boreorana sylvatica,-70.17894,45.58372,97.0,2021.0,3.240000009536743,0.01358942984623783
3384015000,Boreorana sylvatica,-70.172707,44.087048,65.0,2021.0,7.293666362762451,0.8847590985409538
3355761517,Boreorana sylvatica,-69.952385,43.883806,22.0,2021.0,7.652651786804199,0.7271165979580008
3355565541,Boreorana sylvatica,-70.076901,43.849909,147.0,2021.0,7.436166763305664,0.8275300494748541
3355551743,Boreorana sylvatica,-69.870166,44.330133,26.0,2021.0,6.881333351135254,0.9893590479521859
3355491085,Boreorana sylvatica,-69.843889,44.046105,42.0,2021.0,7.247833251953125,0.9012102890368212
3355455043,Boreorana sylvatica,-70.264708,43.817272,13.0,2021.0,7.257833480834961,0.8977098856590412
3355331432,Boreorana sylvatica,-70.080929,43.863809,34.0,2021.0,7.436166763305664,0.8275300494748541
3355250394,Boreorana sylvatica,-70.08477,43.862477,80.0,2021.0,7.414311408996582,0.8368488814165566
3355235481,Boreorana sylvatica,-69.952486,43.88379,22.0,2021.0,7.652651786804199,0.7271165979580008
3355052114,Boreorana sylvatica,-69.843902,44.046112,22.0,2021.0,7.247833251953125,0.9012102890368212
3354992046,Boreorana sylvatica,-69.902962,44.444717,17.0,2021.0,6.626833438873291,0.9976308154692048
3344086719,Boreorana sylvatica,-69.321372,45.485172,48.0,2021.0,4.0908331871032715,0.08645103035631838
3343842010,Boreorana sylvatica,-70.785742,43.21698,65.0,2021.0,8.242166519165039,0.43140169027947756
3338022018,Boreorana sylvatica,-69.585067,46.0588,122.0,2021.0,3.330000162124634,0.016936686461925924
3337967548,Boreorana sylvatica,-68.583625,44.431652,4.0,2021.0,6.7786664962768555,0.9982325925338889
3337800439,Boreorana sylvatica,-70.736341,44.381464,10.0,2021.0,5.83050012588501,0.7593105701482719
3335546496,Boreorana sylvatica,-70.220495,43.614026,103.0,2021.0,7.891848087310791,0.6061991692702693
3335438096,Boreorana sylvatica,-68.630858,44.40583,50.0,2021.0,7.007166385650635,0.9685877430982267
3335302590,Boreorana sylvatica,-70.263183,43.819163,4.0,2021.0,7.257833480834961,0.8977098856590412
3335169941,Boreorana sylvatica,-69.892997,44.685073,4.0,2021.0,6.074999809265137,0.8664766317193737
3335164670,Boreorana sylvatica,-69.84333,44.047,33.0,2021.0,7.247833251953125,0.9012102890368212
3335094866,Boreorana sylvatica,-70.304367,43.782059,23.0,2021.0,7.285333156585693,0.8878268282588254
3333539416,Boreorana sylvatica,-69.843421,44.04673,43.0,2021.0,7.247833251953125,0.9012102890368212
3333448509,Boreorana sylvatica,-68.211395,44.365135,28.0,2021.0,6.523499965667725,0.9878697802814822
3333406257,Boreorana sylvatica,-69.843738,44.046132,142.0,2021.0,7.247833251953125,0.9012102890368212
3333360597,Boreorana sylvatica,-69.077113,45.974942,11.0,2021.0,3.123166561126709,0.010123084655753069
3333270411,Boreorana sylvatica,-70.041767,43.893875,39.0,2021.0,7.2823333740234375,0.8889229506401934
3333247612,Boreorana sylvatica,-70.632508,44.289128,4.0,2021.0,6.017333507537842,0.8431514485220939
3333176460,Boreorana sylvatica,-69.843301,44.047058,55.0,2021.0,7.247833251953125,0.9012102890368212
3333064397,Boreorana sylvatica,-69.835989,44.029528,26.0,2021.0,7.473090171813965,0.8113920411096625
3333040194,Boreorana sylvatica,-69.856752,44.010023,130.0,2021.0,7.473090171813965,0.8113920411096625
3330895479,Boreorana sylvatica,-70.093608,46.053166,46.0,2021.0,2.8911666870117188,0.00548026444462505
3330861403,Boreorana sylvatica,-69.543553,45.848339,9.0,2021.0,3.6510000228881836,0.03543429611498085
3330501892,Boreorana sylvatica,-68.656783,44.917153,5.0,2021.0,6.517666816711426,0.9870969923609785
3330494053,Boreorana sylvatica,-69.875466,44.010555,30.0,2021.0,7.3427534103393555,0.8660297479421821
3325687960,Boreorana sylvatica,-70.777467,43.19553,4.0,2021.0,8.294333457946777,0.4070277238420845
3314237862,Boreorana sylvatica,-70.259421,43.596981,38.0,2020.0,7.983833312988281,0.5591287252643514
3314211258,Boreorana sylvatica,-69.199137,44.015014,10.0,2021.0,7.415036201477051,0.8365427418351421
3314183665,Boreorana sylvatica,-70.339805,43.7797,4.0,2021.0,7.260000228881836,0.89694479806006
3307536510,Boreorana sylvatica,-69.843895,44.045913,74.0,2021.0,7.247833251953125,0.9012102890368212
3307460375,Boreorana sylvatica,-69.8439,44.045909,49.0,2021.0,7.247833251953125,0.9012102890368212
3307458464,Boreorana sylvatica,-69.843864,44.045918,129.0,2021.0,7.247833251953125,0.9012102890368212
3307384549,Boreorana sylvatica,-69.092217,44.121042,16.0,2021.0,7.386029243469238,0.8486338419473529
3307328346,Boreorana sylvatica,-69.875757,44.010494,119.0,2021.0,7.3427534103393555,0.8660297479421821
3307297539,Boreorana sylvatica,-69.843163,44.047308,113.0,2021.0,7.247833251953125,0.9012102890368212
3307289598,Boreorana sylvatica,-69.875323,44.01053,111.0,2021.0,7.3427534103393555,0.8660297479421821
3307278628,Boreorana sylvatica,-69.843701,44.046184,85.0,2021.0,7.247833251953125,0.9012102890368212
3307271265,Boreorana sylvatica,-69.81153,44.073972,43.0,2021.0,7.3488335609436035,0.86363409076504
3307268850,Boreorana sylvatica,-69.843593,44.046341,121.0,2021.0,7.247833251953125,0.9012102890368212
3307258334,Boreorana sylvatica,-68.630905,44.405517,10.0,2021.0,7.007166385650635,0.9685877430982267
3307243387,Boreorana sylvatica,-69.843922,44.04582,67.0,2021.0,7.247833251953125,0.9012102890368212
3307230028,Boreorana sylvatica,-68.189304,46.607666,3.0,2021.0,3.4809999465942383,0.024189208915710296
3307203777,Boreorana sylvatica,-70.228997,43.817253,29.0,2021.0,7.369333267211914,0.8554391004229459
3307201881,Boreorana sylvatica,-68.581047,44.431408,165.0,2021.0,6.809999942779541,0.9963114506198556
3307199074,Boreorana sylvatica,-69.843787,44.046096,94.0,2021.0,7.247833251953125,0.9012102890368212
3307151930,Boreorana sylvatica,-70.903808,45.000064,5.0,2021.0,3.2323334217071533,0.013333344811342993
3307142119,Boreorana sylvatica,-69.843369,44.04681,163.0,2021.0,7.247833251953125,0.9012102890368212
3307122172,Boreorana sylvatica,-69.843404,44.046737,65.0,2021.0,7.247833251953125,0.9012102890368212
3307118280,Boreorana sylvatica,-69.843876,44.04594,92.0,2021.0,7.247833251953125,0.9012102890368212
3302370038,Boreorana sylvatica,-69.842049,44.049858,8.0,2015.0,7.247833251953125,0.9012102890368212
3302347302,Boreorana sylvatica,-69.843875,44.046051,2.0,2020.0,7.247833251953125,0.9012102890368212
3302265093,Boreorana sylvatica,-69.843917,44.046014,4.0,2020.0,7.247833251953125,0.9012102890368212
3302146834,Boreorana sylvatica,-70.174676,44.112122,31.0,2017.0,7.293666362762451,0.8847590985409538
3302058781,Boreorana sylvatica,-69.966203,44.203828,10.0,2016.0,7.019499778747559,0.965987089082437
3302035479,Boreorana sylvatica,-69.84194,44.051369,4.0,2015.0,7.247833251953125,0.9012102890368212
3301961949,Boreorana sylvatica,-69.842023,44.050038,2.0,2015.0,7.247833251953125,0.9012102890368212
3301911771,Boreorana sylvatica,-69.091439,44.232033,5.0,2021.0,7.1670002937316895,0.9275732782036848
3113575350,Boreorana sylvatica,-70.534111,43.367184,9.0,2020.0,8.057539939880371,0.5217813015633419
3113318002,Boreorana sylvatica,-69.269119,44.874972,4.0,2021.0,6.274166584014893,0.9348677433304584
3112624120,Boreorana sylvatica,-69.167301,44.503245,39.0,2021.0,6.323333263397217,0.948418780219129
3109288763,Boreorana sylvatica,-70.04167,43.894007,44.0,2021.0,7.2823333740234375,0.8889229506401934
3097424542,Boreorana sylvatica,-70.041475,43.894242,44.0,2021.0,7.3520002365112305,0.8623799822522191
3097344487,Boreorana sylvatica,-70.041478,43.894263,22.0,2021.0,7.3520002365112305,0.8623799822522191
3097293059,Boreorana sylvatica,-70.041651,43.894057,44.0,2021.0,7.3520002365112305,0.8623799822522191
3097250368,Boreorana sylvatica,-70.041516,43.89421,44.0,2021.0,7.3520002365112305,0.8623799822522191
3097204538,Boreorana sylvatica,-68.670133,44.919833,20.0,2021.0,6.475833415985107,0.9808733308693736
3097152903,Boreorana sylvatica,-69.799008,43.874496,82.0,2021.0,7.694675922393799,0.7063379090246801
3097024673,Boreorana sylvatica,-70.0868,43.902472,4.0,2021.0,7.24233341217041,0.9031137135396968
3096998768,Boreorana sylvatica,-68.625458,44.519525,8.0,2021.0,6.7223334312438965,0.999929701941913
3090793783,Boreorana sylvatica,-67.764293,45.201622,11.0,2021.0,5.727499961853027,0.7091046594806965
3090691258,Boreorana sylvatica,-68.993159,44.493795,22.0,2021.0,6.820000171661377,0.9955520292533867
3090689862,Boreorana sylvatica,-70.041486,43.89421,42.0,2021.0,7.3520002365112305,0.8623799822522191
3090672049,Boreorana sylvatica,-70.086769,43.90245,4.0,2021.0,7.24233341217041,0.9031137135396968
3090655769,Boreorana sylvatica,-67.777538,45.221037,17.0,2021.0,5.627999782562256,0.6589976616712555
3090531279,Boreorana sylvatica,-70.95005,44.195308,4.0,2021.0,6.549833297729492,0.9910659896143434
3079904947,Boreorana sylvatica,-70.041723,43.893907,94.0,2021.0,7.2823333740234375,0.8889229506401934
3079891042,Boreorana sylvatica,-68.66943,44.918658,11.0,2021.0,6.475833415985107,0.9808733308693736
3079880624,Boreorana sylvatica,-70.041575,43.894139,41.0,2021.0,7.3520002365112305,0.8623799822522191
3079858413,Boreorana sylvatica,-70.041746,43.893887,35.0,2021.0,7.2823333740234375,0.8889229506401934
3079834127,Boreorana sylvatica,-67.602514,45.20638,179.0,2021.0,5.860499858856201,0.7734874871644729
3079741131,Boreorana sylvatica,-70.041287,43.894444,73.0,2021.0,7.3520002365112305,0.8623799822522191
3079630696,Boreorana sylvatica,-70.041594,43.894108,24.0,2021.0,7.3520002365112305,0.8623799822522191
3079623761,Boreorana sylvatica,-67.765237,44.621027,71.0,2021.0,6.561174392700195,0.992294185255774
3079597403,Boreorana sylvatica,-70.041621,43.89407,3.0,2021.0,7.3520002365112305,0.8623799822522191
3079585671,Boreorana sylvatica,-70.041571,43.894141,44.0,2021.0,7.3520002365112305,0.8623799822522191
3079584399,Boreorana sylvatica,-70.041618,43.894075,15.0,2021.0,7.3520002365112305,0.8623799822522191
3079522286,Boreorana sylvatica,-70.041591,43.894103,40.0,2021.0,7.3520002365112305,0.8623799822522191
3070660006,Boreorana sylvatica,-69.949395,43.885238,64.0,2021.0,7.652651786804199,0.7271165979580008
3070627533,Boreorana sylvatica,-69.386712,44.448038,5.0,2021.0,6.376500129699707,0.9614224584841633
3070517521,Boreorana sylvatica,-70.480812,43.355025,4.0,2021.0,8.032675743103027,0.5343244374656093
3070436916,Boreorana sylvatica,-70.041566,43.894138,39.0,2021.0,7.3520002365112305,0.8623799822522191
3070375438,Boreorana sylvatica,-68.286955,44.383675,10.0,2021.0,6.910666465759277,0.9854738478354123
3070364043,Boreorana sylvatica,-69.318083,44.61652,51.0,2021.0,6.544333457946777,0.9904381447327787
3067602128,Boreorana sylvatica,-70.548538,43.34082,21.0,2020.0,8.045666694641113,0.5277628728789694
3059112762,Boreorana sylvatica,-68.985342,45.895761,4.0,2006.0,2.928333282470703,0.006062065913443116
2980828318,Boreorana sylvatica,-68.296208,44.407819,61.0,2018.0,7.011833190917969,0.9676152358473838
2898444290,Boreorana sylvatica,-70.171608,45.151486,20.0,2020.0,3.945666790008545,0.06539812893699477
2874023632,Boreorana sylvatica,-70.341208,43.780572,10.0,2020.0,7.260000228881836,0.89694479806006
2873989692,Boreorana sylvatica,-68.817875,44.925988,23.0,2020.0,6.328499794006348,0.9497588307396265
2873958589,Boreorana sylvatica,-70.033719,44.30314,77.0,2020.0,6.668833255767822,0.9994433544498014
2873904674,Boreorana sylvatica,-68.824592,44.829188,35.0,2020.0,6.762666702270508,0.9989446430611956
2873757615,Boreorana sylvatica,-69.099256,44.187019,4.0,2020.0,7.210999965667725,0.9136578916329369
2868080091,Boreorana sylvatica,-70.178331,44.107666,22.0,2020.0,7.293666362762451,0.8847590985409538
2864844678,Boreorana sylvatica,-68.734962,44.858883,15.0,2020.0,6.577000141143799,0.9938578953424875
2862642473,Boreorana sylvatica,-70.147252,44.674838,12.0,2020.0,5.76633358001709,0.7282795476865406
2862604302,Boreorana sylvatica,-70.846153,43.376145,10.0,2020.0,7.634500026702881,0.7359923374213899
2862562070,Boreorana sylvatica,-70.340645,43.778747,5.0,2020.0,7.260000228881836,0.89694479806006
2862541075,Boreorana sylvatica,-68.292024,44.413699,106.0,2020.0,7.011833190917969,0.9676152358473838
2862321556,Boreorana sylvatica,-70.234783,44.808496,12.0,2020.0,5.382333278656006,0.5335126446417797
2860114911,Boreorana sylvatica,-68.818305,44.926997,47.0,2020.0,6.328499794006348,0.9497588307396265
2859901895,Boreorana sylvatica,-68.754936,44.719025,5.0,2020.0,6.747833251953125,0.9994418856280036
2856586326,Boreorana sylvatica,-70.593803,43.915638,23.0,2020.0,7.1623334884643555,0.9289861858946986
2851214575,Boreorana sylvatica,-69.999978,44.060772,8.0,2020.0,6.997833251953125,0.9704902771712727
2851212752,Boreorana sylvatica,-69.710158,44.115597,4.0,2020.0,7.260166645050049,0.8968859383622284
2850954237,Boreorana sylvatica,-68.268258,44.315087,12.0,2020.0,6.8730902671813965,0.9903439867629589
2850718453,Boreorana sylvatica,-70.767542,43.202469,10.0,2020.0,8.294333457946777,0.4070277238420845
2826280226,Boreorana sylvatica,-69.747505,44.708575,62.0,2020.0,6.093500137329102,0.8736555948690164
2823197646,Boreorana sylvatica,-69.213028,43.995147,6.0,2020.0,7.46600866317749,0.8145240595519655
2818860590,Boreorana sylvatica,-69.748812,44.706,33.0,2020.0,6.234833240509033,0.9230176042211792
2814351735,Boreorana sylvatica,-69.920708,43.902142,30.0,2020.0,7.652651786804199,0.7271165979580008
2814259775,Boreorana sylvatica,-68.520843,44.985268,17.0,2020.0,6.1536664962768555,0.8959001656605147
2814232948,Boreorana sylvatica,-68.520754,44.985109,9.0,2020.0,6.1536664962768555,0.8959001656605147
2813869125,Boreorana sylvatica,-69.556784,44.030015,106.0,2020.0,7.50568151473999,0.7967638292139929
2803136222,Boreorana sylvatica,-69.575969,44.152174,125.0,2020.0,7.2143330574035645,0.9125608626270744
2803096253,Boreorana sylvatica,-69.576058,44.151928,35.0,2020.0,7.2143330574035645,0.9125608626270744
2802993513,Boreorana sylvatica,-69.925869,43.930289,5.0,2020.0,7.578666687011719,0.762851434930586
2802924124,Boreorana sylvatica,-70.43083,43.470403,5.0,2020.0,7.889999866485596,0.607146846708801
2802698397,Boreorana sylvatica,-70.699805,43.178028,10.0,2020.0,8.284333229064941,0.41165299288805096
2641549526,Boreorana sylvatica,-69.329462,44.608678,11.0,2020.0,6.544333457946777,0.9904381447327787
2634397336,Boreorana sylvatica,-70.431926,43.58189,48.0,2020.0,7.587833404541016,0.7584913245989314
2634378768,Boreorana sylvatica,-69.590378,44.067268,4.0,2020.0,7.418000221252441,0.8352886936106007
2634370722,Boreorana sylvatica,-68.788383,44.989596,17.0,2020.0,6.2838335037231445,0.9376446335874538
2634159331,Boreorana sylvatica,-69.599906,43.952392,62.0,2020.0,7.624275207519531,0.7409628012065468
2634141507,Boreorana sylvatica,-68.766831,44.815624,65.0,2020.0,7.00333309173584,0.9693760007603665
2634072171,Boreorana sylvatica,-70.565942,45.016225,5.0,2020.0,3.577833414077759,0.03014140343885648
2634006864,Boreorana sylvatica,-70.443744,43.672903,19.0,2020.0,7.3466668128967285,0.8644896756598758
2626626019,Boreorana sylvatica,-70.246475,43.82465,26.0,2020.0,7.369333267211914,0.8554391004229459
2626486164,Boreorana sylvatica,-69.659399,43.874164,127.0,2020.0,7.671229839324951,0.7179681522150267
2626468367,Boreorana sylvatica,-70.110333,43.879137,52.0,2016.0,7.24233341217041,0.9031137135396968
2626248666,Boreorana sylvatica,-70.444211,43.672549,7.0,2020.0,7.3466668128967285,0.8644896756598758
2626210433,Boreorana sylvatica,-70.443771,43.672907,19.0,2020.0,7.3466668128967285,0.8644896756598758
2626185473,Boreorana sylvatica,-70.381705,43.444205,8.0,2020.0,7.86566686630249,0.6196215805588086
2620091099,Boreorana sylvatica,-70.198681,44.265301,24.0,2020.0,6.728166580200195,0.999859078319226
2619972893,Boreorana sylvatica,-69.596768,43.951594,184.0,2020.0,7.624275207519531,0.7409628012065468
2611290795,Boreorana sylvatica,-68.993196,44.493788,22.0,2020.0,6.820000171661377,0.9955520292533867
2611142923,Boreorana sylvatica,-68.50614,44.999367,14.0,2020.0,6.1536664962768555,0.8959001656605147
2610959522,Boreorana sylvatica,-67.97125,44.505698,5.0,2020.0,6.689000129699707,0.9998668065173407
2609326605,Boreorana sylvatica,-69.926068,43.929943,65.0,2019.0,7.578666687011719,0.762851434930586
2609280326,Boreorana sylvatica,-69.3853,44.44838,5.0,2020.0,6.376500129699707,0.9614224584841633
2609191093,Boreorana sylvatica,-70.359428,43.842254,25.0,2020.0,7.060999870300293,0.9565235112719672
2609151443,Boreorana sylvatica,-70.555763,44.116597,5.0,2020.0,6.417333602905273,0.970198902104964
2603557438,Boreorana sylvatica,-70.011156,44.130561,4.0,2020.0,6.880833625793457,0.9894200986811628
2603556224,Boreorana sylvatica,-70.039416,43.920028,22.0,2020.0,7.269333362579346,0.8936224031483506
2603550237,Boreorana sylvatica,-70.040803,43.92122,20.0,2020.0,7.269333362579346,0.8936224031483506
2603544235,Boreorana sylvatica,-69.98777,43.892372,20.0,2020.0,7.499833106994629,0.7994139348937752
2603539426,Boreorana sylvatica,-70.009231,44.13057,4.0,2020.0,6.880833625793457,0.9894200986811628
2603513485,Boreorana sylvatica,-70.011156,44.130567,4.0,2020.0,6.880833625793457,0.9894200986811628
2603503359,Boreorana sylvatica,-68.520914,44.985054,9.0,2020.0,6.1536664962768555,0.8959001656605147
2603467916,Boreorana sylvatica,-70.694899,43.105628,20.0,2020.0,8.609000205993652,0.27501545306617386
2603466981,Boreorana sylvatica,-70.039397,43.919975,5.0,2020.0,7.269333362579346,0.8936224031483506
2603441941,Boreorana sylvatica,-70.703605,43.121218,88.0,2020.0,8.609000205993652,0.27501545306617386
2603434000,Boreorana sylvatica,-70.04096,43.921378,22.0,2020.0,7.269333362579346,0.8936224031483506
2603427971,Boreorana sylvatica,-70.040839,43.92125,5.0,2020.0,7.269333362579346,0.8936224031483506
2603427940,Boreorana sylvatica,-70.359071,43.842526,96.0,2020.0,7.060999870300293,0.9565235112719672
2603425926,Boreorana sylvatica,-70.694641,43.105734,39.0,2020.0,8.609000205993652,0.27501545306617386
2603420249,Boreorana sylvatica,-70.009103,44.130581,5.0,2020.0,6.880833625793457,0.9894200986811628
2603417981,Boreorana sylvatica,-69.973144,43.89479,22.0,2020.0,7.499833106994629,0.7994139348937752
2603414280,Boreorana sylvatica,-70.011117,44.130497,20.0,2020.0,6.880833625793457,0.9894200986811628
2603414032,Boreorana sylvatica,-70.040505,43.920955,10.0,2020.0,7.269333362579346,0.8936224031483506
2603412241,Boreorana sylvatica,-70.011131,44.130583,4.0,2020.0,6.880833625793457,0.9894200986811628
2603394959,Boreorana sylvatica,-70.233383,43.641513,65.0,2020.0,8.066319465637207,0.5173684206750608
2603391979,Boreorana sylvatica,-69.339972,44.570092,5.0,2020.0,6.457833290100098,0.9778310989602014
2603363016,Boreorana sylvatica,-70.040158,43.92065,22.0,2020.0,7.269333362579346,0.8936224031483506
2603353136,Boreorana sylvatica,-70.011147,44.130539,4.0,2020.0,6.880833625793457,0.9894200986811628
2603350904,Boreorana sylvatica,-70.439623,43.512143,5.0,2020.0,7.809833526611328,0.6481853561806816
2603342689,Boreorana sylvatica,-70.040742,43.921037,10.0,2020.0,7.269333362579346,0.8936224031483506
2603326648,Boreorana sylvatica,-70.232855,43.642137,57.0,2020.0,8.066319465637207,0.5173684206750608
2603313653,Boreorana sylvatica,-68.667591,44.916466,17.0,2020.0,6.562333106994629,0.992414618768171
2603282657,Boreorana sylvatica,-70.040627,43.921036,22.0,2020.0,7.269333362579346,0.8936224031483506
2603282656,Boreorana sylvatica,-70.039904,43.920432,30.0,2020.0,7.269333362579346,0.8936224031483506
2597947756,Boreorana sylvatica,-70.438525,43.920516,5.0,2020.0,6.845666885375977,0.9932805567679727
2597887989,Boreorana sylvatica,-69.973136,43.89481,22.0,2020.0,7.499833106994629,0.7994139348937752
2597887949,Boreorana sylvatica,-70.039917,43.920563,5.0,2020.0,7.269333362579346,0.8936224031483506
2597885974,Boreorana sylvatica,-70.040055,43.920575,20.0,2020.0,7.269333362579346,0.8936224031483506
2597883933,Boreorana sylvatica,-68.667248,44.906098,7.0,2020.0,6.562333106994629,0.992414618768171
2597883525,Boreorana sylvatica,-70.706315,43.320577,9.0,2020.0,7.994999885559082,0.5534414036287313
2597883453,Boreorana sylvatica,-69.987019,43.892628,22.0,2020.0,7.499833106994629,0.7994139348937752
2597861964,Boreorana sylvatica,-69.973191,43.894807,22.0,2020.0,7.499833106994629,0.7994139348937752
2597853915,Boreorana sylvatica,-70.040069,43.920517,5.0,2020.0,7.269333362579346,0.8936224031483506
2597850939,Boreorana sylvatica,-70.358476,43.843172,123.0,2020.0,7.060999870300293,0.9565235112719672
2597847745,Boreorana sylvatica,-69.480068,45.357892,153.0,2019.0,4.363999843597412,0.14031787474383156
2597846938,Boreorana sylvatica,-69.31817,44.615147,9.0,2020.0,6.544333457946777,0.9904381447327787
2597844913,Boreorana sylvatica,-69.318056,44.616397,100.0,2020.0,6.544333457946777,0.9904381447327787
2597842963,Boreorana sylvatica,-70.040358,43.920795,64.0,2020.0,7.269333362579346,0.8936224031483506
2597842105,Boreorana sylvatica,-70.359107,43.842538,50.0,2020.0,7.060999870300293,0.9565235112719672
2597838200,Boreorana sylvatica,-69.586366,44.186507,4.0,2020.0,7.149500370025635,0.9328077466883817
2597825384,Boreorana sylvatica,-70.758033,43.305814,5.0,2020.0,7.957666873931885,0.5724858441891134
2597824746,Boreorana sylvatica,-70.102552,43.849478,7.0,2019.0,7.414311408996582,0.8368488814165566
2597823927,Boreorana sylvatica,-70.0401,43.920628,5.0,2020.0,7.269333362579346,0.8936224031483506
2597823088,Boreorana sylvatica,-69.661831,43.869144,99.0,2020.0,7.671229839324951,0.7179681522150267
2597818995,Boreorana sylvatica,-69.659404,43.874689,168.0,2020.0,7.671229839324951,0.7179681522150267
2597814932,Boreorana sylvatica,-70.329725,43.836518,108.0,2020.0,7.084166526794434,0.9507719120898634
2597748505,Boreorana sylvatica,-70.708001,43.319284,3.0,2020.0,7.994999885559082,0.5534414036287313
2597747965,Boreorana sylvatica,-70.040236,43.9207,10.0,2020.0,7.269333362579346,0.8936224031483506
2597746189,Boreorana sylvatica,-70.754911,43.31746,61.0,2020.0,7.957666873931885,0.5724858441891134
2597746032,Boreorana sylvatica,-69.973175,43.89479,22.0,2020.0,7.499833106994629,0.7994139348937752
2597744008,Boreorana sylvatica,-69.658465,43.872736,66.0,2020.0,7.671229839324951,0.7179681522150267
2597741985,Boreorana sylvatica,-70.040157,43.920525,165.0,2020.0,7.269333362579346,0.8936224031483506
2597737993,Boreorana sylvatica,-69.973091,43.894844,22.0,2020.0,7.499833106994629,0.7994139348937752
2597737025,Boreorana sylvatica,-70.018158,43.908408,4.0,2020.0,7.3520002365112305,0.8623799822522191
2597730988,Boreorana sylvatica,-70.040218,43.919067,84.0,2020.0,7.269333362579346,0.8936224031483506
2597730336,Boreorana sylvatica,-69.959372,43.86678,20.0,2020.0,7.581089496612549,0.7617010521698836
2597729055,Boreorana sylvatica,-70.012336,43.89468,4.0,2020.0,7.3520002365112305,0.8623799822522191
2597726404,Boreorana sylvatica,-70.759054,43.305416,9.0,2020.0,7.957666873931885,0.5724858441891134
2597725936,Boreorana sylvatica,-68.667131,44.906175,15.0,2020.0,6.562333106994629,0.992414618768171
2597725368,Boreorana sylvatica,-70.757964,43.305705,4.0,2020.0,7.957666873931885,0.5724858441891134
2597724057,Boreorana sylvatica,-69.973179,43.894829,22.0,2020.0,7.499833106994629,0.7994139348937752
2597715926,Boreorana sylvatica,-70.041291,43.921615,70.0,2020.0,7.269333362579346,0.8936224031483506
2597714305,Boreorana sylvatica,-69.588806,44.064965,8.0,2020.0,7.418000221252441,0.8352886936106007
2597704733,Boreorana sylvatica,-69.472633,45.348433,5.0,2019.0,4.363999843597412,0.14031787474383156
2597695518,Boreorana sylvatica,-70.722936,43.30962,7.0,2020.0,8.016666412353516,0.5424328683325267
2597693082,Boreorana sylvatica,-69.973236,43.894803,22.0,2020.0,7.499833106994629,0.7994139348937752
2597686960,Boreorana sylvatica,-70.040246,43.92073,65.0,2020.0,7.269333362579346,0.8936224031483506
2597683354,Boreorana sylvatica,-70.757532,43.30387,9.0,2020.0,7.957666873931885,0.5724858441891134
2597682929,Boreorana sylvatica,-70.040332,43.920756,64.0,2020.0,7.269333362579346,0.8936224031483506
2597680956,Boreorana sylvatica,-68.668968,44.918212,34.0,2020.0,6.475833415985107,0.9808733308693736
2596362392,Boreorana sylvatica,-68.668935,44.918233,8.0,2020.0,6.475833415985107,0.9808733308693736
2596278564,Boreorana sylvatica,-70.750202,43.303511,6.0,2020.0,7.957666873931885,0.5724858441891134
2596203292,Boreorana sylvatica,-69.973144,43.894811,22.0,2020.0,7.499833106994629,0.7994139348937752
2596199507,Boreorana sylvatica,-70.722951,43.309626,4.0,2020.0,8.016666412353516,0.5424328683325267
2596067253,Boreorana sylvatica,-69.341479,44.621595,111.0,2020.0,6.595666885375977,0.9954764246451445
2557811162,Boreorana sylvatica,-70.861673,43.447074,82.0,2013.0,7.481499671936035,0.8076507181941361
2423192695,Boreorana sylvatica,-68.993914,44.493683,33.0,2019.0,6.820000171661377,0.9955520292533867
2423153598,Boreorana sylvatica,-68.230713,44.307987,10.0,2019.0,6.842187404632568,0.9936155925280864
2423086268,Boreorana sylvatica,-68.520747,44.985034,10.0,2019.0,6.1536664962768555,0.8959001656605147
2423065617,Boreorana sylvatica,-68.270931,44.425521,35.0,2019.0,7.051602363586426,0.9587616943020816
2423040956,Boreorana sylvatica,-69.331672,44.599045,10.0,2019.0,6.544333457946777,0.9904381447327787
2423039802,Boreorana sylvatica,-69.750847,44.70658,12.0,2019.0,6.255000114440918,0.9292028203865573
2422937628,Boreorana sylvatica,-69.577761,43.935406,8.0,2019.0,7.636666774749756,0.7349362810186229
2422903092,Boreorana sylvatica,-70.217559,43.620053,92.0,2019.0,7.891848087310791,0.6061991692702693
2397616948,Boreorana sylvatica,-69.38382,44.448247,5.0,2019.0,6.376500129699707,0.9614224584841633
2397552081,Boreorana sylvatica,-68.814842,44.329495,5.0,2019.0,7.239930629730225,0.9039404138176239
2397535782,Boreorana sylvatica,-70.37178,44.676163,10.0,2019.0,4.639833450317383,0.21677472652639723
2366135648,Boreorana sylvatica,-69.781573,44.755781,30.0,2019.0,5.992166996002197,0.8325493691245295
2366092160,Boreorana sylvatica,-70.876095,44.215202,8.0,2019.0,6.544000148773193,0.9903994198825866
2331953162,Boreorana sylvatica,-70.185203,43.903728,5.0,2019.0,7.204833030700684,0.9156719394454842
2331865692,Boreorana sylvatica,-70.195174,44.188519,5.0,2019.0,6.824666500091553,0.9951735264673571
2311386276,Boreorana sylvatica,-70.465605,43.9812,10.0,2019.0,6.802999973297119,0.9968009874437012
2294545243,Boreorana sylvatica,-70.699967,43.111858,10.0,2019.0,8.609000205993652,0.27501545306617386
2294499800,Boreorana sylvatica,-70.416847,43.732803,16.0,2019.0,7.2769999504089355,0.890860981420518
2283215711,Boreorana sylvatica,-70.989679,44.231833,10.0,2019.0,6.218166828155518,0.9177357321509964
2273305190,Boreorana sylvatica,-70.186777,44.253358,132.0,2019.0,6.728166580200195,0.999859078319226
2269288310,Boreorana sylvatica,-69.229697,44.469955,13.0,2019.0,6.266333103179932,0.9325778692239588
2252042326,Boreorana sylvatica,-69.333106,44.61219,13.0,2019.0,6.544333457946777,0.9904381447327787
2251840754,Boreorana sylvatica,-69.284897,44.345845,22.0,2019.0,6.8448333740234375,0.9933615873162811
2237518076,Boreorana sylvatica,-69.84658,43.785837,5.0,2019.0,7.661904811859131,0.7225679025246293
2237452193,Boreorana sylvatica,-69.668311,44.563975,28.0,2019.0,6.686166763305664,0.9998248487120687
2237444409,Boreorana sylvatica,-69.973254,43.894796,22.0,2019.0,7.499833106994629,0.7994139348937752
2236912386,Boreorana sylvatica,-69.259737,44.586192,66.0,2019.0,6.418333530426025,0.9704003158939232
2236902019,Boreorana sylvatica,-68.920557,46.203783,31.0,2007.0,3.752333402633667,0.044054262622308715
2236891649,Boreorana sylvatica,-68.663047,44.902743,20.0,2019.0,6.609499931335449,0.9965174389063005
2236880030,Boreorana sylvatica,-69.39091,44.450038,24.0,2019.0,6.376500129699707,0.9614224584841633
2236878442,Boreorana sylvatica,-69.973106,43.894816,22.0,2019.0,7.499833106994629,0.7994139348937752
2236869977,Boreorana sylvatica,-69.597029,43.95182,22.0,2019.0,7.624275207519531,0.7409628012065468
2235519600,Boreorana sylvatica,-68.35049,44.364853,145.0,2019.0,7.075000286102295,0.9530871787076987
1932355000,Boreorana sylvatica,-70.460068,44.221174,61.0,2017.0,6.2856669425964355,0.9381651628661927
1920802674,Boreorana sylvatica,-68.907642,44.354254,31.0,2003.0,7.161403179168701,0.9292663716041015
1899811946,Boreorana sylvatica,-70.287762,43.676182,45.0,2016.0,7.834469795227051,0.635597401658587
1891342098,Boreorana sylvatica,-68.981153,45.896683,184.0,2018.0,2.928333282470703,0.006062065913443116
1890712341,Boreorana sylvatica,-70.720383,44.508953,8.0,2018.0,5.0886664390563965,0.39165279090863864
1890070139,Boreorana sylvatica,-68.567876,44.808916,10.0,2018.0,6.529333114624023,0.9886191324328221
1883557818,Boreorana sylvatica,-69.663322,44.330078,5.0,2018.0,7.0851664543151855,0.9505162318602786
1883554844,Boreorana sylvatica,-67.288875,45.120332,23.0,2011.0,6.019500255584717,0.844052675411068
1883543865,Boreorana sylvatica,-70.596971,43.917168,10.0,2018.0,6.918499946594238,0.9843364670599277
1850953769,Boreorana sylvatica,-68.412156,44.52774,10.0,2018.0,6.832833290100098,0.9944741902615624
1847560203,Boreorana sylvatica,-69.070476,45.848136,36.0,2018.0,4.078500270843506,0.08447480466779526
1841228439,Boreorana sylvatica,-70.08453,43.905816,27.0,2018.0,7.24233341217041,0.9031137135396968
1839271414,Boreorana sylvatica,-69.973135,43.894879,6.0,2018.0,7.499833106994629,0.7994139348937752
1839260366,Boreorana sylvatica,-70.845364,43.456171,3.0,2018.0,7.481499671936035,0.8076507181941361
1839260348,Boreorana sylvatica,-70.845369,43.456171,2.0,2018.0,7.481499671936035,0.8076507181941361
1839257033,Boreorana sylvatica,-69.649733,44.562725,5.0,2018.0,6.94350004196167,0.9804277366040979
1839251984,Boreorana sylvatica,-70.501944,43.780106,9.0,2018.0,7.12833309173584,0.938904015973369
1839244729,Boreorana sylvatica,-67.764992,44.620967,5.0,2018.0,6.561174392700195,0.992294185255774
1839243053,Boreorana sylvatica,-69.973081,43.894854,9.0,2018.0,7.499833106994629,0.7994139348937752
1839208629,Boreorana sylvatica,-69.973137,43.894881,6.0,2018.0,7.499833106994629,0.7994139348937752
1838374318,Boreorana sylvatica,-69.973199,43.894871,6.0,2018.0,7.499833106994629,0.7994139348937752
1838374267,Boreorana sylvatica,-69.973103,43.894883,4.0,2018.0,7.499833106994629,0.7994139348937752
1838039782,Boreorana sylvatica,-69.973167,43.894866,5.0,2018.0,7.499833106994629,0.7994139348937752
1838026144,Boreorana sylvatica,-69.210687,43.973046,30.0,2018.0,7.46600866317749,0.8145240595519655
1838023941,Boreorana sylvatica,-69.973223,43.894868,7.0,2018.0,7.499833106994629,0.7994139348937752
1838023863,Boreorana sylvatica,-69.973205,43.894875,8.0,2018.0,7.499833106994629,0.7994139348937752
1640035362,Boreorana sylvatica,-69.987192,43.892278,27.0,2017.0,7.499833106994629,0.7994139348937752
1571158936,Boreorana sylvatica,-69.595716,43.951809,22.0,2017.0,7.624275207519531,0.7409628012065468
1571103736,Boreorana sylvatica,-70.810361,45.175359,5.0,2017.0,2.4013333320617676,0.0013219976645216327
1500259333,Boreorana sylvatica,-69.97312,43.894778,28.0,2017.0,7.499833106994629,0.7994139348937752
1500257228,Boreorana sylvatica,-69.973136,43.894799,25.0,2017.0,7.499833106994629,0.7994139348937752
1500228058,Boreorana sylvatica,-69.973122,43.89481,25.0,2017.0,7.499833106994629,0.7994139348937752
1457641002,Boreorana sylvatica,-69.973124,43.894818,24.0,2017.0,7.499833106994629,0.7994139348937752
1457583332,Boreorana sylvatica,-68.059604,44.336774,5.0,2016.0,6.8611979484558105,0.9916818299613073
1455572737,Boreorana sylvatica,-69.886907,44.527814,24.0,2015.0,6.616833209991455,0.9970144494122678
1453240928,Boreorana sylvatica,-69.416803,43.979027,51.0,2016.0,7.5020833015441895,0.798395566094642
1453240885,Boreorana sylvatica,-69.416803,43.979027,51.0,2016.0,7.5020833015441895,0.798395566094642
1305129522,Boreorana sylvatica,-70.288211,43.689857,30.0,2015.0,7.834469795227051,0.635597401658587
1291664092,Boreorana sylvatica,-68.208823,44.362481,10.0,2016.0,6.523499965667725,0.9878697802814822
1269568281,Boreorana sylvatica,-68.208945,44.361683,23.0,2016.0,6.523499965667725,0.9878697802814822
1211976866,Boreorana sylvatica,-68.281499,45.514897,199.0,2012.0,5.421833515167236,0.5535528363345888
1099958182,Boreorana sylvatica,-70.238409,43.707495,19.0,2015.0,7.707639217376709,0.6998705953106708
1024192039,Boreorana sylvatica,-70.681979,43.261839,10.0,2014.0,8.07349967956543,0.5137661252955804
872996670,Boreorana sylvatica,-68.9125,45.9151,5.0,2010.0,1.7834999561309814,0.000172216928477031
686723551,Boreorana sylvatica,-70.9103,43.5342,1.0,1932.0,7.148333549499512,0.9331505445875954
686723549,Boreorana sylvatica,-70.9103,43.5342,1.0,1932.0,7.148333549499512,0.9331505445875954
686723547,Boreorana sylvatica,-70.9103,43.5342,1.0,1932.0,7.148333549499512,0.9331505445875954
686723545,Boreorana sylvatica,-70.9103,43.5342,1.0,1932.0,7.148333549499512,0.9331505445875954
686723544,Boreorana sylvatica,-70.9103,43.5342,1.0,1932.0,7.148333549499512,0.9331505445875954
686723542,Boreorana sylvatica,-70.9103,43.5342,1.0,1932.0,7.148333549499512,0.9331505445875954
