gbifID,species,decimalLongitude,decimalLatitude,year,annual_mean_temp_C,warmest_max_temp_C,coldest_min_temp_C,driest_quarter_precip_mm
6520714657,Dryophytes versicolor,-68.773346,44.61565,2026,6.803500175476074,26.13599967956543,-12.819999694824219,260.0
6520678362,Dryophytes versicolor,-68.720969,44.611887,2026,6.809333324432373,26.219999313354492,-12.911999702453613,258.0
6520667379,Anaxyrus americanus,-69.794576,44.203264,2026,7.080666542053223,26.248001098632812,-12.668000221252441,254.0
6520596403,Anaxyrus americanus,-70.456821,43.994143,2026,6.875500202178955,26.13599967956543,-13.395999908447266,258.0
6520578080,Dryophytes versicolor,-70.589287,43.319987,2026,8.071000099182129,26.84000015258789,-10.260000228881836,252.0
6520566821,Anaxyrus americanus,-70.684983,44.393545,2026,5.877166748046875,25.95599937438965,-15.144000053405762,228.0
6520466321,Anaxyrus americanus,-68.459563,44.685825,2026,6.565499782562256,26.076000213623047,-13.45199966430664,264.0
6520444555,Dryophytes versicolor,-68.695588,44.787616,2026,6.63433313369751,26.588001251220703,-13.624000549316406,248.0
6520435603,Notophthalmus viridescens,-67.975203,44.401369,2026,6.841288089752197,24.263635635375977,-11.336363792419434,253.0
6520430365,Dryophytes versicolor,-68.624256,44.766248,2026,6.500999927520752,26.288000106811523,-13.708000183105469,259.0
6520413611,Anaxyrus americanus,-69.822108,43.874055,2026,7.694675922393799,25.22222328186035,-10.088889122009277,245.0
6520373789,Anaxyrus americanus,-67.7031,44.5182,2026,,,,
6520311010,Notophthalmus viridescens,-69.506005,44.532338,2025,6.708333492279053,26.45199966430664,-13.636000633239746,228.0
6520292427,Dryophytes versicolor,-68.614112,44.681114,2026,6.5269999504089355,26.055999755859375,-13.4399995803833,265.0
6520268523,Anaxyrus americanus,-69.017731,44.389835,2026,7.017666816711426,25.803998947143555,-11.9399995803833,255.0
6520266844,Notophthalmus viridescens,-70.351151,43.649331,2026,7.778500080108643,26.52400016784668,-11.399999618530273,249.0
6520215975,Notophthalmus viridescens,-68.665829,44.906114,2026,6.609499931335449,26.81999969482422,-13.807999610900879,231.0
6520168034,Anaxyrus americanus,-68.857452,45.924545,2026,2.86299991607666,23.20800018310547,-18.31999969482422,222.0
6520120810,Anaxyrus americanus,-69.07424,44.967292,2026,6.005833148956299,26.20400047302246,-15.104000091552734,224.0
6520085960,Dryophytes versicolor,-70.105592,44.023175,2026,7.176833152770996,26.152000427246094,-12.144000053405762,249.0
6520038779,Notophthalmus viridescens,-68.659953,44.902415,2026,6.609499931335449,26.81999969482422,-13.807999610900879,231.0
6520035317,Anaxyrus americanus,-70.19337,43.919476,2026,7.1551666259765625,25.959999084472656,-12.079999923706055,250.0
6520011303,Dryophytes versicolor,-68.646951,44.69542,2026,6.4651665687561035,26.031999588012695,-13.484000205993652,266.0
6520008254,Anaxyrus americanus,-68.869061,45.947991,2026,2.86299991607666,23.20800018310547,-18.31999969482422,222.0
6520008079,Dryophytes versicolor,-68.674273,44.604653,2026,6.751500129699707,26.148000717163086,-13.01200008392334,260.0
6519970770,Dryophytes versicolor,-68.624912,44.733852,2026,6.309000015258789,25.92799949645996,-13.732000350952148,270.0
6519963331,Dryophytes versicolor,-68.705702,44.652506,2026,6.632166862487793,26.139999389648438,-13.227999687194824,261.0
6519959693,Anaxyrus americanus,-69.058489,45.872915,2026,4.078500270843506,24.739999771118164,-17.76799964904785,194.0
6519957344,Anaxyrus americanus,-68.823222,45.90585,2026,4.039999961853027,24.6200008392334,-17.56800079345703,205.0
6519938178,Dryophytes versicolor,-70.293153,43.732925,2026,7.481333255767822,26.079999923706055,-11.704000473022461,251.0
6519918581,Dryophytes versicolor,-68.771458,44.697923,2026,6.512666702270508,26.06800079345703,-13.491999626159668,264.0
6519869753,Anaxyrus americanus,-70.055255,43.822046,2026,,,,
6519864453,Dryophytes versicolor,-68.723648,44.619733,2026,6.809333324432373,26.219999313354492,-12.911999702453613,258.0
6519844782,Anaxyrus americanus,-68.632728,44.659653,2026,6.339666843414307,25.76799964904785,-13.503999710083008,269.0
6519841538,Notophthalmus viridescens,-70.218605,43.610833,2026,7.891848087310791,25.826087951660156,-10.265216827392578,244.0
6519825159,Anaxyrus americanus,-69.0507,44.2315,2023,6.89965295791626,24.762500762939453,-11.337499618530273,260.0
6519819272,Dryophytes versicolor,-70.151217,44.670449,2024,5.76633358001709,26.09200096130371,-15.859999656677246,258.0
6519785122,Dryophytes versicolor,-70.270815,43.73662,2026,7.567666530609131,26.064001083374023,-11.359999656677246,249.0
6519776993,Dryophytes versicolor,-68.632401,44.678287,2026,6.4651665687561035,26.031999588012695,-13.484000205993652,266.0
6519776725,Dryophytes versicolor,-68.788621,44.624541,2026,6.803500175476074,26.13599967956543,-12.819999694824219,260.0
6519752011,Anaxyrus americanus,-69.821145,43.944028,2026,,,,
6519732655,Dryophytes versicolor,-68.648478,44.665029,2026,6.339666843414307,25.76799964904785,-13.503999710083008,269.0
6519689712,Anaxyrus americanus,-70.391735,44.109451,2026,6.769166469573975,26.3799991607666,-13.54800033569336,258.0
6519645591,Anaxyrus americanus,-70.924378,44.043911,2026,6.67383337020874,27.27199935913086,-14.67199993133545,258.0
6519630574,Notophthalmus viridescens,-69.001872,44.398962,2026,7.017666816711426,25.803998947143555,-11.9399995803833,255.0
6519625576,Anaxyrus americanus,-70.809915,44.538637,2026,5.333499908447266,25.3799991607666,-15.656000137329102,212.0
6519619786,Anaxyrus americanus,-68.8463,46.155048,2026,3.7266666889190674,24.45199966430664,-18.871999740600586,193.0
6519608648,Dryophytes versicolor,-68.707439,44.630856,2026,6.632166862487793,26.139999389648438,-13.227999687194824,261.0
6519582566,Dryophytes versicolor,-70.293137,43.732942,2026,7.481333255767822,26.079999923706055,-11.704000473022461,251.0
6519518347,Dryophytes versicolor,-70.45662,43.484097,2026,7.889999866485596,26.43199920654297,-10.684000015258789,248.0
6519489216,Anaxyrus americanus,-70.562578,43.846362,2026,7.311166763305664,26.420000076293945,-11.883999824523926,252.0
6519467601,Dryophytes versicolor,-70.293145,43.732912,2026,7.481333255767822,26.079999923706055,-11.704000473022461,251.0
6519465424,Dryophytes versicolor,-68.623338,44.78206,2026,6.500999927520752,26.288000106811523,-13.708000183105469,259.0
6519444341,Dryophytes versicolor,-68.603394,44.776355,2026,6.500999927520752,26.288000106811523,-13.708000183105469,259.0
6519433803,Anaxyrus americanus,-67.592828,44.479875,2026,,,,
6519403598,Dryophytes versicolor,-68.743059,44.69428,2026,6.60366678237915,26.152000427246094,-13.399999618530273,262.0
6519388720,Notophthalmus viridescens,-68.328741,44.239957,2026,7.106249809265137,24.600000381469727,-10.649999618530273,254.0
6519361706,Anaxyrus americanus,-68.798637,45.915662,2026,4.039999961853027,24.6200008392334,-17.56800079345703,205.0
6519307418,Notophthalmus viridescens,-70.71154,44.468075,2026,5.763833522796631,25.968000411987305,-15.319999694824219,213.0
6519290897,Notophthalmus viridescens,-68.643045,44.696895,2025,6.4651665687561035,26.031999588012695,-13.484000205993652,266.0
6519267516,Anaxyrus americanus,-70.843056,43.912842,2026,6.638166427612305,26.799999237060547,-14.572000503540039,275.0
6519251146,Dryophytes versicolor,-68.665998,44.66033,2026,6.339666843414307,25.76799964904785,-13.503999710083008,269.0
6519230486,Anaxyrus americanus,-70.024261,44.30593,2026,6.668833255767822,26.13599967956543,-13.612000465393066,262.0
6519205738,Dryophytes versicolor,-68.701317,44.688451,2026,6.56516695022583,26.144001007080078,-13.395999908447266,263.0
6519174616,Dryophytes versicolor,-68.70587,44.617738,2026,6.751500129699707,26.148000717163086,-13.01200008392334,260.0
6519143553,Anaxyrus americanus,-70.550936,43.735593,2026,7.041500091552734,26.492000579833984,-13.072000503540039,257.0
6519137324,Anaxyrus americanus,-69.475339,44.562832,2026,6.668166637420654,26.516000747680664,-13.748000144958496,228.0
6519120401,Anaxyrus americanus,-70.826163,44.180919,2026,6.274666786193848,26.336000442504883,-14.732000350952148,249.0
6519109429,Dryophytes versicolor,-68.76555,44.668314,2026,6.512666702270508,26.06800079345703,-13.491999626159668,264.0
6519064465,Dryophytes versicolor,-67.454955,44.706425,2026,6.328000068664551,24.663999557495117,-12.87600040435791,252.0
6519054735,Dryophytes versicolor,-68.71837,44.713319,2026,6.654333114624023,26.420000076293945,-13.539999961853027,256.0
6519027642,Anaxyrus americanus,-69.622238,45.451728,2026,3.9206666946411133,24.299999237060547,-17.911998748779297,207.0
6519020785,Dryophytes versicolor,-68.662022,44.615456,2026,6.58050012588501,25.93600082397461,-13.187999725341797,263.0
6519019456,Dryophytes versicolor,-68.783949,44.766339,2026,6.9691667556762695,27.15999984741211,-13.532000541687012,248.0
6518985045,Anaxyrus americanus,-68.819586,45.929519,2026,3.6440000534057617,24.143999099731445,-17.86400032043457,215.0
6518974594,Anaxyrus americanus,-70.184801,44.220931,2026,6.722833156585693,26.211999893188477,-13.447999954223633,259.0
6518953620,Anaxyrus americanus,-69.050786,44.265956,2026,6.795333385467529,24.875999450683594,-11.631999969482422,263.0
6518944846,Anaxyrus americanus,-70.456365,43.994765,2026,6.875500202178955,26.13599967956543,-13.395999908447266,258.0
6518936004,Dryophytes versicolor,-69.331602,43.997888,2026,,,,
6518907915,Dryophytes versicolor,-68.768775,44.766322,2026,6.9691667556762695,27.15999984741211,-13.532000541687012,248.0
6518881576,Dryophytes versicolor,-68.931705,44.919513,2026,6.230833053588867,26.3799991607666,-14.564000129699707,225.0
6518867291,Anaxyrus americanus,-68.832797,45.903563,2026,4.039999961853027,24.6200008392334,-17.56800079345703,205.0
6518862272,Dryophytes versicolor,-68.654696,44.632051,2026,6.339666843414307,25.76799964904785,-13.503999710083008,269.0
6518859615,Anaxyrus americanus,-68.852097,45.919045,2026,2.86299991607666,23.20800018310547,-18.31999969482422,222.0
6518857383,Dryophytes versicolor,-68.69626,44.67515,2026,6.56516695022583,26.144001007080078,-13.395999908447266,263.0
6518836380,Dryophytes versicolor,-68.712087,44.784996,2026,6.7813334465026855,26.871999740600586,-13.644000053405762,248.0
6518824716,Anaxyrus americanus,-69.889241,44.798325,2026,5.895999908447266,26.236000061035156,-15.899999618530273,224.0
6518789304,Dryophytes versicolor,-68.70709,44.711508,2026,6.362666606903076,26.04400062561035,-13.736000061035156,267.0
6518773326,Anaxyrus americanus,-69.47232,45.36195,2026,4.363999843597412,24.652000427246094,-17.29199981689453,212.0
6518735562,Dryophytes versicolor,-68.744704,44.722085,2026,6.654333114624023,26.420000076293945,-13.539999961853027,256.0
6518718392,Dryophytes versicolor,-68.643517,44.630745,2026,6.339666843414307,25.76799964904785,-13.503999710083008,269.0
6518710727,Dryophytes versicolor,-68.720914,44.669874,2026,6.60366678237915,26.152000427246094,-13.399999618530273,262.0
6518673658,Dryophytes versicolor,-68.609189,44.743776,2026,6.309000015258789,25.92799949645996,-13.732000350952148,270.0
6518659827,Dryophytes versicolor,-70.739426,43.300667,2026,8.016666412353516,27.38399887084961,-10.871999740600586,254.0
6518657345,Anaxyrus americanus,-70.691206,43.435818,2026,7.795666694641113,27.336000442504883,-11.592000007629395,257.0
6518643589,Anaxyrus americanus,-70.214417,43.831167,2026,7.369333267211914,26.0,-11.763999938964844,248.0
6518628302,Dryophytes versicolor,-69.98658,43.902155,2026,7.499833106994629,25.847999572753906,-11.196000099182129,245.0
6518573024,Dryophytes versicolor,-69.276209,44.113515,2026,7.324833393096924,25.176000595092773,-10.803999900817871,252.0
6518562187,Dryophytes versicolor,-70.270792,43.736613,2026,7.567666530609131,26.064001083374023,-11.359999656677246,249.0
6518532148,Dryophytes versicolor,-68.61987,44.785451,2026,6.500999927520752,26.288000106811523,-13.708000183105469,259.0
6518516073,Anaxyrus americanus,-70.896072,44.408975,2025,5.713666915893555,25.856000900268555,-15.199999809265137,216.0
6518483710,Anaxyrus americanus,-69.253753,44.287728,2026,7.014666557312012,25.600000381469727,-11.956000328063965,258.0
6518482927,Anaxyrus americanus,-70.662104,43.338275,2026,7.925666809082031,27.020000457763672,-10.899999618530273,255.0
6518481092,Anaxyrus americanus,-69.552952,43.8812,2026,7.741666316986084,24.549999237060547,-9.208333969116211,246.0
6518451668,Anaxyrus americanus,-69.876384,44.003055,2026,7.3427534103393555,25.92608642578125,-11.686956405639648,248.0
6518433340,Anaxyrus americanus,-68.498069,44.792566,2026,6.180500030517578,25.93600082397461,-14.0,271.0
6518432747,Anaxyrus americanus,-68.823741,45.917047,2026,3.6440000534057617,24.143999099731445,-17.86400032043457,215.0
6518420962,Dryophytes versicolor,-70.293158,43.732945,2026,7.481333255767822,26.079999923706055,-11.704000473022461,251.0
6518399973,Dryophytes versicolor,-69.01458,44.423937,2026,7.00121545791626,25.96666717529297,-12.133333206176758,257.0
6518381786,Dryophytes versicolor,-68.572272,44.439358,2026,6.809999942779541,25.555999755859375,-12.220000267028809,260.0
6518359878,Dryophytes versicolor,-68.644454,44.674226,2026,6.4651665687561035,26.031999588012695,-13.484000205993652,266.0
6518349577,Dryophytes versicolor,-70.603028,43.501422,2026,7.540333271026611,26.756000518798828,-11.984000205993652,255.0
6518347098,Dryophytes versicolor,-70.546372,43.802047,2026,7.1875,26.420000076293945,-12.399999618530273,254.0
6518346804,Anaxyrus americanus,-69.742562,43.815667,2026,7.661309242248535,24.614286422729492,-9.428571701049805,245.0
6518342817,Anaxyrus americanus,-70.956956,43.848822,2026,6.61133337020874,26.72800064086914,-14.32800006866455,284.0
6500384476,Dryophytes versicolor,-68.777172,44.604638,2026,6.803500175476074,26.13599967956543,-12.819999694824219,260.0
6500299022,Notophthalmus viridescens,-68.250115,44.323527,2026,6.8730902671813965,24.825000762939453,-11.345832824707031,263.0
6500298354,Anaxyrus americanus,-69.878927,44.3582,2026,6.676166534423828,26.20800018310547,-13.552000045776367,255.0
6500288040,Anaxyrus americanus,-68.824535,45.921266,2026,3.6440000534057617,24.143999099731445,-17.86400032043457,215.0
6500258636,Anaxyrus americanus,-69.809515,45.655256,2026,3.6654999256134033,24.079999923706055,-18.2760009765625,192.0
6500251806,Dryophytes versicolor,-69.930375,43.966063,2026,7.389999866485596,25.959999084472656,-11.595999717712402,246.0
6500234855,Dryophytes versicolor,-68.70498,44.68574,2026,6.56516695022583,26.144001007080078,-13.395999908447266,263.0
6500228797,Dryophytes versicolor,-68.253236,44.378989,2026,6.910666465759277,25.472000122070312,-11.907999992370605,261.0
6500220362,Dryophytes versicolor,-68.246368,44.550322,2026,6.719791889190674,25.604999542236328,-12.699999809265137,257.0
6500207563,Dryophytes versicolor,-68.787982,44.613042,2026,6.803500175476074,26.13599967956543,-12.819999694824219,260.0
6500129698,Anaxyrus americanus,-69.00703,45.877012,2026,3.693333387374878,24.336000442504883,-18.148000717163086,199.0
6500100607,Notophthalmus viridescens,-69.861426,44.815597,2026,5.896500110626221,26.260000228881836,-15.871999740600586,221.0
6500084552,Dryophytes versicolor,-68.220311,44.332584,2026,6.842187404632568,24.8125,-11.387499809265137,263.0
6500073147,Anaxyrus americanus,-70.92086,44.049538,2026,6.67383337020874,27.27199935913086,-14.67199993133545,258.0
6500047284,Anaxyrus americanus,-70.814347,44.420644,2026,5.888333320617676,26.148000717163086,-15.263999938964844,211.0
6500040503,Anaxyrus americanus,-70.367325,45.085708,2026,3.8416666984558105,23.856000900268555,-17.328001022338867,216.0
6500038895,Anaxyrus americanus,-69.193831,46.300838,2026,3.297333240509033,24.368000030517578,-19.420000076293945,188.0
6500014036,Anaxyrus americanus,-69.189053,45.19928,2026,5.429500102996826,25.788000106811523,-16.20400047302246,224.0
6500006495,Dryophytes versicolor,-70.256997,44.03692,2026,7.0256667137146,26.275999069213867,-12.67199993133545,253.0
6499994405,Anaxyrus americanus,-70.477578,43.544555,2026,7.53849983215332,26.416000366210938,-11.65999984741211,249.0
6499964348,Dryophytes versicolor,-68.323094,44.28129,2026,,,,
6499944684,Notophthalmus viridescens,-69.418491,43.983388,2026,7.5020833015441895,24.911109924316406,-10.022222518920898,249.0
6499929841,Anaxyrus americanus,-68.594093,47.25201,2026,,,,
6499927654,Anaxyrus americanus,-69.37422,45.368385,2026,4.887333393096924,25.152000427246094,-16.90399932861328,213.0
6499923865,Notophthalmus viridescens,-68.659885,44.902442,2026,6.609499931335449,26.81999969482422,-13.807999610900879,231.0
6499911749,Anaxyrus americanus,-69.995158,44.103592,2026,6.922499656677246,25.823999404907227,-12.496000289916992,255.0
6499900428,Anaxyrus americanus,-69.146648,46.366884,2026,3.0783333778381348,24.1560001373291,-19.663999557495117,194.0
6499879741,Dryophytes versicolor,-68.623545,44.615079,2026,6.517666816711426,25.803998947143555,-13.263999938964844,264.0
6499875387,Anaxyrus americanus,-68.793097,46.135667,2026,3.8475000858306885,24.648000717163086,-18.775999069213867,194.0
6499847477,Anaxyrus americanus,-70.369248,44.080405,2024,6.886666774749756,26.31599998474121,-13.236000061035156,257.0
6499796847,Anaxyrus americanus,-69.325165,45.487045,2026,4.0908331871032715,24.31999969482422,-17.43199920654297,213.0
6499785388,Anaxyrus americanus,-69.160651,45.770571,2026,4.167500019073486,24.7239990234375,-17.700000762939453,197.0
6499784592,Dryophytes versicolor,-70.814214,44.4206,2026,5.888333320617676,26.148000717163086,-15.263999938964844,211.0
6499764427,Dryophytes versicolor,-68.637041,44.611487,2026,6.58050012588501,25.93600082397461,-13.187999725341797,263.0
6499730402,Anaxyrus americanus,-69.124979,46.252413,2026,3.5226666927337646,24.535999298095703,-19.224000930786133,184.0
6499729030,Anaxyrus americanus,-69.50032,44.443133,2026,6.851833343505859,26.331998825073242,-13.260000228881836,238.0
6499721032,Dryophytes versicolor,-68.66982,44.721476,2026,6.362666606903076,26.04400062561035,-13.736000061035156,267.0
6499707324,Dryophytes versicolor,-69.620551,44.135145,2026,7.195333003997803,25.855998992919922,-11.776000022888184,253.0
6499700278,Anaxyrus americanus,-70.306463,43.683212,2026,7.831333160400391,26.559999465942383,-11.355999946594238,250.0
6499698412,Dryophytes versicolor,-70.279595,43.73338,2026,7.567666530609131,26.064001083374023,-11.359999656677246,249.0
6499697683,Anaxyrus americanus,-67.756839,44.721995,2026,6.234833240509033,25.35999870300293,-13.859999656677246,254.0
6499689341,Anaxyrus americanus,-70.307701,43.682616,2026,7.831333160400391,26.559999465942383,-11.355999946594238,250.0
6499650505,Notophthalmus viridescens,-69.950233,43.956263,2026,7.578666687011719,26.128000259399414,-11.359999656677246,246.0
6499622487,Anaxyrus americanus,-70.222717,43.88568,2026,7.198333263397217,25.996000289916992,-12.124000549316406,249.0
6499617140,Anaxyrus americanus,-69.317558,45.461345,2026,4.0908331871032715,24.31999969482422,-17.43199920654297,213.0
6499615483,Anaxyrus americanus,-70.790681,43.851892,2026,6.64466667175293,26.652000427246094,-14.324000358581543,273.0
6499608273,Anaxyrus americanus,-70.930006,44.172067,2026,6.549833297729492,26.847999572753906,-14.515999794006348,241.0
6499600649,Dryophytes versicolor,-70.56636,43.912201,2026,7.2804999351501465,26.468000411987305,-12.067999839782715,253.0
6499584346,Anaxyrus americanus,-70.46283,43.974986,2026,6.802999973297119,26.152000427246094,-13.628000259399414,260.0
6499575793,Dryophytes versicolor,-70.057224,43.999524,2026,7.223833084106445,25.983999252319336,-11.880000114440918,248.0
6499547432,Dryophytes versicolor,-70.455999,43.833239,2026,7.138999938964844,26.45199966430664,-12.776000022888184,251.0
6499527450,Anaxyrus americanus,-70.301649,43.684989,2026,7.831333160400391,26.559999465942383,-11.355999946594238,250.0
6499521128,Anaxyrus americanus,-69.309333,45.643862,2026,3.181000232696533,23.516000747680664,-18.483999252319336,222.0
6499500799,Anaxyrus americanus,-70.733949,43.750358,2026,6.852333068847656,26.77199935913086,-13.880000114440918,266.0
6499478523,Anaxyrus americanus,-68.965645,45.581728,2026,4.757166862487793,25.124000549316406,-16.836000442504883,216.0
6499461850,Dryophytes versicolor,-68.964047,45.873619,2026,4.191666603088379,24.823999404907227,-17.615999221801758,201.0
6499446850,Notophthalmus viridescens,-70.808824,44.249782,2026,6.143166542053223,26.1560001373291,-14.855999946594238,247.0
6499399721,Dryophytes versicolor,-70.50048,43.843912,2026,7.247499942779541,26.284000396728516,-12.0600004196167,252.0
6499388387,Notophthalmus viridescens,-68.741489,45.20524,2026,5.854666709899902,26.20800018310547,-15.199999809265137,217.0
6499337634,Dryophytes versicolor,-68.649165,44.72527,2026,6.496500015258789,26.20400047302246,-13.564000129699707,264.0
6499331712,Anaxyrus americanus,-70.890617,43.203697,2026,,,,
6499319902,Dryophytes versicolor,-67.205661,44.94175,2026,6.165333271026611,25.02400016784668,-13.236000061035156,245.0
6499311810,Dryophytes versicolor,-70.246416,43.671933,2026,7.707639217376709,25.883333206176758,-10.75,244.0
6499258062,Dryophytes versicolor,-68.767818,44.72134,2026,6.747833251953125,26.576000213623047,-13.479999542236328,251.0
6499257264,Dryophytes versicolor,-68.496469,44.539503,2026,6.792500019073486,25.895999908447266,-12.564000129699707,258.0
6499244509,Anaxyrus americanus,-69.690989,45.475492,2026,3.429499864578247,23.583999633789062,-18.191999435424805,216.0
6499238900,Dryophytes versicolor,-68.685987,44.615447,2026,6.751500129699707,26.148000717163086,-13.01200008392334,260.0
6499234721,Notophthalmus viridescens,-68.217335,44.204139,2026,,,,
6499224359,Anaxyrus americanus,-68.317736,45.487495,2026,5.528500080108643,26.124000549316406,-16.027999877929688,225.0
6499223773,Dryophytes versicolor,-70.536855,43.545603,2026,7.5329999923706055,26.607999801635742,-11.86400032043457,249.0
6499214736,Anaxyrus americanus,-68.46587,44.403423,2026,7.260648250579834,24.96666717529297,-10.566666603088379,255.0
6499153529,Anaxyrus americanus,-69.097436,46.303473,2026,3.3568334579467773,24.420000076293945,-19.447999954223633,191.0
6499151524,Dryophytes versicolor,-70.612117,43.946733,2026,6.918499946594238,26.511999130249023,-13.456000328063965,259.0
6499135843,Anaxyrus americanus,-70.768958,44.760687,2026,2.75166654586792,22.195999145507812,-17.76799964904785,282.0
6499132579,Anaxyrus americanus,-68.82061,45.930309,2026,3.6440000534057617,24.143999099731445,-17.86400032043457,215.0
6499130168,Anaxyrus americanus,-70.532007,43.549782,2026,7.5329999923706055,26.607999801635742,-11.86400032043457,249.0
6499117904,Dryophytes versicolor,-68.630477,44.734611,2026,6.496500015258789,26.20400047302246,-13.564000129699707,264.0
6499089920,Dryophytes versicolor,-68.706335,44.739537,2026,6.362666606903076,26.04400062561035,-13.736000061035156,267.0
6499067474,Anaxyrus americanus,-69.31472,45.453225,2026,3.805333375930786,23.91200065612793,-17.555999755859375,226.0
6499060346,Dryophytes versicolor,-70.603019,43.501625,2026,7.540333271026611,26.756000518798828,-11.984000205993652,255.0
6499045393,Anaxyrus americanus,-67.154603,44.69257,2026,6.150781154632568,23.931249618530273,-12.231249809265137,245.0
6499023372,Anaxyrus americanus,-70.259688,44.177905,2026,6.716500282287598,26.200000762939453,-13.435999870300293,259.0
6498998392,Dryophytes versicolor,-68.399241,44.267995,2026,7.122499942779541,24.485000610351562,-10.600000381469727,256.0
6498956630,Anaxyrus americanus,-69.281881,46.242796,2026,3.4778335094451904,24.288000106811523,-18.97599983215332,186.0
6498935457,Dryophytes versicolor,-68.778361,44.700553,2026,6.512666702270508,26.06800079345703,-13.491999626159668,264.0
6498930811,Anaxyrus americanus,-69.065065,46.267736,2026,3.560833215713501,24.652000427246094,-19.284000396728516,185.0
6498911777,Dryophytes versicolor,-68.683028,44.750639,2026,6.63433313369751,26.588001251220703,-13.624000549316406,248.0
6498910540,Dryophytes versicolor,-68.735456,44.618432,2026,6.809333324432373,26.219999313354492,-12.911999702453613,258.0
6498909679,Anaxyrus americanus,-69.182167,45.77768,2026,4.081666946411133,24.68000030517578,-17.803998947143555,193.0
6498869871,Dryophytes versicolor,-68.646699,44.628239,2026,6.339666843414307,25.76799964904785,-13.503999710083008,269.0
6498867710,Notophthalmus viridescens,-68.329178,44.324112,2026,,,,
6498860818,Dryophytes versicolor,-69.516244,44.480432,2026,6.810333251953125,26.447999954223633,-13.4399995803833,232.0
6498819338,Dryophytes versicolor,-68.620092,44.68492,2026,6.5269999504089355,26.055999755859375,-13.4399995803833,265.0
6498811686,Dryophytes versicolor,-68.643172,44.696883,2026,6.4651665687561035,26.031999588012695,-13.484000205993652,266.0
6498787661,Dryophytes versicolor,-70.814214,44.4206,2026,5.888333320617676,26.148000717163086,-15.263999938964844,211.0
6498783158,Dryophytes versicolor,-68.319345,44.384471,2026,7.011833190917969,25.464000701904297,-11.715999603271484,257.0
6498773206,Dryophytes versicolor,-68.784272,44.643797,2026,6.589333534240723,26.059999465942383,-13.263999938964844,262.0
6498756480,Anaxyrus americanus,-70.953497,44.225442,2026,6.256666660308838,26.336000442504883,-14.628000259399414,242.0
6498748903,Anaxyrus americanus,-68.884071,45.921051,2026,1.9283332824707031,22.167999267578125,-19.04400062561035,247.0
6498744163,Anaxyrus americanus,-69.228338,45.565822,2026,2.820500135421753,22.856000900268555,-18.27199935913086,242.0
6498743031,Anaxyrus americanus,-69.034745,46.308911,2026,3.4679999351501465,24.54800033569336,-19.444000244140625,187.0
6498702752,Dryophytes versicolor,-68.613442,44.702789,2026,6.5269999504089355,26.055999755859375,-13.4399995803833,265.0
6498693720,Anaxyrus americanus,-69.09548,46.2808,2026,3.5226666927337646,24.535999298095703,-19.224000930786133,184.0
6498622092,Anaxyrus americanus,-69.307938,45.448587,2026,3.805333375930786,23.91200065612793,-17.555999755859375,226.0
6498597925,Dryophytes versicolor,-68.240513,44.222212,2026,,,,
6498597529,Notophthalmus viridescens,-69.418472,43.983312,2026,7.5020833015441895,24.911109924316406,-10.022222518920898,249.0
6498573869,Anaxyrus americanus,-69.09692,46.303839,2026,3.3568334579467773,24.420000076293945,-19.447999954223633,191.0
6498555552,Anaxyrus americanus,-68.534388,44.495516,2026,6.797833442687988,25.763999938964844,-12.35200023651123,260.0
6498555411,Dryophytes versicolor,-68.613905,44.645616,2026,6.305500030517578,25.6200008392334,-13.555999755859375,270.0
6498552509,Dryophytes versicolor,-67.205893,44.941785,2026,6.165333271026611,25.02400016784668,-13.236000061035156,245.0
6498536574,Anaxyrus americanus,-70.896739,44.802058,2026,4.053833484649658,24.18000030517578,-17.668001174926758,179.0
6498525328,Dryophytes versicolor,-68.64057,44.626109,2026,6.339666843414307,25.76799964904785,-13.503999710083008,269.0
6498464827,Dryophytes versicolor,-69.731815,44.370335,2026,7.04116678237915,26.667999267578125,-13.100000381469727,242.0
6498464425,Notophthalmus viridescens,-68.713617,44.74743,2026,6.654333114624023,26.420000076293945,-13.539999961853027,256.0
6498447802,Anaxyrus americanus,-68.924338,46.206078,2026,3.752333402633667,24.59200096130371,-18.90799903869629,182.0
6498398953,Anaxyrus americanus,-70.377291,43.517766,2026,7.800347328186035,26.274999618530273,-10.804166793823242,246.0
6498386430,Dryophytes versicolor,-68.200492,44.284718,2026,,,,
6498374830,Dryophytes versicolor,-70.270829,43.736678,2026,7.567666530609131,26.064001083374023,-11.359999656677246,249.0
6498351858,Dryophytes versicolor,-70.312866,44.060418,2026,6.9730000495910645,26.336000442504883,-12.967999458312988,255.0
6498343764,Anaxyrus americanus,-69.356721,45.51697,2026,3.7071666717529297,23.968000411987305,-17.803998947143555,221.0
6498308050,Anaxyrus americanus,-69.065873,46.241413,2026,3.615666627883911,24.663999557495117,-19.152000427246094,184.0
6498302098,Anaxyrus americanus,-69.340438,45.427362,2026,3.694000005722046,23.836000442504883,-17.719999313354492,228.0
6498297878,Anaxyrus americanus,-70.212128,43.881925,2026,7.198333263397217,25.996000289916992,-12.124000549316406,249.0
6498297488,Dryophytes versicolor,-70.628624,43.774114,2026,7.005499839782715,26.851999282836914,-13.579999923706055,256.0
6498284595,Anaxyrus americanus,-70.74578,44.526267,2026,5.0886664390563965,24.972000122070312,-15.883999824523926,225.0
6498278201,Dryophytes versicolor,-70.449505,43.532934,2026,7.809833526611328,26.516000747680664,-11.027999877929688,250.0
6498267928,Dryophytes versicolor,-70.534377,43.367032,2026,8.057539939880371,26.542858123779297,-10.09523868560791,247.0
6498266672,Anaxyrus americanus,-69.005968,46.228496,2026,3.7091667652130127,24.81999969482422,-19.11600112915039,182.0
6498238297,Anaxyrus americanus,-69.031892,46.30351,2026,3.4679999351501465,24.54800033569336,-19.444000244140625,187.0
6498200019,Dryophytes versicolor,-70.603019,43.501625,2026,7.540333271026611,26.756000518798828,-11.984000205993652,255.0
6498187618,Dryophytes versicolor,-70.879143,43.115135,2026,,,,
6498185518,Dryophytes versicolor,-68.711498,44.70558,2026,6.60366678237915,26.152000427246094,-13.399999618530273,262.0
6498180822,Anaxyrus americanus,-69.782197,43.832405,2026,7.709920406341553,24.757143020629883,-9.576190948486328,246.0
6498167062,Anaxyrus americanus,-68.41352,44.341205,2024,7.1307291984558105,24.931249618530273,-10.987500190734863,256.0
6498154027,Anaxyrus americanus,-68.113425,44.605417,2026,6.313333511352539,25.20400047302246,-13.251999855041504,267.0
6498153361,Dryophytes versicolor,-69.603309,44.029851,2026,7.549801349639893,25.547618865966797,-10.685714721679688,248.0
6498145979,Anaxyrus americanus,-69.189638,46.866495,2026,2.763166666030884,23.691999435424805,-19.95599937438965,192.0
6498129065,Anaxyrus americanus,-68.922813,45.91667,2026,0.8833333849906921,20.895999908447266,-19.944000244140625,285.0
6498119783,Anaxyrus americanus,-70.360994,43.81178,2026,7.0916666984558105,25.935998916625977,-12.399999618530273,255.0
6498119313,Anaxyrus americanus,-69.150281,46.260362,2026,3.4010000228881836,24.42799949645996,-19.29199981689453,189.0
6498118748,Dryophytes versicolor,-70.162719,44.085031,2026,7.135166645050049,26.507999420166016,-12.684000015258789,253.0
6481405520,Anaxyrus americanus,-69.534172,45.331353,2026,4.414000034332275,24.691999435424805,-17.256000518798828,214.0
6481398592,Notophthalmus viridescens,-68.634172,44.873427,2026,6.544000148773193,26.607999801635742,-13.751999855041504,237.0
6481386861,Dryophytes versicolor,-70.600142,43.915908,2026,7.1623334884643555,26.559999465942383,-12.604000091552734,257.0
6481367344,Dryophytes versicolor,-68.68981,44.685228,2026,6.56516695022583,26.144001007080078,-13.395999908447266,263.0
6481264012,Dryophytes versicolor,-70.624176,43.906422,2026,7.1623334884643555,26.559999465942383,-12.604000091552734,257.0
6481262877,Anaxyrus americanus,-68.954775,46.184048,2026,3.752333402633667,24.59200096130371,-18.90799903869629,182.0
6481246630,Dryophytes versicolor,-68.630479,44.770283,2026,6.499166488647461,26.347999572753906,-13.687999725341797,256.0
6481196621,Anaxyrus americanus,-68.534766,46.931707,2026,2.806666612625122,24.079999923706055,-20.59200096130371,201.0
6481133626,Anaxyrus americanus,-68.877883,44.449088,2026,,,,
6481126061,Dryophytes versicolor,-68.704495,44.642706,2026,6.632166862487793,26.139999389648438,-13.227999687194824,261.0
6481107268,Anaxyrus americanus,-69.766196,43.825107,2026,7.709920406341553,24.757143020629883,-9.576190948486328,246.0
6481006914,Anaxyrus americanus,-69.814926,43.812327,2026,7.709868431091309,24.947368621826172,-9.77368450164795,245.0
6481001721,Notophthalmus viridescens,-69.418883,43.98332,2026,7.5020833015441895,24.911109924316406,-10.022222518920898,249.0
6480962887,Anaxyrus americanus,-70.599411,43.916519,2026,7.1623334884643555,26.559999465942383,-12.604000091552734,257.0
6480903622,Anaxyrus americanus,-68.261717,44.259538,2026,,,,
6480891500,Anaxyrus americanus,-68.907662,45.83742,2026,3.7321667671203613,24.260000228881836,-17.77199935913086,206.0
6480874415,Dryophytes versicolor,-68.782906,44.661384,2026,6.589333534240723,26.059999465942383,-13.263999938964844,262.0
6480860695,Anaxyrus americanus,-70.087865,44.017323,2023,7.176833152770996,26.152000427246094,-12.144000053405762,249.0
6480857557,Anaxyrus americanus,-70.827165,44.314054,2026,5.793333530426025,25.715999603271484,-15.027999877929688,234.0
6480804822,Anaxyrus americanus,-68.844588,45.891443,2026,3.36899995803833,23.836000442504883,-17.871999740600586,210.0
6480778348,Dryophytes versicolor,-68.792237,44.690163,2026,6.709666728973389,26.384000778198242,-13.312000274658203,251.0
6480764024,Dryophytes versicolor,-69.775472,44.186782,2026,7.2170000076293945,26.368000030517578,-12.527999877929688,253.0
6480756291,Notophthalmus viridescens,-67.85023,44.611727,2026,6.5293402671813965,25.120834350585938,-12.899999618530273,253.0
6480742933,Dryophytes versicolor,-68.670387,44.653493,2026,6.632166862487793,26.139999389648438,-13.227999687194824,261.0
6480719292,Dryophytes versicolor,-68.620563,44.747557,2026,6.309000015258789,25.92799949645996,-13.732000350952148,270.0
6480698086,Anaxyrus americanus,-70.668037,43.175342,2026,8.284333229064941,26.847999572753906,-9.784000396728516,252.0
6480682365,Anaxyrus americanus,-67.933572,44.459619,2026,6.672826290130615,24.591304779052734,-12.017391204833984,254.0
6480681797,Anaxyrus americanus,-70.201478,43.916174,2026,7.204833030700684,25.875999450683594,-11.916000366210938,248.0
6480663297,Dryophytes versicolor,-69.383033,44.44725,2026,6.376500129699707,25.56399917602539,-13.303999900817871,257.0
6480648523,Dryophytes versicolor,-68.319185,44.4911,2026,6.888999938964844,25.687999725341797,-12.208000183105469,258.0
6480562387,Anaxyrus americanus,-70.13889,44.673308,2026,5.76633358001709,26.09200096130371,-15.859999656677246,258.0
6480556858,Dryophytes versicolor,-70.909318,43.775697,2026,6.7813334465026855,26.988000869750977,-14.100000381469727,275.0
6480553611,Dryophytes versicolor,-69.888022,44.517558,2026,6.616833209991455,26.45199966430664,-14.267999649047852,238.0
6480501875,Anaxyrus americanus,-69.88858,43.933858,2026,7.6147918701171875,25.975000381469727,-11.114999771118164,245.0
6480457897,Anaxyrus americanus,-70.517601,44.85922,2026,4.261499881744385,24.375999450683594,-17.0,224.0
6480453757,Dryophytes versicolor,-68.782294,44.773012,2026,6.9691667556762695,27.15999984741211,-13.532000541687012,248.0
6480431785,Dryophytes versicolor,-68.716965,44.608437,2026,6.809333324432373,26.219999313354492,-12.911999702453613,258.0
6480413827,Dryophytes versicolor,-68.711709,44.678959,2026,6.60366678237915,26.152000427246094,-13.399999618530273,262.0
6480409084,Dryophytes versicolor,-68.778167,44.778977,2026,6.9691667556762695,27.15999984741211,-13.532000541687012,248.0
6480381526,Dryophytes versicolor,-68.748649,44.758389,2026,6.7813334465026855,26.871999740600586,-13.644000053405762,248.0
6480328898,Dryophytes versicolor,-68.72385,44.646847,2026,6.552666664123535,26.035999298095703,-13.303999900817871,264.0
6480313184,Notophthalmus viridescens,-68.64353,44.631345,2026,6.339666843414307,25.76799964904785,-13.503999710083008,269.0
6480267350,Dryophytes versicolor,-68.663994,44.618687,2026,6.58050012588501,25.93600082397461,-13.187999725341797,263.0
6480217397,Anaxyrus americanus,-70.636362,43.820778,2026,6.920333385467529,26.691999435424805,-13.588000297546387,260.0
6480177565,Dryophytes versicolor,-70.808972,43.235272,2026,8.292166709899902,27.76799964904785,-10.619999885559082,253.0
6480168774,Anaxyrus americanus,-69.925253,43.892559,2026,7.652651786804199,25.950000762939453,-10.940909385681152,245.0
6480159801,Anaxyrus americanus,-70.264983,44.075711,2026,7.060500144958496,26.399999618530273,-12.803999900817871,254.0
6480130673,Anaxyrus americanus,-70.143227,44.667233,2026,5.76633358001709,26.09200096130371,-15.859999656677246,258.0
6480081641,Dryophytes versicolor,-68.683211,44.733697,2026,6.362666606903076,26.04400062561035,-13.736000061035156,267.0
6480052751,Anaxyrus americanus,-68.835953,45.902803,2026,3.36899995803833,23.836000442504883,-17.871999740600586,210.0
6480011573,Anaxyrus americanus,-70.588158,43.915077,2023,7.1623334884643555,26.559999465942383,-12.604000091552734,257.0
6480009171,Anaxyrus americanus,-70.317453,43.692529,2026,7.831333160400391,26.559999465942383,-11.355999946594238,250.0
6479952907,Dryophytes versicolor,-70.153564,44.098545,2026,7.135166645050049,26.507999420166016,-12.684000015258789,253.0
6479887601,Anaxyrus americanus,-70.879719,43.879736,2026,6.578000068664551,26.691999435424805,-14.5,282.0
6479845375,Anaxyrus americanus,-70.82428,44.022428,2026,6.287166595458984,26.187999725341797,-14.680000305175781,280.0
6479841383,Anaxyrus americanus,-70.81347,44.143425,2026,6.347833156585693,26.42799949645996,-14.684000015258789,253.0
6479760838,Dryophytes versicolor,-68.671088,44.772978,2026,6.63433313369751,26.588001251220703,-13.624000549316406,248.0
6479678278,Anaxyrus americanus,-70.855805,44.005042,2026,6.497499942779541,26.695999145507812,-14.631999969482422,269.0
6479672857,Dryophytes versicolor,-68.719752,44.744586,2026,6.654333114624023,26.420000076293945,-13.539999961853027,256.0
6479662041,Dryophytes versicolor,-68.709627,44.779383,2026,6.7813334465026855,26.871999740600586,-13.644000053405762,248.0
6479643807,Anaxyrus americanus,-69.275903,44.232403,2026,7.163333415985107,25.59200096130371,-11.680000305175781,256.0
6479610282,Anaxyrus americanus,-68.87835,44.4454,2026,,,,
6479599760,Dryophytes versicolor,-68.743167,44.632465,2026,6.552666664123535,26.035999298095703,-13.303999900817871,264.0
6479542801,Anaxyrus americanus,-70.49153,43.79337,2026,7.08483362197876,26.280000686645508,-12.65999984741211,253.0
6479482839,Dryophytes versicolor,-68.753976,44.650907,2026,6.589333534240723,26.059999465942383,-13.263999938964844,262.0
6479477778,Anaxyrus americanus,-70.179333,44.1471,2026,6.987166881561279,26.375999450683594,-13.003999710083008,254.0
6479408876,Notophthalmus viridescens,-70.81285,43.583778,2026,7.112333297729492,27.059999465942383,-13.204000473022461,269.0
6479364994,Anaxyrus americanus,-69.369217,44.29072,2026,6.95883321762085,25.696001052856445,-12.084000587463379,257.0
6479355635,Dryophytes versicolor,-68.627424,44.888881,2026,6.609499931335449,26.81999969482422,-13.807999610900879,231.0
6479336743,Notophthalmus viridescens,-68.32197,44.393833,2026,7.011833190917969,25.464000701904297,-11.715999603271484,257.0
6479297021,Anaxyrus americanus,-70.356963,43.808955,2026,7.0916666984558105,25.935998916625977,-12.399999618530273,255.0
6479272282,Anaxyrus americanus,-68.639405,44.916887,2026,6.517666816711426,26.775999069213867,-14.072000503540039,231.0
6479236542,Anaxyrus americanus,-69.36718,46.367447,2026,3.3893332481384277,24.24799919128418,-19.148000717163086,187.0
6479210330,Dryophytes versicolor,-70.600342,43.916125,2026,7.1623334884643555,26.559999465942383,-12.604000091552734,257.0
6479192748,Anaxyrus americanus,-70.207949,44.408969,2026,6.378333568572998,26.239999771118164,-14.291999816894531,260.0
6479175692,Dryophytes versicolor,-68.786997,44.608699,2026,6.803500175476074,26.13599967956543,-12.819999694824219,260.0
6479168167,Anaxyrus americanus,-70.606453,43.506805,2026,7.540333271026611,26.756000518798828,-11.984000205993652,255.0
6479165023,Anaxyrus americanus,-68.776047,44.811277,2026,7.00333309173584,27.31999969482422,-13.616000175476074,244.0
6479157444,Anaxyrus americanus,-69.8476,43.722527,2026,7.704807758331299,24.346153259277344,-8.992307662963867,243.0
6479134366,Anaxyrus americanus,-70.979217,44.385637,2026,5.6504998207092285,25.739999771118164,-15.251999855041504,214.0
6479133590,Anaxyrus americanus,-68.578219,47.206543,2026,2.864833354949951,24.172000885009766,-20.700000762939453,195.0
6479131608,Dryophytes versicolor,-69.662575,43.872906,2026,7.671229839324951,24.44761848449707,-9.295238494873047,246.0
6479101367,Anaxyrus americanus,-68.365622,44.299972,2026,6.921166896820068,24.908000946044922,-11.420000076293945,262.0
6479083327,Anaxyrus americanus,-69.071556,44.232708,2026,6.89965295791626,24.762500762939453,-11.337499618530273,260.0
6470784756,Dryophytes versicolor,-68.612475,44.624483,2026,6.517666816711426,25.803998947143555,-13.263999938964844,264.0
6470739742,Notophthalmus viridescens,-68.667723,44.914397,2026,6.562333106994629,26.719999313354492,-13.807999610900879,232.0
6470716044,Dryophytes versicolor,-68.660374,44.671646,2026,6.4651665687561035,26.031999588012695,-13.484000205993652,266.0
6470671018,Anaxyrus americanus,-68.635465,45.932251,2026,4.843166351318359,25.68000030517578,-17.07200050354004,201.0
6470623803,Anaxyrus americanus,-68.630048,44.650405,2026,6.339666843414307,25.76799964904785,-13.503999710083008,269.0
6470603696,Anaxyrus americanus,-68.599187,47.252052,2026,,,,
6470573118,Anaxyrus americanus,-69.067646,46.626819,2026,2.4765000343322754,23.59200096130371,-20.29599952697754,195.0
6470562580,Dryophytes versicolor,-68.770882,44.675242,2026,6.512666702270508,26.06800079345703,-13.491999626159668,264.0
6470516866,Anaxyrus americanus,-70.64492,44.960063,2026,3.7065000534057617,24.076000213623047,-18.148000717163086,213.0
6470494097,Dryophytes versicolor,-68.653658,44.782908,2026,6.499166488647461,26.347999572753906,-13.687999725341797,256.0
6470391706,Anaxyrus americanus,-70.909845,43.306903,2024,7.94083309173584,27.86400032043457,-11.527999877929688,255.0
6470383143,Dryophytes versicolor,-68.634566,44.741248,2026,6.496500015258789,26.20400047302246,-13.564000129699707,264.0
6470357727,Dryophytes versicolor,-68.299737,44.306042,2026,,,,
6470350594,Anaxyrus americanus,-70.813216,43.363217,2026,7.714166641235352,27.27199935913086,-11.48799991607666,264.0
6470344036,Dryophytes versicolor,-68.722994,44.653607,2026,6.552666664123535,26.035999298095703,-13.303999900817871,264.0
6470324894,Anaxyrus americanus,-70.59479,44.376135,2026,5.426167011260986,25.211999893188477,-15.315999984741211,250.0
6470282029,Dryophytes versicolor,-70.794107,44.413209,2026,5.92549991607666,26.191999435424805,-15.156000137329102,216.0
6470209510,Dryophytes versicolor,-70.342803,43.690645,2026,7.69350004196167,26.503999710083008,-11.640000343322754,249.0
6470208667,Anaxyrus americanus,-70.659865,43.40011,2026,7.875333309173584,27.131999969482422,-11.248000144958496,254.0
6470184019,Anaxyrus americanus,-69.190155,45.264737,2026,5.2870001792907715,25.555999755859375,-16.375999450683594,216.0
6470171100,Anaxyrus americanus,-69.758771,44.28157,2026,7.212166786193848,26.687999725341797,-12.808000564575195,252.0
6470149498,Anaxyrus americanus,-68.781382,44.812022,2026,7.00333309173584,27.31999969482422,-13.616000175476074,244.0
6470128430,Dryophytes versicolor,-68.727447,44.750041,2026,6.7813334465026855,26.871999740600586,-13.644000053405762,248.0
6470124062,Dryophytes versicolor,-68.62088,44.760046,2026,6.500999927520752,26.288000106811523,-13.708000183105469,259.0
6469981833,Anaxyrus americanus,-70.816769,43.361151,2026,7.714166641235352,27.27199935913086,-11.48799991607666,264.0
6469942927,Dryophytes versicolor,-68.64791,44.71123,2026,6.496500015258789,26.20400047302246,-13.564000129699707,264.0
6469911712,Notophthalmus viridescens,-68.983755,46.609343,2026,2.7256667613983154,23.775999069213867,-20.1560001373291,194.0
6469911033,Dryophytes versicolor,-68.783869,44.615024,2026,6.803500175476074,26.13599967956543,-12.819999694824219,260.0
6469901861,Dryophytes versicolor,-68.661104,44.74714,2026,6.496500015258789,26.20400047302246,-13.564000129699707,264.0
6469868521,Anaxyrus americanus,-70.99253,44.356855,2026,5.436166763305664,25.384000778198242,-15.232000350952148,225.0
6469866748,Anaxyrus americanus,-70.236605,43.828806,2026,7.369333267211914,26.0,-11.763999938964844,248.0
6469781592,Anaxyrus americanus,-68.141669,46.641248,2026,3.744999885559082,24.79599952697754,-18.88800048828125,172.0
6469774127,Dryophytes versicolor,-70.463547,43.408275,2026,7.92549991607666,26.327999114990234,-10.272000312805176,246.0
6469716558,Dryophytes versicolor,-68.626427,44.634953,2026,6.339666843414307,25.76799964904785,-13.503999710083008,269.0
6452642600,Dryophytes versicolor,-69.909599,43.896402,2026,7.660984992980957,25.777273178100586,-10.759090423583984,245.0
6452579479,Anaxyrus americanus,-69.537327,44.060754,2026,,,,
6452573355,Anaxyrus americanus,-70.83002,45.008849,2026,3.7096667289733887,23.86400032043457,-17.899999618530273,204.0
6452561461,Dryophytes versicolor,-70.877297,43.16035,2026,,,,
6452558336,Anaxyrus americanus,-68.849751,45.932593,2026,2.86299991607666,23.20800018310547,-18.31999969482422,222.0
6452501065,Dryophytes versicolor,-68.608983,44.632496,2026,6.305500030517578,25.6200008392334,-13.555999755859375,270.0
6452466369,Anaxyrus americanus,-69.909535,43.896415,2026,7.660984992980957,25.777273178100586,-10.759090423583984,245.0
6452434089,Anaxyrus americanus,-70.877743,43.907299,2026,6.578000068664551,26.691999435424805,-14.5,282.0
6452423916,Dryophytes versicolor,-68.761602,44.613949,2026,6.803500175476074,26.13599967956543,-12.819999694824219,260.0
6452399855,Anaxyrus americanus,-70.897909,43.814939,2026,6.828833103179932,27.100000381469727,-14.267999649047852,274.0
6452398901,Dryophytes versicolor,-70.293384,44.039835,2026,6.954333305358887,26.20400047302246,-12.847999572753906,255.0
6452352334,Dryophytes versicolor,-69.909629,43.896474,2026,7.660984992980957,25.777273178100586,-10.759090423583984,245.0
6452311102,Dryophytes versicolor,-68.954224,45.24828,2026,5.605999946594238,25.972000122070312,-15.784000396728516,220.0
6452309707,Anaxyrus americanus,-69.52575,44.10222,2026,7.3451666831970215,25.663999557495117,-11.295999526977539,252.0
6452179718,Dryophytes versicolor,-68.753267,44.795417,2026,7.00333309173584,27.31999969482422,-13.616000175476074,244.0
6452148803,Anaxyrus americanus,-69.327767,43.979561,2026,,,,
6452139344,Dryophytes versicolor,-68.060323,44.332604,2026,,,,
6452081417,Anaxyrus americanus,-69.424683,45.285897,2025,5.005666732788086,25.375999450683594,-16.72800064086914,209.0
6452056501,Anaxyrus americanus,-69.032527,45.922597,2026,2.3434998989105225,22.68400001525879,-19.200000762939453,238.0
6452055951,Dryophytes versicolor,-70.813701,43.361927,2026,7.714166641235352,27.27199935913086,-11.48799991607666,264.0
6452028111,Anaxyrus americanus,-69.0709,45.963117,2026,3.123166561126709,23.8439998626709,-18.899999618530273,205.0
6452007878,Dryophytes versicolor,-68.66323,44.703745,2026,6.4651665687561035,26.031999588012695,-13.484000205993652,266.0
6451990663,Anaxyrus americanus,-69.030444,45.92175,2026,2.3434998989105225,22.68400001525879,-19.200000762939453,238.0
6451986507,Anaxyrus americanus,-70.649485,43.989554,2026,6.757833480834961,26.59600067138672,-14.088000297546387,262.0
6451955571,Dryophytes versicolor,-68.736375,44.759949,2026,6.7813334465026855,26.871999740600586,-13.644000053405762,248.0
6451925387,Anaxyrus americanus,-69.038781,45.918568,2026,2.3434998989105225,22.68400001525879,-19.200000762939453,238.0
6451883717,Notophthalmus viridescens,-69.723419,43.98395,2026,7.476333141326904,25.527999877929688,-10.767999649047852,249.0
6451810854,Anaxyrus americanus,-70.53257,44.059795,2026,6.655666828155518,26.20400047302246,-13.9399995803833,262.0
6451809101,Anaxyrus americanus,-69.93505,43.956475,2026,7.578666687011719,26.128000259399414,-11.359999656677246,246.0
6451804125,Anaxyrus americanus,-69.521923,44.468157,2026,6.810333251953125,26.447999954223633,-13.4399995803833,232.0
6451793697,Anaxyrus americanus,-70.607547,44.955688,2026,3.4806666374206543,23.583999633789062,-18.011999130249023,229.0
6451772122,Anaxyrus americanus,-70.887422,43.842955,2021,6.706166744232178,26.892000198364258,-14.391999244689941,279.0
6451754705,Anaxyrus americanus,-70.469491,44.23611,2026,6.2856669425964355,26.09600067138672,-14.355999946594238,260.0
6451754392,Anaxyrus americanus,-70.607139,44.956379,2026,3.4806666374206543,23.583999633789062,-18.011999130249023,229.0
6451706692,Dryophytes versicolor,-69.384422,44.448338,2026,6.376500129699707,25.56399917602539,-13.303999900817871,257.0
6451689433,Dryophytes versicolor,-68.716553,44.79429,2026,6.86566686630249,27.06399917602539,-13.619999885559082,242.0
6451686028,Anaxyrus americanus,-69.882163,44.13725,2025,7.091333389282227,26.196001052856445,-12.52400016784668,252.0
6451680737,Anaxyrus americanus,-70.607139,44.956379,2026,3.4806666374206543,23.583999633789062,-18.011999130249023,229.0
6451646494,Anaxyrus americanus,-70.807272,44.062853,2024,6.46750020980835,26.555999755859375,-14.644000053405762,265.0
6451607370,Dryophytes versicolor,-69.644535,44.070688,2026,7.3448333740234375,25.68000030517578,-11.276000022888184,251.0
6451585642,Dryophytes versicolor,-68.63529,44.769224,2026,6.499166488647461,26.347999572753906,-13.687999725341797,256.0
6451563744,Anaxyrus americanus,-70.158994,43.879588,2026,7.231166839599609,25.803998947143555,-11.795999526977539,247.0
6442056389,Anaxyrus americanus,-70.762275,43.443322,2026,7.79116678237915,27.624000549316406,-11.85200023651123,261.0
6442048066,Anaxyrus americanus,-69.064493,45.992776,2026,3.123166561126709,23.8439998626709,-18.899999618530273,205.0
6442039473,Anaxyrus americanus,-68.252551,44.274357,2026,,,,
6442019102,Dryophytes versicolor,-68.776573,44.615416,2026,6.803500175476074,26.13599967956543,-12.819999694824219,260.0
6442009678,Dryophytes versicolor,-68.768786,44.667691,2026,6.512666702270508,26.06800079345703,-13.491999626159668,264.0
6441971881,Anaxyrus americanus,-70.871932,44.213765,2026,6.290499687194824,26.375999450683594,-14.760000228881836,244.0
6441958755,Anaxyrus americanus,-68.056014,46.725128,2026,3.7843334674835205,24.812000274658203,-18.42799949645996,169.0
6441953742,Anaxyrus americanus,-70.347123,44.156302,2025,6.4691667556762695,25.947999954223633,-13.708000183105469,266.0
6441935498,Anaxyrus americanus,-69.665078,44.562346,2026,6.94350004196167,27.18400001525879,-13.927999496459961,221.0
6441912680,Anaxyrus americanus,-70.368179,43.889206,2026,7.028166770935059,26.128000259399414,-12.751999855041504,254.0
6441873880,Anaxyrus americanus,-70.878623,43.451297,2026,7.400833606719971,27.26799964904785,-12.276000022888184,267.0
6441866900,Notophthalmus viridescens,-70.358337,43.881972,2026,7.028166770935059,26.128000259399414,-12.751999855041504,254.0
6441866303,Anaxyrus americanus,-68.827361,45.905252,2026,4.039999961853027,24.6200008392334,-17.56800079345703,205.0
6441831793,Dryophytes versicolor,-68.890578,44.837422,2026,6.327499866485596,26.36400032043457,-14.260000228881836,234.0
6441825024,Dryophytes versicolor,-68.656434,44.635267,2026,6.339666843414307,25.76799964904785,-13.503999710083008,269.0
6441814952,Anaxyrus americanus,-70.538823,44.935833,2026,2.686833381652832,22.25200080871582,-17.86400032043457,278.0
6441806321,Anaxyrus americanus,-70.867681,44.141421,2026,6.438666820526123,26.68400001525879,-14.692000389099121,249.0
6441778780,Dryophytes versicolor,-68.607812,44.685931,2026,6.5269999504089355,26.055999755859375,-13.4399995803833,265.0
6441774727,Anaxyrus americanus,-69.9767,44.233555,2026,7.054499626159668,26.36400032043457,-12.960000038146973,254.0
6441770098,Dryophytes versicolor,-68.757611,44.708705,2026,6.747833251953125,26.576000213623047,-13.479999542236328,251.0
6441754883,Anaxyrus americanus,-70.992872,44.356988,2026,5.436166763305664,25.384000778198242,-15.232000350952148,225.0
6441750635,Anaxyrus americanus,-69.029219,44.322541,2026,7.0291666984558105,25.307998657226562,-11.472000122070312,255.0
6441750467,Anaxyrus americanus,-70.631737,43.407712,2026,7.875333309173584,27.131999969482422,-11.248000144958496,254.0
6441726869,Anaxyrus americanus,-70.782468,44.974339,2026,3.680000066757202,23.868000030517578,-18.040000915527344,205.0
6441711581,Dryophytes versicolor,-68.674028,44.731462,2026,6.362666606903076,26.04400062561035,-13.736000061035156,267.0
6441699424,Dryophytes versicolor,-69.742758,45.692475,2026,3.886833429336548,24.036001205444336,-17.90399932861328,189.0
6441674031,Anaxyrus americanus,-68.975708,44.535002,2026,6.750833511352539,25.871999740600586,-12.772000312805176,261.0
6441650950,Anaxyrus americanus,-70.209882,43.568148,2023,,,,
6441648473,Anaxyrus americanus,-70.663038,44.380755,2026,5.840666770935059,25.860000610351562,-15.128000259399414,233.0
6441617757,Anaxyrus americanus,-70.542251,44.942271,2026,3.178833246231079,23.131999969482422,-17.992000579833984,242.0
6441600721,Dryophytes versicolor,-68.642434,44.628708,2026,6.339666843414307,25.76799964904785,-13.503999710083008,269.0
6441583716,Dryophytes versicolor,-68.77282,44.610618,2026,6.803500175476074,26.13599967956543,-12.819999694824219,260.0
6441583615,Notophthalmus viridescens,-68.6602,44.902436,2026,6.609499931335449,26.81999969482422,-13.807999610900879,231.0
6441542586,Anaxyrus americanus,-67.022204,44.770358,2026,6.132500171661377,23.650001525878906,-11.880000114440918,243.0
6441542468,Anaxyrus americanus,-70.897814,44.180909,2026,6.575833320617676,26.851999282836914,-14.555999755859375,241.0
6441530836,Anaxyrus americanus,-70.872253,44.21372,2026,6.290499687194824,26.375999450683594,-14.760000228881836,244.0
6441506503,Dryophytes versicolor,-70.842513,43.132347,2026,,,,
6441503822,Notophthalmus viridescens,-69.368858,44.248105,2026,7.07883358001709,25.7239990234375,-11.795999526977539,256.0
6441477748,Dryophytes versicolor,-68.685588,44.641154,2026,6.632166862487793,26.139999389648438,-13.227999687194824,261.0
6441451063,Anaxyrus americanus,-69.696067,44.368942,2026,6.968999862670898,26.411998748779297,-13.02400016784668,244.0
6441447876,Anaxyrus americanus,-69.572853,44.244362,2026,7.145666599273682,26.100000381469727,-12.199999809265137,255.0
6441436790,Anaxyrus americanus,-69.057786,44.234679,2026,6.89965295791626,24.762500762939453,-11.337499618530273,260.0
6441436325,Dryophytes versicolor,-68.724811,44.651224,2026,6.552666664123535,26.035999298095703,-13.303999900817871,264.0
6441406882,Dryophytes versicolor,-68.763589,44.741768,2026,6.747833251953125,26.576000213623047,-13.479999542236328,251.0
6441400411,Anaxyrus americanus,-70.008323,44.107106,2025,6.882833003997803,25.8799991607666,-12.65999984741211,257.0
6441371645,Anaxyrus americanus,-68.996117,46.161053,2026,3.6019999980926514,24.492000579833984,-18.95599937438965,189.0
6441324787,Dryophytes versicolor,-68.755794,44.710137,2026,6.747833251953125,26.576000213623047,-13.479999542236328,251.0
6441312658,Notophthalmus viridescens,-68.679097,44.637879,2026,6.632166862487793,26.139999389648438,-13.227999687194824,261.0
6441283961,Notophthalmus viridescens,-70.812958,44.640453,2026,4.51533317565918,24.579999923706055,-16.43199920654297,204.0
6441250695,Dryophytes versicolor,-68.67976,44.659872,2026,6.632166862487793,26.139999389648438,-13.227999687194824,261.0
6441249738,Anaxyrus americanus,-67.144941,44.703621,2026,6.150781154632568,23.931249618530273,-12.231249809265137,245.0
6441202456,Dryophytes versicolor,-68.739447,44.650541,2026,6.552666664123535,26.035999298095703,-13.303999900817871,264.0
6441185967,Anaxyrus americanus,-69.253608,44.28783,2026,7.014666557312012,25.600000381469727,-11.956000328063965,258.0
6441150010,Anaxyrus americanus,-69.857283,43.860222,2026,7.632465362548828,25.100000381469727,-10.191666603088379,245.0
6441139437,Anaxyrus americanus,-70.967589,44.136759,2026,6.5269999504089355,26.95199966430664,-14.616000175476074,246.0
6441137765,Dryophytes versicolor,-68.675862,44.764282,2026,6.63433313369751,26.588001251220703,-13.624000549316406,248.0
6441129878,Anaxyrus americanus,-70.458038,44.222288,2026,6.000666618347168,25.559999465942383,-14.45199966430664,271.0
6441096124,Dryophytes versicolor,-69.769425,44.046849,2026,7.35366678237915,25.979999542236328,-11.711999893188477,248.0
6441015389,Dryophytes versicolor,-68.737312,44.661419,2026,6.552666664123535,26.035999298095703,-13.303999900817871,264.0
6440989793,Dryophytes versicolor,-68.635296,44.63287,2026,6.339666843414307,25.76799964904785,-13.503999710083008,269.0
6440972499,Dryophytes versicolor,-68.715271,44.658682,2026,6.552666664123535,26.035999298095703,-13.303999900817871,264.0
6440964885,Anaxyrus americanus,-70.537436,43.553979,2026,7.5329999923706055,26.607999801635742,-11.86400032043457,249.0
6440958092,Anaxyrus americanus,-70.319449,45.147005,2026,3.0968334674835205,22.756000518798828,-17.763999938964844,248.0
6440933683,Dryophytes versicolor,-68.652844,44.622271,2026,6.58050012588501,25.93600082397461,-13.187999725341797,263.0
6440931622,Anaxyrus americanus,-69.266167,45.461521,2026,4.2241668701171875,24.46000099182129,-17.299999237060547,216.0
6440925447,Anaxyrus americanus,-70.744176,43.41406,2026,7.854666709899902,27.42799949645996,-11.496000289916992,259.0
6431930759,Anaxyrus americanus,-70.814957,43.361255,2026,7.714166641235352,27.27199935913086,-11.48799991607666,264.0
6431912748,Anaxyrus americanus,-70.367874,43.890819,2026,7.028166770935059,26.128000259399414,-12.751999855041504,254.0
6431902844,Anaxyrus americanus,-70.994762,44.353331,2026,5.436166763305664,25.384000778198242,-15.232000350952148,225.0
6431886362,Anaxyrus americanus,-68.699779,44.385513,2026,7.108333110809326,25.68181800842285,-11.77727222442627,253.0
6431847548,Anaxyrus americanus,-69.033187,44.343654,2026,6.885833263397217,25.347999572753906,-11.880000114440918,260.0
6431826974,Anaxyrus americanus,-69.574274,44.242228,2026,7.145666599273682,26.100000381469727,-12.199999809265137,255.0
6431814521,Anaxyrus americanus,-69.571589,44.242273,2026,7.145666599273682,26.100000381469727,-12.199999809265137,255.0
6431727690,Anaxyrus americanus,-70.64868,44.288882,2026,6.017333507537842,25.884000778198242,-14.751999855041504,249.0
6431609439,Dryophytes versicolor,-70.459862,43.531728,2026,7.728833198547363,26.628000259399414,-11.319999694824219,249.0
6431608308,Anaxyrus americanus,-69.572519,44.242281,2026,7.145666599273682,26.100000381469727,-12.199999809265137,255.0
6431578490,Notophthalmus viridescens,-70.814456,43.36147,2026,7.714166641235352,27.27199935913086,-11.48799991607666,264.0
6431490739,Anaxyrus americanus,-69.575165,44.244478,2026,7.145666599273682,26.100000381469727,-12.199999809265137,255.0
6431460038,Dryophytes versicolor,-69.418997,45.379732,2026,4.403500080108643,24.736000061035156,-17.299999237060547,212.0
6431406499,Anaxyrus americanus,-70.035464,45.241015,2026,4.2143330574035645,24.483999252319336,-17.423999786376953,204.0
6431393787,Anaxyrus americanus,-69.9459,43.951997,2026,7.578666687011719,26.128000259399414,-11.359999656677246,246.0
6431333384,Dryophytes versicolor,-70.581552,43.282065,2026,,,,
6431293916,Anaxyrus americanus,-68.780701,46.047484,2026,4.246833324432373,24.871999740600586,-18.18400001525879,195.0
6431265829,Anaxyrus americanus,-69.802365,44.271983,2026,7.03849983215332,26.45599937438965,-12.935999870300293,255.0
6431198688,Anaxyrus americanus,-70.738725,43.166514,2026,8.499667167663574,27.26799964904785,-9.616000175476074,248.0
6431171650,Anaxyrus americanus,-69.946097,43.952163,2026,7.578666687011719,26.128000259399414,-11.359999656677246,246.0
6431164515,Dryophytes versicolor,-68.683029,44.679872,2026,6.56516695022583,26.144001007080078,-13.395999908447266,263.0
6431140759,Anaxyrus americanus,-69.075115,45.885586,2026,3.7096667289733887,24.392000198364258,-18.18000030517578,198.0
6431136609,Dryophytes versicolor,-70.385545,44.024422,2026,6.861000061035156,26.148000717163086,-13.307999610900879,257.0
6431090831,Anaxyrus americanus,-69.571919,44.241911,2026,7.145666599273682,26.100000381469727,-12.199999809265137,255.0
6431040396,Anaxyrus americanus,-69.573698,44.242181,2026,7.145666599273682,26.100000381469727,-12.199999809265137,255.0
6431014113,Anaxyrus americanus,-69.573906,44.242898,2026,7.145666599273682,26.100000381469727,-12.199999809265137,255.0
6430997402,Anaxyrus americanus,-69.687355,45.27578,2026,4.019333362579346,24.34000015258789,-17.65999984741211,214.0
6430992515,Dryophytes versicolor,-70.274553,44.085182,2026,7.025000095367432,26.355998992919922,-12.932000160217285,255.0
6430957944,Dryophytes versicolor,-68.262663,44.376025,2026,6.910666465759277,25.472000122070312,-11.907999992370605,261.0
6430931039,Notophthalmus viridescens,-69.013423,46.000344,2026,2.809499979019165,23.535999298095703,-19.351999282836914,209.0
6430917382,Anaxyrus americanus,-69.571589,44.242273,2026,7.145666599273682,26.100000381469727,-12.199999809265137,255.0
6430906788,Dryophytes versicolor,-68.714697,44.750835,2026,6.7813334465026855,26.871999740600586,-13.644000053405762,248.0
6430899621,Anaxyrus americanus,-70.179992,43.907967,2026,7.204833030700684,25.875999450683594,-11.916000366210938,248.0
6430883350,Anaxyrus americanus,-70.737723,43.176423,2026,8.345333099365234,27.163999557495117,-9.960000038146973,252.0
6430826355,Dryophytes versicolor,-70.888283,43.324035,2026,7.94083309173584,27.86400032043457,-11.527999877929688,255.0
6430814344,Anaxyrus americanus,-68.975457,45.786405,2026,4.67716646194458,25.308000564575195,-17.215999603271484,195.0
6430806339,Anaxyrus americanus,-69.654068,44.58191,2026,6.94350004196167,27.18400001525879,-13.927999496459961,221.0
6423216459,Dryophytes versicolor,-69.078987,44.197098,2026,7.273717880249023,25.069231033325195,-10.776923179626465,253.0
6423198798,Dryophytes versicolor,-68.059945,44.333039,2026,,,,
6423182504,Dryophytes versicolor,-69.854767,44.626178,2024,6.227166652679443,26.31999969482422,-14.96399974822998,230.0
6423177435,Anaxyrus americanus,-68.954203,45.248286,2026,5.605999946594238,25.972000122070312,-15.784000396728516,220.0
6423153703,Anaxyrus americanus,-68.315483,44.23172,2026,7.106249809265137,24.600000381469727,-10.649999618530273,254.0
6423143689,Anaxyrus americanus,-67.459695,44.713283,2025,6.238500118255615,24.827999114990234,-13.300000190734863,251.0
6423134892,Notophthalmus viridescens,-70.319257,44.459455,2025,6.169333457946777,26.20400047302246,-14.85200023651123,248.0
6423133723,Dryophytes versicolor,-68.689655,44.978442,2026,6.349833011627197,26.559999465942383,-14.36400032043457,228.0
6423110374,Anaxyrus americanus,-68.465357,46.001863,2026,4.053666591644287,24.8439998626709,-18.38399887084961,205.0
6423085480,Anaxyrus americanus,-70.711464,43.960686,2026,6.4651665687561035,26.408000946044922,-14.5600004196167,272.0
6423082966,Anaxyrus americanus,-67.934455,44.458613,2026,6.672826290130615,24.591304779052734,-12.017391204833984,254.0
6423059670,Anaxyrus americanus,-68.851843,45.927034,2020,2.86299991607666,23.20800018310547,-18.31999969482422,222.0
6423043955,Anaxyrus americanus,-68.774227,44.864798,2026,6.592499732971191,26.719999313354492,-13.927999496459961,235.0
6422948431,Dryophytes versicolor,-67.019527,44.875229,2026,,,,
6422882048,Anaxyrus americanus,-70.187667,43.656247,2026,,,,
6422866994,Notophthalmus viridescens,-69.41223,45.377572,2026,4.480000019073486,24.760000228881836,-17.20400047302246,213.0
6422856011,Anaxyrus americanus,-70.423706,45.171073,2026,4.184166431427002,24.583999633789062,-17.531999588012695,199.0
6422819720,Anaxyrus americanus,-69.734367,44.685535,2026,6.234833240509033,26.384000778198242,-14.887999534606934,219.0
6422754446,Anaxyrus americanus,-68.85402,45.927692,2026,2.86299991607666,23.20800018310547,-18.31999969482422,222.0
6422679652,Anaxyrus americanus,-67.026935,44.788813,2026,6.132500171661377,23.650001525878906,-11.880000114440918,243.0
6422666604,Anaxyrus americanus,-69.016806,45.955575,2026,2.3434998989105225,22.68400001525879,-19.200000762939453,238.0
6422650675,Anaxyrus americanus,-70.635903,43.820945,2024,6.920333385467529,26.691999435424805,-13.588000297546387,260.0
6422610749,Dryophytes versicolor,-70.814287,44.066578,2026,6.46750020980835,26.555999755859375,-14.644000053405762,265.0
6422594009,Anaxyrus americanus,-70.60643,43.506808,2026,7.540333271026611,26.756000518798828,-11.984000205993652,255.0
6422551973,Anaxyrus americanus,-69.64785,44.736214,2026,6.332833290100098,26.61199951171875,-14.944000244140625,213.0
6422534442,Dryophytes versicolor,-70.81418,44.066711,2026,6.46750020980835,26.555999755859375,-14.644000053405762,265.0
6422498401,Anaxyrus americanus,-70.179346,45.134315,2026,3.945666790008545,23.93600082397461,-17.435998916625977,215.0
6422432534,Dryophytes versicolor,-68.061036,44.332349,2026,,,,
6422432333,Anaxyrus americanus,-70.636637,43.820542,2023,6.920333385467529,26.691999435424805,-13.588000297546387,260.0
6422424302,Anaxyrus americanus,-70.772767,44.741841,2026,3.5810000896453857,23.351999282836914,-17.31999969482422,234.0
6422408595,Anaxyrus americanus,-69.732937,43.775177,2026,,,,
6422383495,Dryophytes versicolor,-67.93377,44.459392,2026,6.672826290130615,24.591304779052734,-12.017391204833984,254.0
6422337703,Anaxyrus americanus,-68.972837,46.183098,2026,3.6639997959136963,24.6200008392334,-18.992000579833984,184.0
6422321010,Anaxyrus americanus,-67.933547,44.459417,2026,6.672826290130615,24.591304779052734,-12.017391204833984,254.0
6422314935,Anaxyrus americanus,-70.304344,45.12993,2026,3.0968334674835205,22.756000518798828,-17.763999938964844,248.0
6422227986,Anaxyrus americanus,-70.814991,44.712654,2026,4.010166645050049,24.031999588012695,-17.29199981689453,203.0
6422206562,Anaxyrus americanus,-70.95627,44.221038,2026,6.256666660308838,26.336000442504883,-14.628000259399414,242.0
6422191841,Anaxyrus americanus,-69.721105,44.377479,2026,6.934333324432373,26.58799934387207,-13.248000144958496,236.0
6422138014,Anaxyrus americanus,-70.990959,44.357437,2026,5.436166763305664,25.384000778198242,-15.232000350952148,225.0
6422102883,Anaxyrus americanus,-67.797004,46.546402,2026,3.7108333110809326,24.579999923706055,-17.899999618530273,192.0
6422084862,Notophthalmus viridescens,-69.3163,45.461358,2026,4.0908331871032715,24.31999969482422,-17.43199920654297,213.0
6414120458,Dryophytes versicolor,-69.732893,44.39847,2026,6.934333324432373,26.58799934387207,-13.248000144958496,236.0
6414119449,Dryophytes versicolor,-69.98999,45.22324,2026,4.400000095367432,24.739999771118164,-17.336000442504883,199.0
6414082308,Anaxyrus americanus,-70.709209,43.165112,2026,8.499667167663574,27.26799964904785,-9.616000175476074,248.0
6414074519,Notophthalmus viridescens,-68.530795,45.183784,2026,5.876166820526123,26.3439998626709,-15.288000106811523,227.0
6414046442,Anaxyrus americanus,-70.22933,43.639995,2026,8.066319465637207,26.241666793823242,-10.366666793823242,245.0
6413919387,Anaxyrus americanus,-70.123817,43.853283,2026,7.414311408996582,25.791303634643555,-11.343478202819824,247.0
6413908383,Dryophytes versicolor,-70.604633,44.318558,2026,5.950333118438721,25.856000900268555,-14.831999778747559,245.0
6413893836,Anaxyrus americanus,-67.796999,46.546051,2026,3.7108333110809326,24.579999923706055,-17.899999618530273,192.0
6413854840,Anaxyrus americanus,-69.931053,46.033117,2026,2.6029999256134033,23.144001007080078,-19.248001098632812,207.0
6413828919,Anaxyrus americanus,-68.630892,44.649643,2026,6.339666843414307,25.76799964904785,-13.503999710083008,269.0
6413814750,Dryophytes versicolor,-70.812425,44.066525,2026,6.46750020980835,26.555999755859375,-14.644000053405762,265.0
6413813750,Dryophytes versicolor,-70.444367,43.384647,2026,7.9071431159973145,26.08095359802246,-10.061904907226562,244.0
6413788937,Anaxyrus americanus,-70.43573,43.859608,2026,7.0894999504089355,26.3439998626709,-12.9399995803833,255.0
6413738463,Dryophytes versicolor,-68.060158,44.333013,2026,,,,
6413698624,Anaxyrus americanus,-69.025324,44.318846,2026,7.0291666984558105,25.307998657226562,-11.472000122070312,255.0
6413687567,Anaxyrus americanus,-67.797064,46.545805,2026,3.7108333110809326,24.579999923706055,-17.899999618530273,192.0
6413653975,Anaxyrus americanus,-69.601031,43.902233,2026,7.664583206176758,24.872726440429688,-9.645454406738281,247.0
6413653616,Anaxyrus americanus,-70.123419,43.853133,2026,7.414311408996582,25.791303634643555,-11.343478202819824,247.0
6413642498,Anaxyrus americanus,-68.589466,47.258619,2026,,,,
6413582039,Notophthalmus viridescens,-68.183655,44.352395,2026,6.956127166748047,24.92352867126465,-11.376470565795898,260.0
6413562335,Anaxyrus americanus,-70.298844,43.681397,2026,7.831333160400391,26.559999465942383,-11.355999946594238,250.0
6413530608,Dryophytes versicolor,-69.989914,45.223221,2026,4.400000095367432,24.739999771118164,-17.336000442504883,199.0
6413455456,Anaxyrus americanus,-69.038927,45.991923,2026,2.618499994277954,23.148000717163086,-19.176000595092773,221.0
6413434567,Dryophytes versicolor,-68.496159,44.913171,2026,6.170166492462158,26.20800018310547,-14.192000389099121,250.0
6413397567,Dryophytes versicolor,-68.298298,44.453112,2026,7.035277843475342,25.459999084472656,-11.739999771118164,256.0
6413373384,Notophthalmus viridescens,-68.949018,46.012594,2026,2.5945000648498535,23.256000518798828,-19.288000106811523,219.0
6413255813,Anaxyrus americanus,-69.21549,44.313672,2026,6.9008331298828125,25.600000381469727,-12.095999717712402,260.0
6413252666,Dryophytes versicolor,-68.245987,44.312083,2026,6.842187404632568,24.8125,-11.387499809265137,263.0
6413151851,Dryophytes versicolor,-69.648231,44.734413,2026,6.332833290100098,26.61199951171875,-14.944000244140625,213.0
6413132771,Anaxyrus americanus,-67.574347,44.473597,2026,,,,
6413113484,Anaxyrus americanus,-69.820473,43.815617,2026,7.709868431091309,24.947368621826172,-9.77368450164795,245.0
6413075099,Anaxyrus americanus,-70.946561,44.160191,2026,6.604833602905273,27.052000045776367,-14.596000671386719,245.0
6413049820,Dryophytes versicolor,-70.133085,44.400828,2026,6.486833095550537,26.399999618530273,-14.140000343322754,256.0
6413043848,Dryophytes versicolor,-69.314687,44.985383,2026,5.802000045776367,26.016000747680664,-15.572000503540039,220.0
6413023334,Dryophytes versicolor,-69.732997,44.39848,2026,6.934333324432373,26.58799934387207,-13.248000144958496,236.0
6413011040,Anaxyrus americanus,-70.635042,43.821772,2023,6.920333385467529,26.691999435424805,-13.588000297546387,260.0
6413006989,Notophthalmus viridescens,-69.035704,44.329304,2026,7.0291666984558105,25.307998657226562,-11.472000122070312,255.0
6412995980,Notophthalmus viridescens,-68.243063,44.381097,2026,6.991421699523926,25.48235321044922,-11.79411792755127,259.0
6412994606,Anaxyrus americanus,-69.595289,43.99187,2026,7.512666702270508,25.215999603271484,-10.407999992370605,248.0
6412992318,Anaxyrus americanus,-69.533156,44.738802,2026,6.2191667556762695,26.375999450683594,-14.776000022888184,218.0
6412960636,Anaxyrus americanus,-70.346047,44.804631,2026,5.304500102996826,25.639999389648438,-16.284000396728516,225.0
6400873553,Anaxyrus americanus,-70.826292,44.181402,2026,6.274666786193848,26.336000442504883,-14.732000350952148,249.0
6400872709,Dryophytes versicolor,-68.643578,44.631278,2026,6.339666843414307,25.76799964904785,-13.503999710083008,269.0
6400826468,Anaxyrus americanus,-70.647056,44.287147,2026,6.017333507537842,25.884000778198242,-14.751999855041504,249.0
6400810394,Dryophytes versicolor,-69.641394,44.554356,2026,6.94350004196167,27.18400001525879,-13.927999496459961,221.0
6400802698,Notophthalmus viridescens,-67.205802,44.941564,2026,6.165333271026611,25.02400016784668,-13.236000061035156,245.0
6400798720,Anaxyrus americanus,-70.603476,43.501498,2026,7.540333271026611,26.756000518798828,-11.984000205993652,255.0
6400792324,Anaxyrus americanus,-70.469459,43.546514,2026,7.53849983215332,26.416000366210938,-11.65999984741211,249.0
6400791565,Anaxyrus americanus,-68.500275,44.791767,2026,6.402166843414307,26.275999069213867,-13.812000274658203,259.0
6400755715,Notophthalmus viridescens,-69.091561,44.231961,2026,7.1670002937316895,25.107999801635742,-11.227999687194824,255.0
6400729177,Dryophytes versicolor,-68.372535,44.573552,2026,6.771666526794434,26.14000129699707,-12.97599983215332,260.0
6400629267,Dryophytes versicolor,-70.754879,44.106022,2026,6.460999965667725,26.492000579833984,-14.624000549316406,260.0
6400599389,Anaxyrus americanus,-70.68515,43.398442,2026,7.86566686630249,27.34000015258789,-11.392000198364258,257.0
6400534675,Anaxyrus americanus,-70.608912,43.40391,2026,7.929999828338623,26.968000411987305,-11.015999794006348,252.0
6400508903,Anaxyrus americanus,-70.259697,44.177942,2026,6.716500282287598,26.200000762939453,-13.435999870300293,259.0
6400485740,Dryophytes versicolor,-68.415915,46.120418,2026,3.9200000762939453,24.81599998474121,-18.604000091552734,204.0
6400426957,Dryophytes versicolor,-70.790957,44.026342,2026,6.478833198547363,26.52400016784668,-14.684000015258789,270.0
6400426194,Anaxyrus americanus,-70.527212,44.198562,2026,6.573500156402588,26.559999465942383,-14.199999809265137,257.0
6400424480,Anaxyrus americanus,-68.65056,45.858996,2026,4.768833160400391,25.576000213623047,-17.176000595092773,208.0
6400407450,Dryophytes versicolor,-70.648438,44.288972,2026,6.017333507537842,25.884000778198242,-14.751999855041504,249.0
6400391277,Dryophytes versicolor,-68.218567,44.500644,2026,6.771041393280029,25.28999900817871,-12.300000190734863,258.0
6400381154,Notophthalmus viridescens,-70.524995,45.040261,2026,3.2158334255218506,23.187999725341797,-18.083999633789062,242.0
6400335836,Anaxyrus americanus,-69.775363,43.821571,2021,7.709920406341553,24.757143020629883,-9.576190948486328,246.0
6400275559,Anaxyrus americanus,-70.950106,44.007838,2026,6.763999938964844,27.263999938964844,-14.596000671386719,263.0
6400251612,Notophthalmus viridescens,-70.793708,45.476946,2026,,,,
6400239396,Dryophytes versicolor,-69.789975,45.747263,2026,3.9674999713897705,24.059999465942383,-17.676000595092773,187.0
6400203772,Anaxyrus americanus,-70.55648,44.741103,2026,4.17549991607666,24.04400062561035,-16.823999404907227,235.0
6400182523,Dryophytes versicolor,-69.881702,44.539085,2026,6.616833209991455,26.45199966430664,-14.267999649047852,238.0
6400173340,Anaxyrus americanus,-70.935188,44.584253,2026,3.9838333129882812,23.715999603271484,-16.739999771118164,222.0
6400123016,Notophthalmus viridescens,-70.943262,44.219014,2026,6.256666660308838,26.336000442504883,-14.628000259399414,242.0
6400109126,Dryophytes versicolor,-68.747739,44.799484,2026,6.86566686630249,27.06399917602539,-13.619999885559082,242.0
6400091749,Anaxyrus americanus,-69.996149,44.416335,2026,6.595333099365234,26.304000854492188,-13.9399995803833,256.0
6400051646,Dryophytes versicolor,-69.792726,45.751168,2026,3.6566667556762695,24.027999877929688,-18.13599967956543,185.0
6399986820,Notophthalmus viridescens,-69.661025,43.872713,2026,7.671229839324951,24.44761848449707,-9.295238494873047,246.0
6399968663,Dryophytes versicolor,-70.864339,44.193176,2026,6.3125,26.420000076293945,-14.699999809265137,249.0
6399948661,Dryophytes versicolor,-70.040569,43.953639,2026,7.269333362579346,25.775999069213867,-11.619999885559082,248.0
6399907508,Anaxyrus americanus,-69.084323,46.185332,2026,3.4524998664855957,24.375999450683594,-19.18400001525879,185.0
6399831564,Anaxyrus americanus,-70.663855,44.380162,2026,5.840666770935059,25.860000610351562,-15.128000259399414,233.0
6399821616,Dryophytes versicolor,-68.698403,44.928813,2026,6.475833415985107,26.65999984741211,-14.04800033569336,227.0
6399735471,Notophthalmus viridescens,-70.358024,44.961728,2026,2.632833242416382,22.124000549316406,-17.892000198364258,279.0
6399730474,Notophthalmus viridescens,-69.661178,43.872847,2026,7.671229839324951,24.44761848449707,-9.295238494873047,246.0
6399687971,Anaxyrus americanus,-69.338547,46.414403,2026,3.3216664791107178,24.27199935913086,-19.284000396728516,188.0
6399678894,Anaxyrus americanus,-70.69017,43.277328,2026,8.07349967956543,26.97599983215332,-10.404000282287598,254.0
6399675580,Anaxyrus americanus,-70.822722,44.3245,2026,5.793333530426025,25.715999603271484,-15.027999877929688,234.0
6399651785,Dryophytes versicolor,-70.508217,44.276008,2025,6.3451666831970215,26.408000946044922,-14.5,249.0
6399648458,Anaxyrus americanus,-70.94745,43.85278,2026,6.61133337020874,26.72800064086914,-14.32800006866455,284.0
6399598749,Dryophytes versicolor,-70.456775,43.484033,2026,7.889999866485596,26.43199920654297,-10.684000015258789,248.0
6399584384,Dryophytes versicolor,-70.427736,43.349337,2026,,,,
6399576595,Anaxyrus americanus,-69.067217,44.223583,2026,6.89965295791626,24.762500762939453,-11.337499618530273,260.0
6399564756,Anaxyrus americanus,-69.780544,43.835004,2026,,,,
6399560159,Anaxyrus americanus,-70.918179,44.163352,2026,6.604833602905273,27.052000045776367,-14.596000671386719,245.0
6399528133,Anaxyrus americanus,-70.294425,43.679572,2026,7.831333160400391,26.559999465942383,-11.355999946594238,250.0
6399516016,Anaxyrus americanus,-68.941267,45.844202,2026,3.8456664085388184,24.399999618530273,-17.808000564575195,205.0
6399452466,Notophthalmus viridescens,-69.661228,43.872836,2026,7.671229839324951,24.44761848449707,-9.295238494873047,246.0
6399422304,Anaxyrus americanus,-70.533045,43.719213,2026,7.113833427429199,26.503999710083008,-12.871999740600586,252.0
6399347687,Dryophytes versicolor,-68.776824,44.779752,2026,6.9691667556762695,27.15999984741211,-13.532000541687012,248.0
6399302500,Anaxyrus americanus,-70.737827,44.102762,2026,6.493000030517578,26.511999130249023,-14.640000343322754,259.0
6399273631,Dryophytes versicolor,-68.747823,44.799437,2026,6.86566686630249,27.06399917602539,-13.619999885559082,242.0
6399249074,Dryophytes versicolor,-70.061927,43.820937,2026,,,,
6399235438,Dryophytes versicolor,-70.865186,43.141591,2026,,,,
6399232855,Notophthalmus viridescens,-69.813354,43.807617,2026,7.709868431091309,24.947368621826172,-9.77368450164795,245.0
6399216469,Dryophytes versicolor,-68.747804,44.799463,2026,6.86566686630249,27.06399917602539,-13.619999885559082,242.0
6399210590,Dryophytes versicolor,-68.267298,44.260352,2026,,,,
6399162489,Anaxyrus americanus,-70.392428,43.694762,2026,7.487333297729492,26.42799949645996,-12.008000373840332,249.0
6399069599,Anaxyrus americanus,-69.780053,43.834943,2026,,,,
6399053133,Anaxyrus americanus,-70.829476,44.415793,2026,5.92549991607666,26.191999435424805,-15.156000137329102,216.0
6399009578,Anaxyrus americanus,-70.919067,44.16381,2026,6.604833602905273,27.052000045776367,-14.596000671386719,245.0
6398966345,Anaxyrus americanus,-70.15863,43.879393,2026,7.231166839599609,25.803998947143555,-11.795999526977539,247.0
6398947722,Anaxyrus americanus,-69.780061,43.834917,2026,,,,
6398873556,Anaxyrus americanus,-70.648552,44.288736,2026,6.017333507537842,25.884000778198242,-14.751999855041504,249.0
6398792643,Anaxyrus americanus,-67.205501,44.94168,2026,6.165333271026611,25.02400016784668,-13.236000061035156,245.0
6398757199,Anaxyrus americanus,-70.234772,43.768411,2025,7.390000343322754,25.832000732421875,-11.435999870300293,248.0
6398724078,Anaxyrus americanus,-70.541145,45.035595,2026,3.2158334255218506,23.187999725341797,-18.083999633789062,242.0
6398718814,Anaxyrus americanus,-70.105961,44.90158,2026,5.36566686630249,25.64000129699707,-16.31999969482422,226.0
6398702531,Anaxyrus americanus,-69.812021,43.812277,2026,7.709868431091309,24.947368621826172,-9.77368450164795,245.0
6398683753,Notophthalmus viridescens,-69.66108,43.872762,2026,7.671229839324951,24.44761848449707,-9.295238494873047,246.0
6398646340,Anaxyrus americanus,-70.874022,44.211773,2026,6.290499687194824,26.375999450683594,-14.760000228881836,244.0
6398625037,Dryophytes versicolor,-69.310922,44.044187,2026,7.255333423614502,24.90799903869629,-10.652000427246094,251.0
6398615242,Anaxyrus americanus,-70.857842,44.352425,2026,5.8480000495910645,25.944000244140625,-14.991999626159668,224.0
6398565933,Notophthalmus viridescens,-70.850371,44.272793,2026,6.033666610717773,26.003999710083008,-14.883999824523926,244.0
6353425656,Dryophytes versicolor,-69.393537,44.788203,2026,6.307833194732666,26.43199920654297,-14.715999603271484,220.0
6353320382,Dryophytes versicolor,-70.133986,44.675003,2026,5.76633358001709,26.09200096130371,-15.859999656677246,258.0
6353259057,Dryophytes versicolor,-69.369958,44.246659,2026,7.07883358001709,25.7239990234375,-11.795999526977539,256.0
6353255342,Anaxyrus americanus,-70.189413,44.25428,2026,6.728166580200195,26.399999618530273,-13.640000343322754,260.0
6353217082,Dryophytes versicolor,-70.134819,44.67477,2026,5.76633358001709,26.09200096130371,-15.859999656677246,258.0
6353206397,Notophthalmus viridescens,-70.123908,43.853375,2026,7.414311408996582,25.791303634643555,-11.343478202819824,247.0
6353203861,Notophthalmus viridescens,-69.084358,44.322655,2026,6.9745001792907715,25.375999450683594,-11.824000358581543,259.0
6353189940,Anaxyrus americanus,-68.814636,44.513023,2026,6.988833427429199,25.784000396728516,-12.071999549865723,256.0
6353176662,Anaxyrus americanus,-69.160104,44.221618,2026,6.7704997062683105,24.719999313354492,-11.696000099182129,264.0
6353171457,Anaxyrus americanus,-70.895393,43.07717,2026,,,,
6353090081,Notophthalmus viridescens,-69.661266,43.872965,2026,7.671229839324951,24.44761848449707,-9.295238494873047,246.0
6353022448,Anaxyrus americanus,-70.07671,45.292658,2026,3.8424999713897705,24.07200050354004,-17.760000228881836,205.0
6352994407,Dryophytes versicolor,-70.133164,44.675063,2026,5.76633358001709,26.09200096130371,-15.859999656677246,258.0
6352959859,Dryophytes versicolor,-70.134322,44.67493,2026,5.76633358001709,26.09200096130371,-15.859999656677246,258.0
6352824889,Dryophytes versicolor,-67.752092,44.78922,2026,6.178999900817871,25.399999618530273,-14.119999885559082,257.0
6352736304,Dryophytes versicolor,-70.134842,44.674678,2026,5.76633358001709,26.09200096130371,-15.859999656677246,258.0
6352673520,Anaxyrus americanus,-70.869586,43.243624,2026,,,,
6352535623,Dryophytes versicolor,-69.785566,44.466698,2026,6.676000118255615,26.45599937438965,-13.932000160217285,232.0
6352324893,Anaxyrus americanus,-70.213331,43.747023,2026,7.533522605895996,25.772727966308594,-11.022727012634277,246.0
6335016432,Dryophytes versicolor,-68.372153,44.362905,2026,7.075000286102295,25.224000930786133,-11.407999992370605,257.0
6334977832,Anaxyrus americanus,-70.305726,43.683379,2026,7.831333160400391,26.559999465942383,-11.355999946594238,250.0
6334971732,Anaxyrus americanus,-70.684638,43.276913,2026,8.07349967956543,26.97599983215332,-10.404000282287598,254.0
6334957706,Anaxyrus americanus,-69.418981,44.260367,2026,6.910333156585693,25.751998901367188,-12.239999771118164,260.0
6334913385,Dryophytes versicolor,-70.402002,43.507876,2026,7.800347328186035,26.274999618530273,-10.804166793823242,246.0
6334833612,Notophthalmus viridescens,-69.811822,43.786697,2018,7.678030014038086,24.709091186523438,-9.486363410949707,246.0
6334802448,Dryophytes versicolor,-68.337606,44.513418,2026,6.8438334465026855,26.064001083374023,-12.687999725341797,261.0
6334771885,Anaxyrus americanus,-68.448815,46.172,2026,3.4863333702087402,24.47599983215332,-19.20800018310547,202.0
6334732797,Dryophytes versicolor,-68.581207,44.431389,2026,6.809999942779541,25.555999755859375,-12.220000267028809,260.0
6334678538,Dryophytes versicolor,-69.419289,43.958705,2026,7.5020833015441895,24.911109924316406,-10.022222518920898,249.0
6334630032,Dryophytes versicolor,-70.805649,43.284451,2026,8.090666770935059,27.61600112915039,-10.9399995803833,256.0
6334621835,Notophthalmus viridescens,-69.037615,44.333445,2026,6.885833263397217,25.347999572753906,-11.880000114440918,260.0
6334605443,Anaxyrus americanus,-70.671233,44.319025,2026,5.6601667404174805,25.496000289916992,-15.079999923706055,248.0
6334591664,Anaxyrus americanus,-68.849782,45.933785,2026,2.86299991607666,23.20800018310547,-18.31999969482422,222.0
6334557072,Anaxyrus americanus,-69.930253,44.155595,2026,7.019000053405762,26.100000381469727,-12.583999633789062,254.0
6334537305,Anaxyrus americanus,-69.067542,45.950767,2026,2.798166513442993,23.288000106811523,-18.91200065612793,221.0
6334533552,Anaxyrus americanus,-69.698337,43.882678,2025,,,,
6334527659,Dryophytes versicolor,-69.991113,44.41707,2026,6.501166820526123,26.24799919128418,-14.180000305175781,254.0
6334510606,Anaxyrus americanus,-69.637227,44.554886,2026,6.94350004196167,27.18400001525879,-13.927999496459961,221.0
6334473405,Notophthalmus viridescens,-68.66993,44.920108,2026,6.475833415985107,26.65999984741211,-14.04800033569336,227.0
6334456386,Notophthalmus viridescens,-68.580061,46.143965,2026,3.7253332138061523,24.663999557495117,-19.035999298095703,201.0
6334433619,Dryophytes versicolor,-68.311475,44.288711,2026,,,,
6334433615,Anaxyrus americanus,-70.288716,43.731971,2026,7.567666530609131,26.064001083374023,-11.359999656677246,249.0
6334416577,Dryophytes versicolor,-68.519976,44.872136,2026,6.3454999923706055,26.36400032043457,-13.96399974822998,250.0
6334405020,Notophthalmus viridescens,-68.542157,44.865198,2026,6.373499870300293,26.472000122070312,-13.991999626159668,247.0
6334396900,Dryophytes versicolor,-68.301717,44.513078,2026,,,,
6334385619,Anaxyrus americanus,-68.903437,45.84315,2026,3.7321667671203613,24.260000228881836,-17.77199935913086,206.0
6334362548,Dryophytes versicolor,-69.384478,45.168875,2026,5.18916654586792,25.47599983215332,-16.492000579833984,217.0
6334334814,Dryophytes versicolor,-69.01293,44.417773,2026,7.00121545791626,25.96666717529297,-12.133333206176758,257.0
6334312721,Anaxyrus americanus,-69.518037,44.051461,2026,,,,
6334264836,Notophthalmus viridescens,-68.561688,44.954915,2026,6.275833606719971,26.472000122070312,-14.248000144958496,236.0
6334258508,Dryophytes versicolor,-68.447456,44.534392,2026,6.885666847229004,25.856000900268555,-12.336000442504883,259.0
6334241636,Dryophytes versicolor,-68.29988,44.551877,2026,6.75600004196167,25.979999542236328,-12.868000030517578,260.0
6334229413,Anaxyrus americanus,-70.793747,44.24298,2026,6.143166542053223,26.1560001373291,-14.855999946594238,247.0
6334158675,Anaxyrus americanus,-70.136069,44.674258,2026,5.76633358001709,26.09200096130371,-15.859999656677246,258.0
6334103686,Anaxyrus americanus,-68.493975,46.013974,2026,4.053666591644287,24.8439998626709,-18.38399887084961,205.0
6334093868,Notophthalmus viridescens,-68.583744,44.494342,2026,6.76800012588501,25.756000518798828,-12.532000541687012,261.0
6334042080,Notophthalmus viridescens,-69.141541,44.601273,2026,6.293833255767822,25.70800018310547,-13.664000511169434,254.0
6334040708,Anaxyrus americanus,-68.502176,44.792281,2026,6.402166843414307,26.275999069213867,-13.812000274658203,259.0
6334013888,Notophthalmus viridescens,-68.454443,44.812209,2026,6.143166542053223,25.8439998626709,-14.0600004196167,271.0
6333905508,Anaxyrus americanus,-69.806652,43.770963,2026,7.678030014038086,24.709091186523438,-9.486363410949707,246.0
6321215352,Dryophytes versicolor,-70.263958,43.819246,2026,7.257833480834961,25.911998748779297,-11.996000289916992,251.0
6321130964,Anaxyrus americanus,-70.1343,43.869922,2026,7.3495001792907715,25.827999114990234,-11.5,247.0
6321089991,Dryophytes versicolor,-70.87732,43.160306,2026,,,,
6321068309,Anaxyrus americanus,-68.41656,46.050957,2026,4.1066670417785645,24.964000701904297,-18.411998748779297,203.0
6320925316,Dryophytes versicolor,-70.808449,43.545616,2026,7.023666858673096,26.73200035095215,-12.960000038146973,274.0
6320902646,Anaxyrus americanus,-68.589466,47.258619,2026,,,,
6320896919,Anaxyrus americanus,-70.652958,44.292328,2026,5.928833484649658,25.84000015258789,-14.871999740600586,242.0
6320891807,Anaxyrus americanus,-69.595096,43.991602,2025,7.512666702270508,25.215999603271484,-10.407999992370605,248.0
6320891732,Dryophytes versicolor,-70.773888,43.06912,2026,,,,
6320882704,Notophthalmus viridescens,-70.385703,44.02437,2026,6.861000061035156,26.148000717163086,-13.307999610900879,257.0
6320868591,Anaxyrus americanus,-68.529899,46.135328,2026,3.680000066757202,24.54400062561035,-19.055999755859375,201.0
6320864360,Anaxyrus americanus,-68.098674,44.615227,2026,6.313333511352539,25.20400047302246,-13.251999855041504,267.0
6320851952,Anaxyrus americanus,-68.596856,46.133566,2026,3.933166742324829,24.88800048828125,-18.8439998626709,193.0
6320829759,Notophthalmus viridescens,-68.285283,44.320945,2026,6.8730902671813965,24.825000762939453,-11.345832824707031,263.0
6320792317,Anaxyrus americanus,-68.775952,44.815562,2026,7.00333309173584,27.31999969482422,-13.616000175476074,244.0
6320718495,Anaxyrus americanus,-70.134322,43.869812,2026,7.3495001792907715,25.827999114990234,-11.5,247.0
6320688454,Notophthalmus viridescens,-68.50708,44.815094,2026,6.402166843414307,26.275999069213867,-13.812000274658203,259.0
6320674406,Notophthalmus viridescens,-68.394455,44.282262,2026,7.122499942779541,24.485000610351562,-10.600000381469727,256.0
6320667464,Dryophytes versicolor,-70.131128,43.8693,2026,7.3495001792907715,25.827999114990234,-11.5,247.0
6320654731,Notophthalmus viridescens,-68.708963,44.204006,2026,,,,
6320640725,Dryophytes versicolor,-68.277771,44.384372,2026,6.910666465759277,25.472000122070312,-11.907999992370605,261.0
6320632829,Anaxyrus americanus,-68.593987,46.026355,2026,4.232500076293945,25.016000747680664,-18.20800018310547,199.0
6320622345,Notophthalmus viridescens,-70.141465,44.645853,2026,5.921999931335449,26.29599952697754,-15.687999725341797,259.0
6320543901,Anaxyrus americanus,-68.402,44.291455,2026,7.122499942779541,24.485000610351562,-10.600000381469727,256.0
6320522999,Anaxyrus americanus,-70.157525,43.916912,2026,7.158166885375977,25.90799903869629,-12.008000373840332,249.0
6320519717,Notophthalmus viridescens,-68.643425,44.631687,2026,6.339666843414307,25.76799964904785,-13.503999710083008,269.0
6320510309,Dryophytes versicolor,-69.72065,44.108849,2026,7.260166645050049,25.983999252319336,-11.944000244140625,251.0
6320422106,Notophthalmus viridescens,-68.340645,44.287637,2026,7.109375,24.795833587646484,-10.866666793823242,257.0
6320413766,Anaxyrus americanus,-70.134528,43.869847,2026,7.3495001792907715,25.827999114990234,-11.5,247.0
6320390653,Notophthalmus viridescens,-68.3685,44.278283,2026,7.109375,24.795833587646484,-10.866666793823242,257.0
6320305011,Notophthalmus viridescens,-68.340645,44.287637,2026,7.109375,24.795833587646484,-10.866666793823242,257.0
6320288526,Anaxyrus americanus,-68.529517,46.08507,2026,3.757833480834961,24.552000045776367,-18.8439998626709,205.0
6320279703,Dryophytes versicolor,-70.131553,43.869317,2026,7.3495001792907715,25.827999114990234,-11.5,247.0
6320227035,Anaxyrus americanus,-70.13465,43.869892,2026,7.3495001792907715,25.827999114990234,-11.5,247.0
6320203877,Anaxyrus americanus,-70.826543,44.182476,2025,6.274666786193848,26.336000442504883,-14.732000350952148,249.0
6320201878,Dryophytes versicolor,-70.131103,43.86927,2026,7.3495001792907715,25.827999114990234,-11.5,247.0
6320194686,Anaxyrus americanus,-69.8119,46.77164,2026,2.878000020980835,23.54400062561035,-19.07200050354004,207.0
6320192902,Anaxyrus americanus,-69.811828,43.812625,2026,7.709868431091309,24.947368621826172,-9.77368450164795,245.0
6320175649,Dryophytes versicolor,-70.136003,43.870178,2026,7.3495001792907715,25.827999114990234,-11.5,247.0
6320122868,Dryophytes versicolor,-68.446217,46.001449,2025,4.181333541870117,25.055999755859375,-18.332000732421875,203.0
6320121902,Dryophytes versicolor,-70.13488,43.86997,2026,7.3495001792907715,25.827999114990234,-11.5,247.0
6320072446,Anaxyrus americanus,-69.662253,43.872817,2026,7.671229839324951,24.44761848449707,-9.295238494873047,246.0
6274333720,Anaxyrus americanus,-70.305586,43.683301,2026,7.831333160400391,26.559999465942383,-11.355999946594238,250.0
6274275076,Dryophytes versicolor,-68.446656,46.00102,2025,4.181333541870117,25.055999755859375,-18.332000732421875,203.0
6274253080,Notophthalmus viridescens,-69.722536,43.797587,2026,7.661309242248535,24.614286422729492,-9.428571701049805,245.0
6274022630,Notophthalmus viridescens,-68.204299,44.387562,2025,,,,
6273758760,Anaxyrus americanus,-70.723234,43.410591,2026,7.854666709899902,27.42799949645996,-11.496000289916992,259.0
6273631344,Dryophytes versicolor,-69.687361,44.059207,2026,7.246333122253418,25.66400146484375,-11.519999504089355,252.0
6273576363,Anaxyrus americanus,-67.138817,44.689517,2025,6.150781154632568,23.931249618530273,-12.231249809265137,245.0
6273396967,Notophthalmus viridescens,-68.616556,45.909036,2025,4.756999969482422,25.619998931884766,-17.18000030517578,210.0
6273376367,Notophthalmus viridescens,-70.803025,43.103872,2026,,,,
6273335761,Anaxyrus americanus,-70.648616,44.288776,2026,6.017333507537842,25.884000778198242,-14.751999855041504,249.0
6273259401,Anaxyrus americanus,-68.924038,44.829971,2026,6.423500061035156,26.40399932861328,-14.12399959564209,238.0
6273233346,Anaxyrus americanus,-70.872171,43.164065,2026,,,,
6273233051,Anaxyrus americanus,-68.906922,44.296272,2026,,,,
6273227583,Notophthalmus viridescens,-70.604575,44.318544,2026,5.950333118438721,25.856000900268555,-14.831999778747559,245.0
6273147782,Notophthalmus viridescens,-68.922706,44.830044,2026,6.423500061035156,26.40399932861328,-14.12399959564209,238.0
6253200666,Anaxyrus americanus,-68.591392,47.249053,2026,3.0288333892822266,24.3439998626709,-20.57200050354004,195.0
6253188109,Dryophytes versicolor,-70.730048,43.091922,2026,,,,
6253012978,Anaxyrus americanus,-68.427562,44.683042,2025,6.576833248138428,26.11600112915039,-13.455999374389648,262.0
6252800835,Notophthalmus viridescens,-68.487393,44.954588,2026,6.117499828338623,26.224000930786133,-14.383999824523926,246.0
6252628330,Anaxyrus americanus,-69.659295,43.872163,2026,7.671229839324951,24.44761848449707,-9.295238494873047,246.0
6252374906,Dryophytes versicolor,-69.658892,44.566076,2026,6.94350004196167,27.18400001525879,-13.927999496459961,221.0
6252078946,Anaxyrus americanus,-69.39489,43.985719,2024,,,,
6252001641,Dryophytes versicolor,-68.668402,44.907561,2026,6.562333106994629,26.719999313354492,-13.807999610900879,232.0
6251940926,Notophthalmus viridescens,-67.764749,44.621311,2026,6.561174392700195,24.622726440429688,-12.550000190734863,254.0
6251556820,Dryophytes versicolor,-70.232445,43.629842,2026,8.066319465637207,26.241666793823242,-10.366666793823242,245.0
6236527394,Notophthalmus viridescens,-70.404303,43.458758,2026,7.868287086486816,26.205554962158203,-10.466666221618652,244.0
6236461470,Anaxyrus americanus,-69.38537,44.448253,2026,6.376500129699707,25.56399917602539,-13.303999900817871,257.0
6236458668,Notophthalmus viridescens,-70.133714,43.85832,2026,7.3495001792907715,25.827999114990234,-11.5,247.0
6236420340,Anaxyrus americanus,-70.798888,43.269527,2026,8.090666770935059,27.61600112915039,-10.9399995803833,256.0
6236401007,Dryophytes versicolor,-68.670053,44.908028,2026,6.562333106994629,26.719999313354492,-13.807999610900879,232.0
6236337891,Notophthalmus viridescens,-68.670705,44.91304,2026,6.562333106994629,26.719999313354492,-13.807999610900879,232.0
6236236797,Notophthalmus viridescens,-68.669159,44.919006,2026,6.475833415985107,26.65999984741211,-14.04800033569336,227.0
6236168941,Notophthalmus viridescens,-70.029167,43.760145,2026,,,,
6236163016,Anaxyrus americanus,-70.456055,43.472103,2026,7.889999866485596,26.43199920654297,-10.684000015258789,248.0
6236125163,Dryophytes versicolor,-70.6818,43.278045,2025,8.07349967956543,26.97599983215332,-10.404000282287598,254.0
6235843779,Notophthalmus viridescens,-70.032319,43.755287,2026,,,,
6235784205,Notophthalmus viridescens,-68.248712,44.377663,2026,6.991421699523926,25.48235321044922,-11.79411792755127,259.0
6235782536,Anaxyrus americanus,-70.135917,44.674337,2026,5.76633358001709,26.09200096130371,-15.859999656677246,258.0
6235746129,Anaxyrus americanus,-69.41987,43.988583,2026,7.5020833015441895,24.911109924316406,-10.022222518920898,249.0
6235745183,Dryophytes versicolor,-68.679817,44.88072,2026,6.562333106994629,26.719999313354492,-13.807999610900879,232.0
6235667109,Notophthalmus viridescens,-69.914055,43.959503,2026,7.5020833015441895,25.899999618530273,-11.34999942779541,245.0
6235533780,Notophthalmus viridescens,-69.812412,43.811083,2026,7.709868431091309,24.947368621826172,-9.77368450164795,245.0
6235527447,Notophthalmus viridescens,-70.032111,43.7555,2026,,,,
6235468339,Anaxyrus americanus,-70.825719,44.184459,2026,6.274666786193848,26.336000442504883,-14.732000350952148,249.0
6235409729,Anaxyrus americanus,-70.86267,44.214565,2026,6.290499687194824,26.375999450683594,-14.760000228881836,244.0
6235296786,Notophthalmus viridescens,-68.670828,44.912407,2026,6.562333106994629,26.719999313354492,-13.807999610900879,232.0
6235260668,Anaxyrus americanus,-69.953125,43.873872,2026,,,,
6235190632,Anaxyrus americanus,-70.133775,43.858303,2026,7.3495001792907715,25.827999114990234,-11.5,247.0
6235073356,Notophthalmus viridescens,-68.748989,44.845815,2026,6.577000141143799,26.696001052856445,-13.859999656677246,237.0
6234874314,Anaxyrus americanus,-70.135186,44.674655,2026,5.76633358001709,26.09200096130371,-15.859999656677246,258.0
6234838794,Anaxyrus americanus,-70.44362,43.85825,2025,7.0894999504089355,26.3439998626709,-12.9399995803833,255.0
6234828994,Anaxyrus americanus,-70.828485,44.18445,2026,6.274666786193848,26.336000442504883,-14.732000350952148,249.0
6234827077,Anaxyrus americanus,-70.866269,44.211631,2026,6.290499687194824,26.375999450683594,-14.760000228881836,244.0
6234816562,Notophthalmus viridescens,-70.888981,44.197185,2026,6.575833320617676,26.851999282836914,-14.555999755859375,241.0
6234801675,Notophthalmus viridescens,-70.647414,44.290425,2026,6.017333507537842,25.884000778198242,-14.751999855041504,249.0
6234795723,Notophthalmus viridescens,-68.410108,44.863514,2026,6.05649995803833,25.832000732421875,-14.215999603271484,273.0
6234765261,Anaxyrus americanus,-70.226202,43.590284,2026,7.891848087310791,25.826087951660156,-10.265216827392578,244.0
6234725838,Dryophytes versicolor,-69.133882,45.127331,2025,5.434999942779541,25.663999557495117,-15.979999542236328,226.0
6234678486,Notophthalmus viridescens,-68.804699,44.830931,2026,6.762666702270508,26.947999954223633,-13.760000228881836,244.0
6234674288,Anaxyrus americanus,-70.829754,44.183403,2026,6.274666786193848,26.336000442504883,-14.732000350952148,249.0
6234666987,Anaxyrus americanus,-69.421037,43.989983,2026,7.5020833015441895,24.911109924316406,-10.022222518920898,249.0
6234643641,Anaxyrus americanus,-68.321762,44.229217,2025,7.106249809265137,24.600000381469727,-10.649999618530273,254.0
6234642834,Dryophytes versicolor,-70.723106,43.484081,2026,7.647333145141602,27.34000015258789,-12.03600025177002,260.0
6234591792,Dryophytes versicolor,-68.53322,44.467117,2026,6.797833442687988,25.763999938964844,-12.35200023651123,260.0
6234559565,Notophthalmus viridescens,-68.666553,44.913092,2026,6.609499931335449,26.81999969482422,-13.807999610900879,231.0
6234489820,Notophthalmus viridescens,-68.787667,44.956452,2026,6.360666751861572,26.468000411987305,-14.260000228881836,226.0
6234479728,Notophthalmus viridescens,-69.386122,44.447812,2026,6.376500129699707,25.56399917602539,-13.303999900817871,257.0
6234470534,Notophthalmus viridescens,-68.667608,44.914586,2026,6.562333106994629,26.719999313354492,-13.807999610900879,232.0
6234450718,Anaxyrus americanus,-70.531484,44.432742,2025,5.453833103179932,25.24799919128418,-15.276000022888184,248.0
6234394180,Anaxyrus americanus,-70.863032,44.222065,2026,6.290499687194824,26.375999450683594,-14.760000228881836,244.0
6234359419,Notophthalmus viridescens,-68.23742,44.313261,2026,6.842187404632568,24.8125,-11.387499809265137,263.0
6234349512,Notophthalmus viridescens,-69.914063,43.959728,2026,7.5020833015441895,25.899999618530273,-11.34999942779541,245.0
6234327571,Anaxyrus americanus,-69.859672,43.999473,2026,,,,
6234308104,Notophthalmus viridescens,-70.201417,43.815495,2026,7.439930438995361,25.954166412353516,-11.441666603088379,247.0
6234253150,Dryophytes versicolor,-68.662217,44.90804,2026,6.609499931335449,26.81999969482422,-13.807999610900879,231.0
6234176132,Anaxyrus americanus,-70.755639,44.164637,2026,6.291666507720947,26.219999313354492,-14.63599967956543,256.0
6196017319,Anaxyrus americanus,-70.813208,44.075436,2025,6.46750020980835,26.555999755859375,-14.644000053405762,265.0
6195965523,Notophthalmus viridescens,-69.810936,43.75679,2026,7.678030014038086,24.709091186523438,-9.486363410949707,246.0
6195848537,Notophthalmus viridescens,-68.6697,44.915478,2026,6.562333106994629,26.719999313354492,-13.807999610900879,232.0
6195815770,Dryophytes versicolor,-70.783433,43.453617,2026,7.79116678237915,27.624000549316406,-11.85200023651123,261.0
6195684021,Notophthalmus viridescens,-68.733802,44.861994,2026,6.577000141143799,26.696001052856445,-13.859999656677246,237.0
6195554981,Anaxyrus americanus,-70.628763,43.842234,2026,6.880666732788086,26.559999465942383,-13.520000457763672,261.0
6195540723,Dryophytes versicolor,-70.783447,43.453522,2026,7.79116678237915,27.624000549316406,-11.85200023651123,261.0
6195539579,Notophthalmus viridescens,-68.620122,44.919612,2026,6.395166873931885,26.644001007080078,-14.184000015258789,234.0
6195528450,Anaxyrus americanus,-69.032208,44.358906,2025,6.885833263397217,25.347999572753906,-11.880000114440918,260.0
6195480059,Anaxyrus americanus,-70.813217,44.075445,2025,6.46750020980835,26.555999755859375,-14.644000053405762,265.0
6195283777,Notophthalmus viridescens,-68.799971,44.956112,2026,6.328499794006348,26.40399932861328,-14.34000015258789,226.0
6188106418,Notophthalmus viridescens,-70.247078,43.878703,2026,7.198333263397217,25.996000289916992,-12.124000549316406,249.0
6185871566,Anaxyrus americanus,-69.006081,45.941859,2023,2.3434998989105225,22.68400001525879,-19.200000762939453,238.0
6185866489,Anaxyrus americanus,-69.004354,45.938746,2023,2.3434998989105225,22.68400001525879,-19.200000762939453,238.0
6185818120,Notophthalmus viridescens,-68.341506,44.499107,2026,,,,
6185702831,Anaxyrus americanus,-69.018839,45.932772,2023,2.3434998989105225,22.68400001525879,-19.200000762939453,238.0
6185663446,Notophthalmus viridescens,-68.34172,44.330913,2026,6.921166896820068,24.908000946044922,-11.420000076293945,262.0
6185595998,Anaxyrus americanus,-69.797585,44.724914,2018,6.1541666984558105,26.423999786376953,-15.284000396728516,222.0
6184975792,Anaxyrus americanus,-70.259735,44.177876,2023,6.716500282287598,26.200000762939453,-13.435999870300293,259.0
6184754900,Anaxyrus americanus,-69.930437,43.966172,2025,7.389999866485596,25.959999084472656,-11.595999717712402,246.0
6179085638,Anaxyrus americanus,-71.009064,44.868113,2025,4.144833564758301,24.336000442504883,-17.488000869750977,180.0
6178936564,Anaxyrus americanus,-69.778101,43.849804,2024,,,,
6178755306,Dryophytes versicolor,-70.293099,43.733112,2025,7.481333255767822,26.079999923706055,-11.704000473022461,251.0
6178551045,Anaxyrus americanus,-70.553548,43.339677,2024,8.045666694641113,26.70800018310547,-10.303999900817871,248.0
6171359161,Anaxyrus americanus,-68.876969,45.910939,2025,1.7834999561309814,21.92799949645996,-19.06800079345703,257.0
6171186554,Anaxyrus americanus,-69.794534,44.06053,2015,7.3488335609436035,26.04800033569336,-11.831999778747559,248.0
6171124191,Dryophytes versicolor,-70.866168,43.089809,2025,,,,
6170909932,Anaxyrus americanus,-69.035392,45.944512,2023,2.3434998989105225,22.68400001525879,-19.200000762939453,238.0
6170881760,Anaxyrus americanus,-68.755753,45.931545,2023,4.166833400726318,24.847999572753906,-17.555999755859375,208.0
6163349407,Anaxyrus americanus,-70.662297,43.214765,2022,8.21833324432373,26.736000061035156,-9.812000274658203,252.0
6163221583,Anaxyrus americanus,-70.913192,44.501858,2024,4.6585001945495605,24.392000198364258,-16.027999877929688,230.0
6162936478,Anaxyrus americanus,-70.987583,44.358362,2025,5.436166763305664,25.384000778198242,-15.232000350952148,225.0
6147460195,Notophthalmus viridescens,-68.628792,44.530803,2025,6.7223334312438965,25.827999114990234,-12.736000061035156,262.0
6147356437,Anaxyrus americanus,-68.886183,45.986267,2023,2.9559998512268066,23.40399932861328,-18.56800079345703,214.0
6133519697,Notophthalmus viridescens,-68.235727,44.39951,2025,6.991421699523926,25.48235321044922,-11.79411792755127,259.0
6133478233,Anaxyrus americanus,-69.941886,43.955764,2025,7.578666687011719,26.128000259399414,-11.359999656677246,246.0
6133461206,Anaxyrus americanus,-70.466044,43.900376,2024,7.081833362579346,26.34000015258789,-12.895999908447266,254.0
6133460617,Anaxyrus americanus,-70.25785,43.593358,2020,7.983833312988281,26.280000686645508,-10.567999839782715,246.0
6133444345,Notophthalmus viridescens,-66.95283,44.815994,2011,,,,
6133219615,Anaxyrus americanus,-70.981536,44.277714,2025,5.476166725158691,25.20400047302246,-15.03600025177002,250.0
6131045431,Notophthalmus viridescens,-69.421653,43.984128,2025,7.5020833015441895,24.911109924316406,-10.022222518920898,249.0
6130729559,Anaxyrus americanus,-68.872925,46.007003,2023,3.3610000610351562,23.988000869750977,-18.736000061035156,205.0
6129821827,Anaxyrus americanus,-69.42108,43.990712,2025,7.5020833015441895,24.911109924316406,-10.022222518920898,249.0
5938490607,Dryophytes versicolor,-70.8814,43.177412,2025,,,,
5938286512,Anaxyrus americanus,-70.812616,44.420579,2025,5.888333320617676,26.148000717163086,-15.263999938964844,211.0
5938029660,Dryophytes versicolor,-70.855142,43.108694,2025,,,,
5936312150,Anaxyrus americanus,-69.280693,44.208355,2023,7.163333415985107,25.59200096130371,-11.680000305175781,256.0
5936277340,Notophthalmus viridescens,-69.85855,44.004814,2025,7.473090171813965,25.950000762939453,-11.508333206176758,246.0
5936101309,Anaxyrus americanus,-69.32258,45.67335,2025,3.517666816711426,24.040000915527344,-18.371999740600586,207.0
5935992685,Notophthalmus viridescens,-68.681769,44.370016,2025,7.104545593261719,25.440908432006836,-11.595454216003418,255.0
5935957102,Notophthalmus viridescens,-68.628781,44.530924,2025,6.7223334312438965,25.827999114990234,-12.736000061035156,262.0
5935738019,Dryophytes versicolor,-69.923675,43.929753,2025,7.578666687011719,26.128000259399414,-11.359999656677246,246.0
5935707283,Notophthalmus viridescens,-69.859169,44.000958,2025,7.473090171813965,25.950000762939453,-11.508333206176758,246.0
5935704566,Anaxyrus americanus,-68.96235,45.897255,2025,2.928333282470703,23.375999450683594,-18.59200096130371,222.0
5935407226,Dryophytes versicolor,-70.874681,43.189005,2021,,,,
5935395728,Notophthalmus viridescens,-69.573556,44.15705,2025,7.2143330574035645,25.77199935913086,-11.62399959564209,252.0
5935319470,Dryophytes versicolor,-68.321209,44.430239,2025,7.035277843475342,25.459999084472656,-11.739999771118164,256.0
5935240983,Dryophytes versicolor,-70.911721,43.141673,2021,,,,
5932815967,Notophthalmus viridescens,-68.660008,44.902392,2025,6.609499931335449,26.81999969482422,-13.807999610900879,231.0
5932472498,Notophthalmus viridescens,-68.660021,44.902339,2025,6.609499931335449,26.81999969482422,-13.807999610900879,231.0
5932317386,Notophthalmus viridescens,-68.660318,44.902483,2025,6.609499931335449,26.81999969482422,-13.807999610900879,231.0
5909354580,Anaxyrus americanus,-69.708273,45.475767,2024,3.429499864578247,23.583999633789062,-18.191999435424805,216.0
5909264272,Dryophytes versicolor,-68.722928,44.710225,2025,6.654333114624023,26.420000076293945,-13.539999961853027,256.0
5909172272,Anaxyrus americanus,-69.768562,45.518379,2024,3.698833465576172,24.0,-18.139999389648438,198.0
5909048554,Dryophytes versicolor,-68.742417,44.794834,2025,6.86566686630249,27.06399917602539,-13.619999885559082,242.0
5909023288,Anaxyrus americanus,-68.897754,44.57537,2025,6.664666652679443,25.860000610351562,-12.944000244140625,262.0
5909010309,Anaxyrus americanus,-69.693726,45.474921,2024,3.429499864578247,23.583999633789062,-18.191999435424805,216.0
5908833481,Anaxyrus americanus,-69.707679,45.492557,2024,3.429499864578247,23.583999633789062,-18.191999435424805,216.0
5904069646,Dryophytes versicolor,-68.674801,44.794808,2025,6.645833492279053,26.68000030517578,-13.656000137329102,241.0
5903927288,Dryophytes versicolor,-68.701658,44.742489,2025,6.362666606903076,26.04400062561035,-13.736000061035156,267.0
5903878008,Dryophytes versicolor,-68.668333,44.796408,2025,6.645833492279053,26.68000030517578,-13.656000137329102,241.0
5903754226,Dryophytes versicolor,-68.636107,44.698023,2025,6.4651665687561035,26.031999588012695,-13.484000205993652,266.0
5903753758,Anaxyrus americanus,-70.851869,43.624627,2025,7.0368332862854,26.996000289916992,-13.272000312805176,272.0
5903737887,Anaxyrus americanus,-68.090239,44.634185,2025,6.308833122253418,25.444000244140625,-13.543999671936035,264.0
5903732189,Dryophytes versicolor,-68.662277,44.707368,2025,6.4651665687561035,26.031999588012695,-13.484000205993652,266.0
5897831074,Anaxyrus americanus,-68.71883,47.230461,2025,3.058666706085205,24.243999481201172,-20.272001266479492,192.0
5897806853,Anaxyrus americanus,-67.786063,46.298937,2017,,,,
5897750539,Dryophytes versicolor,-68.750464,44.675905,2025,6.512666702270508,26.06800079345703,-13.491999626159668,264.0
5897669449,Dryophytes versicolor,-68.658475,44.783422,2025,6.499166488647461,26.347999572753906,-13.687999725341797,256.0
5897480712,Anaxyrus americanus,-70.603698,43.963135,2025,6.833666801452637,26.579999923706055,-13.979999542236328,259.0
5897417464,Dryophytes versicolor,-68.75148,44.656186,2025,6.589333534240723,26.059999465942383,-13.263999938964844,262.0
5897334707,Dryophytes versicolor,-68.640962,44.695617,2025,6.4651665687561035,26.031999588012695,-13.484000205993652,266.0
5897327646,Dryophytes versicolor,-68.71715,44.677257,2025,6.60366678237915,26.152000427246094,-13.399999618530273,262.0
5897317518,Anaxyrus americanus,-69.007812,44.295356,2025,7.0291666984558105,25.307998657226562,-11.472000122070312,255.0
5897273686,Dryophytes versicolor,-68.788171,44.673163,2025,6.512666702270508,26.06800079345703,-13.491999626159668,264.0
5897267872,Anaxyrus americanus,-69.02306,44.309568,2025,7.0291666984558105,25.307998657226562,-11.472000122070312,255.0
5897228209,Dryophytes versicolor,-68.697528,44.62444,2025,6.751500129699707,26.148000717163086,-13.01200008392334,260.0
5897225657,Anaxyrus americanus,-69.007285,44.295617,2025,7.0291666984558105,25.307998657226562,-11.472000122070312,255.0
5897202652,Dryophytes versicolor,-68.653389,44.685431,2025,6.4651665687561035,26.031999588012695,-13.484000205993652,266.0
5897187818,Dryophytes versicolor,-68.652663,44.699766,2025,6.4651665687561035,26.031999588012695,-13.484000205993652,266.0
5897153720,Anaxyrus americanus,-70.372814,44.162759,2025,6.4691667556762695,25.947999954223633,-13.708000183105469,266.0
5897069683,Dryophytes versicolor,-68.797526,44.671358,2025,6.709666728973389,26.384000778198242,-13.312000274658203,251.0
5892950415,Dryophytes versicolor,-69.92395,44.53229,2025,6.331333160400391,26.131999969482422,-14.508000373840332,250.0
5892756264,Dryophytes versicolor,-68.780716,44.619443,2025,6.803500175476074,26.13599967956543,-12.819999694824219,260.0
5892724256,Anaxyrus americanus,-70.650898,44.318401,2025,5.928833484649658,25.84000015258789,-14.871999740600586,242.0
5892642462,Dryophytes versicolor,-68.685616,44.730617,2025,6.362666606903076,26.04400062561035,-13.736000061035156,267.0
5892531923,Anaxyrus americanus,-70.650898,44.318401,2025,5.928833484649658,25.84000015258789,-14.871999740600586,242.0
5892521541,Anaxyrus americanus,-70.650898,44.318401,2025,5.928833484649658,25.84000015258789,-14.871999740600586,242.0
5892466628,Dryophytes versicolor,-69.543964,44.216417,2025,7.145666599273682,26.100000381469727,-12.199999809265137,255.0
5892408176,Anaxyrus americanus,-69.878136,43.971115,2025,7.5020833015441895,25.899999618530273,-11.34999942779541,245.0
5890303563,Notophthalmus viridescens,-69.834829,43.779579,2025,7.661904811859131,24.657142639160156,-9.561904907226562,246.0
5890232964,Dryophytes versicolor,-68.647299,44.694168,2025,6.4651665687561035,26.031999588012695,-13.484000205993652,266.0
5890174565,Dryophytes versicolor,-68.601667,44.716091,2025,6.309000015258789,25.92799949645996,-13.732000350952148,270.0
5890156488,Dryophytes versicolor,-68.661605,44.758101,2025,6.499166488647461,26.347999572753906,-13.687999725341797,256.0
5890142989,Anaxyrus americanus,-68.40793,46.060313,2025,4.1066670417785645,24.964000701904297,-18.411998748779297,203.0
5890009236,Dryophytes versicolor,-68.325721,44.398317,2025,7.011833190917969,25.464000701904297,-11.715999603271484,257.0
5889985083,Dryophytes versicolor,-68.325763,44.398311,2025,7.011833190917969,25.464000701904297,-11.715999603271484,257.0
5889954290,Notophthalmus viridescens,-68.80455,46.12738,2025,3.8475000858306885,24.648000717163086,-18.775999069213867,194.0
5889952706,Dryophytes versicolor,-68.787146,44.601489,2025,6.803500175476074,26.13599967956543,-12.819999694824219,260.0
5889913905,Dryophytes versicolor,-70.266048,43.817403,2024,7.257833480834961,25.911998748779297,-11.996000289916992,251.0
5889678631,Dryophytes versicolor,-68.681997,44.6378,2025,6.632166862487793,26.139999389648438,-13.227999687194824,261.0
5889614620,Anaxyrus americanus,-68.405913,44.26343,2025,7.122499942779541,24.485000610351562,-10.600000381469727,256.0
5889562100,Dryophytes versicolor,-68.668518,44.768889,2025,6.63433313369751,26.588001251220703,-13.624000549316406,248.0
5889403397,Dryophytes versicolor,-68.658905,44.689652,2025,6.4651665687561035,26.031999588012695,-13.484000205993652,266.0
5889392469,Dryophytes versicolor,-68.772734,44.744001,2025,6.747833251953125,26.576000213623047,-13.479999542236328,251.0
5889299213,Notophthalmus viridescens,-69.614867,44.139505,2025,7.195333003997803,25.855998992919922,-11.776000022888184,253.0
5868217663,Dryophytes versicolor,-70.803464,43.23167,2025,8.292166709899902,27.76799964904785,-10.619999885559082,253.0
5868159711,Notophthalmus viridescens,-68.494906,46.066394,2025,3.9056665897369385,24.668001174926758,-18.56800079345703,204.0
5868148624,Anaxyrus americanus,-69.048537,46.042528,2014,3.0136666297912598,23.851999282836914,-19.260000228881836,201.0
5868145930,Anaxyrus americanus,-68.40164,46.042056,2025,4.1066670417785645,24.964000701904297,-18.411998748779297,203.0
5868129308,Anaxyrus americanus,-70.351713,45.140636,2024,3.432000160217285,23.288000106811523,-17.579999923706055,232.0
5868068318,Dryophytes versicolor,-70.872437,43.164272,2025,,,,
5868057816,Anaxyrus americanus,-69.168953,45.760608,2024,4.081666946411133,24.68000030517578,-17.803998947143555,193.0
5867978794,Anaxyrus americanus,-68.524442,46.16293,2025,3.680000066757202,24.54400062561035,-19.055999755859375,201.0
5867971988,Anaxyrus americanus,-70.350617,45.131225,2024,3.432000160217285,23.288000106811523,-17.579999923706055,232.0
5867792908,Notophthalmus viridescens,-69.835579,43.785455,2025,7.661904811859131,24.657142639160156,-9.561904907226562,246.0
5867754914,Notophthalmus viridescens,-68.537399,46.161886,2025,3.680000066757202,24.54400062561035,-19.055999755859375,201.0
5867733639,Anaxyrus americanus,-68.527277,46.063683,2025,3.862333297729492,24.68400001525879,-18.59600067138672,205.0
5867728734,Anaxyrus americanus,-68.538954,46.027401,2025,3.990166664123535,24.760000228881836,-18.440000534057617,207.0
5844602908,Notophthalmus viridescens,-68.574038,46.059401,2025,3.866499900817871,24.72800064086914,-18.676000595092773,208.0
5844596252,Dryophytes versicolor,-68.79458,44.658983,2025,6.708499908447266,26.148000717163086,-13.076000213623047,259.0
5844581576,Dryophytes versicolor,-70.755195,43.66797,2025,7.071333408355713,27.124000549316406,-13.616000175476074,264.0
5844512884,Notophthalmus viridescens,-68.588073,46.028022,2025,4.232500076293945,25.016000747680664,-18.20800018310547,199.0
5844472571,Anaxyrus americanus,-70.85128,43.140128,2025,,,,
5844471760,Anaxyrus americanus,-70.738501,43.305552,2021,8.016666412353516,27.38399887084961,-10.871999740600586,254.0
5844468836,Anaxyrus americanus,-70.301889,43.683789,2025,7.831333160400391,26.559999465942383,-11.355999946594238,250.0
5844439443,Anaxyrus americanus,-68.44972,46.074445,2025,3.9665000438690186,24.79599952697754,-18.54400062561035,206.0
5844427372,Notophthalmus viridescens,-68.496143,46.167513,2025,3.448500156402588,24.41200065612793,-19.27199935913086,203.0
5844355056,Dryophytes versicolor,-70.236854,43.714378,2025,7.533522605895996,25.772727966308594,-11.022727012634277,246.0
5844347444,Dryophytes versicolor,-68.259658,44.306648,2024,6.8730902671813965,24.825000762939453,-11.345832824707031,263.0
5844318009,Anaxyrus americanus,-70.300301,43.684294,2025,7.831333160400391,26.559999465942383,-11.355999946594238,250.0
5844306656,Anaxyrus americanus,-71.000531,45.026819,2025,3.6516666412353516,23.667999267578125,-18.04400062561035,202.0
5844285298,Notophthalmus viridescens,-68.551815,46.053285,2025,3.866499900817871,24.72800064086914,-18.676000595092773,208.0
5844266185,Dryophytes versicolor,-68.601059,44.724138,2025,6.309000015258789,25.92799949645996,-13.732000350952148,270.0
5844241972,Anaxyrus americanus,-68.943262,44.55933,2021,6.628666400909424,25.81599998474121,-13.055999755859375,263.0
5844207928,Dryophytes versicolor,-68.739739,44.622187,2025,6.809333324432373,26.219999313354492,-12.911999702453613,258.0
5844178594,Anaxyrus americanus,-68.508051,46.097372,2025,3.757833480834961,24.552000045776367,-18.8439998626709,205.0
5844163004,Anaxyrus americanus,-70.819168,44.029144,2025,6.287166595458984,26.187999725341797,-14.680000305175781,280.0
5844142555,Dryophytes versicolor,-68.481823,46.050798,2025,3.9056665897369385,24.668001174926758,-18.56800079345703,204.0
5844107555,Anaxyrus americanus,-68.579017,46.032847,2025,4.04283332824707,24.823999404907227,-18.392000198364258,206.0
5844029779,Anaxyrus americanus,-68.55324,46.030231,2025,4.04283332824707,24.823999404907227,-18.392000198364258,206.0
5844012382,Anaxyrus americanus,-70.994444,45.033111,2025,3.365000009536743,23.280000686645508,-18.172000885009766,218.0
5844005402,Notophthalmus viridescens,-68.465705,46.166221,2025,3.5934998989105225,24.459999084472656,-19.100000381469727,204.0
5840486626,Anaxyrus americanus,-69.347957,44.607512,2025,6.595666885375977,26.360000610351562,-13.748000144958496,233.0
5840481711,Anaxyrus americanus,-70.983095,44.279705,2025,5.476166725158691,25.20400047302246,-15.03600025177002,250.0
5840468963,Anaxyrus americanus,-69.349065,44.608474,2025,6.595666885375977,26.360000610351562,-13.748000144958496,233.0
5840409062,Anaxyrus americanus,-70.71454,44.053791,2025,6.552000045776367,26.607999801635742,-14.652000427246094,263.0
5840306152,Anaxyrus americanus,-68.909264,45.840734,2025,3.7321667671203613,24.260000228881836,-17.77199935913086,206.0
5840286507,Dryophytes versicolor,-69.418948,43.976727,2025,7.5020833015441895,24.911109924316406,-10.022222518920898,249.0
5840254464,Anaxyrus americanus,-70.36117,43.900078,2025,7.028166770935059,26.128000259399414,-12.751999855041504,254.0
5840219856,Anaxyrus americanus,-68.626447,47.201953,2025,2.811166524887085,23.968000411987305,-20.61600112915039,197.0
5840204169,Dryophytes versicolor,-69.418948,43.976727,2025,7.5020833015441895,24.911109924316406,-10.022222518920898,249.0
5840144374,Anaxyrus americanus,-68.815051,45.913523,2025,4.039999961853027,24.6200008392334,-17.56800079345703,205.0
5840125498,Notophthalmus viridescens,-68.660317,44.902998,2025,6.609499931335449,26.81999969482422,-13.807999610900879,231.0
5840094403,Anaxyrus americanus,-68.561078,46.018292,2025,4.04283332824707,24.823999404907227,-18.392000198364258,206.0
5840075882,Anaxyrus americanus,-70.698458,43.892134,2025,6.617666721343994,26.472000122070312,-14.17199993133545,268.0
5840007842,Dryophytes versicolor,-67.159825,44.666579,2025,,,,
5839988420,Dryophytes versicolor,-69.090381,44.256702,2025,7.117166519165039,25.332000732421875,-11.54800033569336,257.0
5839973625,Anaxyrus americanus,-70.52883,44.905075,2025,3.5906665325164795,23.45599937438965,-17.447999954223633,240.0
5839957643,Anaxyrus americanus,-68.643817,44.631428,2025,6.339666843414307,25.76799964904785,-13.503999710083008,269.0
5838360929,Notophthalmus viridescens,-68.659897,44.902462,2025,6.609499931335449,26.81999969482422,-13.807999610900879,231.0
5838350669,Notophthalmus viridescens,-70.2563,44.006838,2025,7.0256667137146,26.275999069213867,-12.67199993133545,253.0
5838260473,Anaxyrus americanus,-70.632871,43.459658,2025,7.661166667938232,26.944000244140625,-11.772000312805176,256.0
5838255989,Anaxyrus americanus,-70.256233,44.006694,2025,7.0256667137146,26.275999069213867,-12.67199993133545,253.0
5838254745,Anaxyrus americanus,-69.945258,43.951653,2025,7.578666687011719,26.128000259399414,-11.359999656677246,246.0
5838234340,Anaxyrus americanus,-68.681869,44.322589,2025,7.1279168128967285,25.065000534057617,-11.170000076293945,255.0
5838175112,Anaxyrus americanus,-70.601622,43.204597,2025,8.368749618530273,26.683334350585938,-9.338889122009277,247.0
5838166799,Notophthalmus viridescens,-68.057105,44.336629,2025,6.8611979484558105,23.924999237060547,-10.793749809265137,256.0
5838163913,Notophthalmus viridescens,-69.835713,43.785502,2025,7.661904811859131,24.657142639160156,-9.561904907226562,246.0
5838151944,Anaxyrus americanus,-70.185137,44.256047,2025,6.728166580200195,26.399999618530273,-13.640000343322754,260.0
5838131394,Notophthalmus viridescens,-70.453015,43.682514,2025,7.3466668128967285,26.444000244140625,-12.319999694824219,250.0
5838095910,Notophthalmus viridescens,-68.721151,44.904758,2025,6.447999954223633,26.559999465942383,-13.955999374389648,229.0
5838038434,Anaxyrus americanus,-68.754495,45.931092,2025,4.166833400726318,24.847999572753906,-17.555999755859375,208.0
5837940549,Dryophytes versicolor,-70.294778,43.899738,2025,7.0985002517700195,26.167999267578125,-12.52400016784668,252.0
5837939471,Anaxyrus americanus,-68.83535,45.902943,2025,3.36899995803833,23.836000442504883,-17.871999740600586,210.0
5837890042,Anaxyrus americanus,-68.680369,44.322517,2025,7.1279168128967285,25.065000534057617,-11.170000076293945,255.0
5837842362,Anaxyrus americanus,-70.949056,44.27582,2025,5.559999942779541,25.34000015258789,-15.027999877929688,249.0
5837824402,Dryophytes versicolor,-68.668106,44.71159,2025,6.362666606903076,26.04400062561035,-13.736000061035156,267.0
5837815507,Anaxyrus americanus,-70.198708,44.228455,2025,6.722833156585693,26.211999893188477,-13.447999954223633,259.0
5837771071,Anaxyrus americanus,-70.980483,44.251688,2025,5.476166725158691,25.20400047302246,-15.03600025177002,250.0
5837766684,Anaxyrus americanus,-70.30312,43.68264,2025,7.831333160400391,26.559999465942383,-11.355999946594238,250.0
5837744367,Anaxyrus americanus,-68.262187,45.535222,2025,5.421833515167236,26.064001083374023,-16.1560001373291,223.0
5837740474,Anaxyrus americanus,-67.470589,44.67264,2025,6.30916690826416,24.748001098632812,-13.032000541687012,251.0
5837717088,Anaxyrus americanus,-70.864312,44.227775,2025,6.290499687194824,26.375999450683594,-14.760000228881836,244.0
5837685922,Anaxyrus americanus,-68.903686,45.924736,2025,1.9283332824707031,22.167999267578125,-19.04400062561035,247.0
5837681260,Notophthalmus viridescens,-69.826376,44.159784,2025,7.107833385467529,26.11199951171875,-12.444000244140625,253.0
5837629908,Anaxyrus americanus,-70.441437,43.717872,2025,7.2769999504089355,26.447999954223633,-12.423999786376953,249.0
5837621762,Anaxyrus americanus,-69.631712,44.552004,2025,6.94350004196167,27.18400001525879,-13.927999496459961,221.0
5831032422,Dryophytes versicolor,-70.917075,43.240955,2025,,,,
5831020698,Notophthalmus viridescens,-69.661078,43.872828,2025,7.671229839324951,24.44761848449707,-9.295238494873047,246.0
5830979626,Notophthalmus viridescens,-68.659691,44.902869,2025,6.609499931335449,26.81999969482422,-13.807999610900879,231.0
5830931191,Notophthalmus viridescens,-70.264838,43.817295,2025,7.257833480834961,25.911998748779297,-11.996000289916992,251.0
5830878957,Notophthalmus viridescens,-68.441728,44.807734,2025,6.143166542053223,25.8439998626709,-14.0600004196167,271.0
5830849350,Anaxyrus americanus,-68.689902,45.671765,2025,5.183833122253418,25.964000701904297,-16.576000213623047,212.0
5830806496,Anaxyrus americanus,-70.593864,43.914116,2025,7.1623334884643555,26.559999465942383,-12.604000091552734,257.0
5830773063,Dryophytes versicolor,-69.619187,43.949455,2025,7.624275207519531,25.04347801208496,-9.960869789123535,247.0
5830739452,Anaxyrus americanus,-70.842853,43.093559,2024,,,,
5830727285,Anaxyrus americanus,-71.032875,45.010053,2025,3.6516666412353516,23.667999267578125,-18.04400062561035,202.0
5830708134,Dryophytes versicolor,-70.232214,44.432847,2025,6.128499984741211,26.040000915527344,-14.684000015258789,262.0
5830652992,Dryophytes versicolor,-69.922284,43.815104,2025,7.696666717529297,24.97333335876465,-9.866666793823242,243.0
5830636970,Anaxyrus americanus,-70.778909,44.9475,2025,3.883666753768921,23.916000366210938,-17.756000518798828,203.0
5830618027,Dryophytes versicolor,-70.111932,44.122364,2025,7.0894999504089355,26.303998947143555,-12.644000053405762,254.0
5830581154,Dryophytes versicolor,-69.732529,44.752373,2025,6.184333324432373,26.54800033569336,-15.2839994430542,217.0
5830574646,Dryophytes versicolor,-69.2909,44.593345,2025,6.418333530426025,26.08799934387207,-13.812000274658203,242.0
5830561598,Anaxyrus americanus,-68.900539,45.922272,2025,1.9283332824707031,22.167999267578125,-19.04400062561035,247.0
5830539651,Notophthalmus viridescens,-70.784022,43.383808,2025,7.711166858673096,27.26799964904785,-11.616000175476074,261.0
5830520598,Dryophytes versicolor,-68.48983,44.984193,2025,6.079666614532471,26.25200080871582,-14.527999877929688,242.0
5830447512,Anaxyrus americanus,-68.871553,46.093246,2025,2.68833327293396,23.483999252319336,-19.444000244140625,223.0
5830434197,Dryophytes versicolor,-68.301022,44.403261,2024,7.011833190917969,25.464000701904297,-11.715999603271484,257.0
5830418926,Anaxyrus americanus,-70.688506,44.110958,2025,6.677666664123535,26.739999771118164,-14.491999626159668,256.0
5830391452,Dryophytes versicolor,-68.726075,44.596161,2025,6.809333324432373,26.219999313354492,-12.911999702453613,258.0
5830371929,Dryophytes versicolor,-69.893356,44.870651,2025,5.804500102996826,26.18000030517578,-16.059999465942383,219.0
5830335261,Anaxyrus americanus,-67.02105,44.881797,2025,,,,
5828857510,Anaxyrus americanus,-70.648616,44.288776,2025,6.017333507537842,25.884000778198242,-14.751999855041504,249.0
5828854903,Dryophytes versicolor,-70.696931,44.095814,2025,6.677666664123535,26.739999771118164,-14.491999626159668,256.0
5828853645,Notophthalmus viridescens,-68.659689,44.902772,2025,6.609499931335449,26.81999969482422,-13.807999610900879,231.0
5828804364,Notophthalmus viridescens,-68.851012,46.165236,2025,3.7266666889190674,24.45199966430664,-18.871999740600586,193.0
5828800144,Dryophytes versicolor,-68.691693,44.736131,2025,6.362666606903076,26.04400062561035,-13.736000061035156,267.0
5828781112,Anaxyrus americanus,-70.985722,44.92558,2025,3.7135000228881836,23.687999725341797,-17.90399932861328,198.0
5828777378,Anaxyrus americanus,-68.77784,46.050316,2025,4.246833324432373,24.871999740600586,-18.18400001525879,195.0
5828725593,Anaxyrus americanus,-70.815292,43.185173,2025,8.441468238830566,27.676191329956055,-10.19523811340332,252.0
5828694244,Anaxyrus americanus,-69.185722,45.749447,2025,3.931166887283325,24.468000411987305,-17.8799991607666,201.0
5828648596,Anaxyrus americanus,-68.998385,45.887353,2025,2.928333282470703,23.375999450683594,-18.59200096130371,222.0
5828646323,Anaxyrus americanus,-69.664336,44.519414,2025,6.932000160217285,27.04400062561035,-13.708000183105469,220.0
5828597159,Dryophytes versicolor,-69.67143,43.828208,2025,,,,
5828590769,Anaxyrus americanus,-70.825627,44.181851,2025,6.274666786193848,26.336000442504883,-14.732000350952148,249.0
5828550296,Notophthalmus viridescens,-67.935642,46.515207,2025,3.755500078201294,24.444000244140625,-18.07200050354004,188.0
5828532599,Anaxyrus americanus,-70.181045,44.123103,2025,7.293666362762451,26.856000900268555,-12.704000473022461,255.0
5828531556,Notophthalmus viridescens,-69.734228,45.46838,2025,2.994166612625122,23.027999877929688,-18.472000122070312,230.0
5828514546,Dryophytes versicolor,-68.661356,44.725744,2025,6.496500015258789,26.20400047302246,-13.564000129699707,264.0
5828475359,Anaxyrus americanus,-69.831412,43.733547,2025,,,,
5828426015,Anaxyrus americanus,-69.055047,45.882562,2025,3.7096667289733887,24.392000198364258,-18.18000030517578,198.0
5828396705,Notophthalmus viridescens,-68.182687,44.350547,2025,6.956127166748047,24.92352867126465,-11.376470565795898,260.0
5828371604,Anaxyrus americanus,-68.639358,44.917495,2025,6.517666816711426,26.775999069213867,-14.072000503540039,231.0
5828356185,Anaxyrus americanus,-70.663462,44.380603,2025,5.840666770935059,25.860000610351562,-15.128000259399414,233.0
5828331451,Anaxyrus americanus,-70.182563,43.796825,2025,7.439930438995361,25.954166412353516,-11.441666603088379,247.0
5828283814,Dryophytes versicolor,-68.768645,44.792166,2025,7.00333309173584,27.31999969482422,-13.616000175476074,244.0
5828276196,Dryophytes versicolor,-68.678936,44.720983,2025,6.362666606903076,26.04400062561035,-13.736000061035156,267.0
5828274943,Dryophytes versicolor,-68.061015,44.332741,2025,,,,
5828243881,Anaxyrus americanus,-70.761833,43.787875,2025,6.714333534240723,26.639999389648438,-14.067999839782715,273.0
5828225122,Anaxyrus americanus,-70.853165,44.185496,2025,6.3125,26.420000076293945,-14.699999809265137,249.0
5828202428,Dryophytes versicolor,-69.004006,44.66608,2025,6.457666397094727,25.916000366210938,-13.52400016784668,256.0
5828191332,Anaxyrus americanus,-68.851913,45.939645,2025,2.86299991607666,23.20800018310547,-18.31999969482422,222.0
5828164387,Notophthalmus viridescens,-68.243538,44.374222,2025,6.523499965667725,24.799999237060547,-12.092000007629395,271.0
5828117501,Anaxyrus americanus,-69.645662,44.664295,2025,6.508166790008545,26.700000762939453,-14.460000038146973,216.0
5828114326,Dryophytes versicolor,-70.181442,44.12363,2025,7.293666362762451,26.856000900268555,-12.704000473022461,255.0
5828080744,Notophthalmus viridescens,-67.460564,44.705339,2025,6.30916690826416,24.748001098632812,-13.032000541687012,251.0
5828039458,Dryophytes versicolor,-68.618517,44.755644,2025,6.500999927520752,26.288000106811523,-13.708000183105469,259.0
5827986662,Notophthalmus viridescens,-69.070266,44.337396,2025,6.846166610717773,25.38800048828125,-11.984000205993652,262.0
5827985842,Anaxyrus americanus,-69.281801,46.419699,2025,3.251499891281128,24.27199935913086,-19.423999786376953,186.0
5827968575,Anaxyrus americanus,-69.298642,46.208267,2019,3.5290000438690186,24.472000122070312,-18.95199966430664,184.0
5827957405,Anaxyrus americanus,-69.386147,46.060081,2025,3.636166572570801,24.52400016784668,-18.79199981689453,187.0
5827905579,Anaxyrus americanus,-68.702106,44.285261,2025,,,,
5827894352,Anaxyrus americanus,-70.761833,43.787875,2025,6.714333534240723,26.639999389648438,-14.067999839782715,273.0
5827878617,Notophthalmus viridescens,-68.368088,44.277838,2025,7.109375,24.795833587646484,-10.866666793823242,257.0
5827873212,Anaxyrus americanus,-70.405785,43.542404,2025,7.7191667556762695,26.220001220703125,-11.092000007629395,247.0
5827865770,Dryophytes versicolor,-70.32132,44.412128,2025,6.188666820526123,26.007999420166016,-14.508000373840332,255.0
5827811083,Anaxyrus americanus,-69.658657,43.840902,2025,7.671229839324951,24.44761848449707,-9.295238494873047,246.0
5827806704,Anaxyrus americanus,-70.660179,44.023597,2025,6.795833587646484,26.715999603271484,-14.204000473022461,260.0
5827793876,Anaxyrus americanus,-68.649526,44.6235,2025,6.58050012588501,25.93600082397461,-13.187999725341797,263.0
5827761868,Notophthalmus viridescens,-67.460518,44.7055,2025,6.30916690826416,24.748001098632812,-13.032000541687012,251.0
5827760624,Dryophytes versicolor,-70.231916,44.056303,2025,7.238833427429199,26.600000381469727,-12.527999877929688,252.0
5827758132,Dryophytes versicolor,-69.516075,44.480511,2025,6.810333251953125,26.447999954223633,-13.4399995803833,232.0
5827755102,Anaxyrus americanus,-70.190907,45.139151,2025,3.945666790008545,23.93600082397461,-17.435998916625977,215.0
5827747285,Anaxyrus americanus,-69.822109,43.874167,2025,7.694675922393799,25.22222328186035,-10.088889122009277,245.0
5827727528,Notophthalmus viridescens,-68.368212,44.27787,2025,7.109375,24.795833587646484,-10.866666793823242,257.0
5827684696,Notophthalmus viridescens,-68.368255,44.277878,2025,7.109375,24.795833587646484,-10.866666793823242,257.0
5827654405,Notophthalmus viridescens,-68.182555,44.350383,2025,6.956127166748047,24.92352867126465,-11.376470565795898,260.0
5827650819,Anaxyrus americanus,-70.96668,44.342527,2025,5.436166763305664,25.384000778198242,-15.232000350952148,225.0
5827624279,Anaxyrus americanus,-69.664305,44.519444,2025,6.932000160217285,27.04400062561035,-13.708000183105469,220.0
5827600717,Notophthalmus viridescens,-68.488012,44.442951,2025,,,,
5827582502,Notophthalmus viridescens,-70.719315,43.556438,2025,7.306333065032959,26.899999618530273,-12.644000053405762,263.0
5827573946,Anaxyrus americanus,-68.995539,44.3387,2025,6.944999694824219,25.323999404907227,-11.652000427246094,258.0
5827564190,Dryophytes versicolor,-68.771226,44.80158,2025,7.00333309173584,27.31999969482422,-13.616000175476074,244.0
5827545263,Anaxyrus americanus,-70.947703,44.233997,2025,6.256666660308838,26.336000442504883,-14.628000259399414,242.0
5827466555,Anaxyrus americanus,-69.162443,45.992611,2025,3.3476667404174805,24.243999481201172,-18.899999618530273,196.0
5827451653,Anaxyrus americanus,-69.171097,45.768995,2025,4.081666946411133,24.68000030517578,-17.803998947143555,193.0
5827449175,Anaxyrus americanus,-70.780092,44.727202,2025,3.5810000896453857,23.351999282836914,-17.31999969482422,234.0
5827445336,Anaxyrus americanus,-68.909977,45.916414,2025,1.7834999561309814,21.92799949645996,-19.06800079345703,257.0
5827436907,Anaxyrus americanus,-68.414153,44.671283,2025,6.70283317565918,26.26799964904785,-13.415999412536621,259.0
5827369286,Notophthalmus viridescens,-70.782051,43.146099,2025,8.51883316040039,27.42799949645996,-9.751999855041504,250.0
5827366600,Anaxyrus americanus,-70.853422,44.259495,2025,6.033666610717773,26.003999710083008,-14.883999824523926,244.0
5761185674,Dryophytes versicolor,-70.716538,43.147343,2025,8.499667167663574,27.26799964904785,-9.616000175476074,248.0
5761092653,Anaxyrus americanus,-71.043992,45.219033,2025,2.551500082015991,22.100000381469727,-18.31999969482422,267.0
5761060206,Notophthalmus viridescens,-69.023213,44.316986,2025,7.0291666984558105,25.307998657226562,-11.472000122070312,255.0
5761057551,Dryophytes versicolor,-70.232136,43.611772,2025,7.891848087310791,25.826087951660156,-10.265216827392578,244.0
5761056090,Anaxyrus americanus,-68.058563,44.338267,2025,6.8611979484558105,23.924999237060547,-10.793749809265137,256.0
5761029999,Anaxyrus americanus,-70.368522,44.25858,2025,6.500833511352539,26.31599998474121,-14.088000297546387,260.0
5761006837,Anaxyrus americanus,-68.856247,45.92051,2025,2.86299991607666,23.20800018310547,-18.31999969482422,222.0
5760922916,Anaxyrus americanus,-70.982088,44.398772,2025,5.6504998207092285,25.739999771118164,-15.251999855041504,214.0
5760920645,Notophthalmus viridescens,-69.883464,44.539539,2025,6.616833209991455,26.45199966430664,-14.267999649047852,238.0
5760885404,Anaxyrus americanus,-69.785355,43.844503,2025,,,,
5760873061,Anaxyrus americanus,-69.735374,44.685654,2025,6.234833240509033,26.384000778198242,-14.887999534606934,219.0
5760870717,Dryophytes versicolor,-67.022445,44.88483,2025,,,,
5760846997,Notophthalmus viridescens,-67.673718,44.778009,2025,6.163666725158691,25.239999771118164,-13.95199966430664,254.0
5760822666,Anaxyrus americanus,-68.958031,44.357031,2025,,,,
5760810544,Anaxyrus americanus,-70.47707,43.940648,2025,6.998000144958496,26.336000442504883,-13.284000396728516,255.0
5760788745,Anaxyrus americanus,-70.594445,43.91663,2025,7.1623334884643555,26.559999465942383,-12.604000091552734,257.0
5760768601,Dryophytes versicolor,-68.771226,44.80158,2025,7.00333309173584,27.31999969482422,-13.616000175476074,244.0
5760738706,Notophthalmus viridescens,-70.299355,45.09462,2025,4.013999938964844,24.06399917602539,-17.23200035095215,214.0
5760701267,Anaxyrus americanus,-70.647632,43.989831,2025,6.757833480834961,26.59600067138672,-14.088000297546387,262.0
5760697910,Anaxyrus americanus,-68.908675,45.922883,2025,1.9283332824707031,22.167999267578125,-19.04400062561035,247.0
5760621100,Anaxyrus americanus,-69.060325,45.915755,2025,3.7096667289733887,24.392000198364258,-18.18000030517578,198.0
5760585619,Anaxyrus americanus,-68.905495,45.927083,2025,1.9283332824707031,22.167999267578125,-19.04400062561035,247.0
5760577235,Anaxyrus americanus,-70.368553,44.258767,2025,6.500833511352539,26.31599998474121,-14.088000297546387,260.0
5760549160,Anaxyrus americanus,-71.011808,44.559666,2025,4.092166900634766,24.0,-16.851999282836914,218.0
5760529782,Anaxyrus americanus,-70.098177,43.843802,2023,7.414311408996582,25.791303634643555,-11.343478202819824,247.0
5760475308,Anaxyrus americanus,-67.639316,44.68691,2025,6.296833515167236,24.972000122070312,-13.420000076293945,253.0
5760471512,Dryophytes versicolor,-69.692612,44.687295,2025,6.297499656677246,26.435998916625977,-14.807999610900879,219.0
5760443908,Anaxyrus americanus,-68.589466,47.258619,2023,,,,
5760434297,Anaxyrus americanus,-68.875052,45.973314,2025,2.9559998512268066,23.40399932861328,-18.56800079345703,214.0
5760428770,Notophthalmus viridescens,-68.206642,44.363247,2025,6.956127166748047,24.92352867126465,-11.376470565795898,260.0
5760413028,Anaxyrus americanus,-70.057797,43.999358,2025,7.223833084106445,25.983999252319336,-11.880000114440918,248.0
5760336077,Anaxyrus americanus,-69.946708,43.952113,2025,7.578666687011719,26.128000259399414,-11.359999656677246,246.0
5760257055,Anaxyrus americanus,-70.608095,44.92413,2025,3.4806666374206543,23.583999633789062,-18.011999130249023,229.0
5760241579,Anaxyrus americanus,-69.097083,45.849305,2021,3.889166831970215,24.57200050354004,-18.0,195.0
5760222992,Dryophytes versicolor,-68.64546,44.758161,2025,6.499166488647461,26.347999572753906,-13.687999725341797,256.0
5760133792,Dryophytes versicolor,-70.318207,43.753311,2025,7.285333156585693,25.947999954223633,-12.027999877929688,250.0
5760118900,Anaxyrus americanus,-68.820039,46.898651,2025,2.740000009536743,23.855998992919922,-20.464000701904297,194.0
5760055292,Anaxyrus americanus,-70.370438,44.673963,2025,4.639833450317383,24.507999420166016,-16.411998748779297,246.0
5759992706,Anaxyrus americanus,-70.26888,43.634617,2025,8.122618675231934,26.60952377319336,-10.671428680419922,248.0
5759987695,Notophthalmus viridescens,-69.03039,44.323792,2025,7.0291666984558105,25.307998657226562,-11.472000122070312,255.0
5759944856,Notophthalmus viridescens,-70.797536,44.023582,2025,6.287166595458984,26.187999725341797,-14.680000305175781,280.0
5759939546,Notophthalmus viridescens,-69.620663,44.134958,2025,7.195333003997803,25.855998992919922,-11.776000022888184,253.0
5759916308,Anaxyrus americanus,-69.029929,44.323365,2025,7.0291666984558105,25.307998657226562,-11.472000122070312,255.0
5759873152,Dryophytes versicolor,-70.401017,43.946091,2025,6.888000011444092,26.007999420166016,-13.095999717712402,259.0
5759864404,Anaxyrus americanus,-70.354875,43.801167,2025,7.0916666984558105,25.935998916625977,-12.399999618530273,255.0
5759779983,Anaxyrus americanus,-69.585464,44.770115,2025,6.144000053405762,26.280000686645508,-15.031999588012695,219.0
5759764205,Anaxyrus americanus,-67.797754,46.546118,2025,3.7108333110809326,24.579999923706055,-17.899999618530273,192.0
5759686154,Anaxyrus americanus,-67.564833,44.540917,2025,,,,
5759654258,Dryophytes versicolor,-68.431868,46.05762,2025,3.9665000438690186,24.79599952697754,-18.54400062561035,206.0
5759615761,Dryophytes versicolor,-68.606001,44.735787,2025,6.309000015258789,25.92799949645996,-13.732000350952148,270.0
5759615549,Anaxyrus americanus,-70.234294,43.592208,2025,7.891848087310791,25.826087951660156,-10.265216827392578,244.0
5759571188,Anaxyrus americanus,-70.537012,43.719247,2025,7.113833427429199,26.503999710083008,-12.871999740600586,252.0
5759560856,Dryophytes versicolor,-69.72747,44.088642,2025,7.260166645050049,25.983999252319336,-11.944000244140625,251.0
5293282121,Dryophytes versicolor,-67.112822,44.893937,2025,,,,
5293208769,Notophthalmus viridescens,-70.647463,43.512186,2025,7.513166904449463,26.847999572753906,-12.119999885559082,256.0
5293178113,Dryophytes versicolor,-68.695087,44.673252,2025,6.56516695022583,26.144001007080078,-13.395999908447266,263.0
5293161480,Anaxyrus americanus,-70.268616,44.480946,2025,6.169166564941406,26.163999557495117,-14.776000022888184,252.0
5293146156,Notophthalmus viridescens,-68.26387,44.406075,2025,6.910666465759277,25.472000122070312,-11.907999992370605,261.0
5293110810,Anaxyrus americanus,-70.708229,44.050629,2025,6.709499835968018,26.77199935913086,-14.435999870300293,259.0
5293107157,Notophthalmus viridescens,-67.168361,44.662782,2025,,,,
5293042715,Anaxyrus americanus,-69.253486,44.117387,2025,7.324833393096924,25.176000595092773,-10.803999900817871,252.0
5293032939,Dryophytes versicolor,-67.112839,44.893892,2025,,,,
5293008369,Anaxyrus americanus,-68.749176,44.582989,2025,6.880333423614502,26.059999465942383,-12.600000381469727,258.0
5292984235,Anaxyrus americanus,-70.510179,44.591436,2025,5.55816650390625,25.691999435424805,-15.567999839782715,224.0
5292973250,Anaxyrus americanus,-70.810967,44.419705,2025,5.888333320617676,26.148000717163086,-15.263999938964844,211.0
5292948728,Notophthalmus viridescens,-69.041847,45.885042,2025,3.7096667289733887,24.392000198364258,-18.18000030517578,198.0
5292903720,Anaxyrus americanus,-70.57232,43.918445,2025,7.019999980926514,26.531999588012695,-13.184000015258789,256.0
5292794413,Dryophytes versicolor,-68.643722,44.631012,2025,6.339666843414307,25.76799964904785,-13.503999710083008,269.0
5292774373,Anaxyrus americanus,-70.812831,44.420489,2025,5.888333320617676,26.148000717163086,-15.263999938964844,211.0
5292766523,Anaxyrus americanus,-69.958962,44.935753,2025,5.393166542053223,25.58799934387207,-16.347999572753906,222.0
5292757458,Anaxyrus americanus,-68.671356,44.949057,2025,6.475833415985107,26.65999984741211,-14.04800033569336,227.0
5292734225,Anaxyrus americanus,-68.966668,44.857717,2025,6.307666778564453,26.323999404907227,-14.368000030517578,231.0
5292734195,Anaxyrus americanus,-70.630438,43.57219,2021,7.414000034332275,26.85999870300293,-12.395999908447266,257.0
5292702930,Dryophytes versicolor,-67.887909,45.973206,2025,4.691999912261963,25.73200035095215,-17.236000061035156,216.0
5292687525,Notophthalmus viridescens,-67.168337,44.662787,2025,,,,
5292664405,Anaxyrus americanus,-70.788437,44.877255,2025,3.9574999809265137,24.011999130249023,-17.719999313354492,198.0
5292664153,Anaxyrus americanus,-69.334123,43.983802,2025,7.539102554321289,24.299999237060547,-9.5,248.0
5292587674,Anaxyrus americanus,-70.684516,44.361976,2025,5.712166786193848,25.63599967956543,-15.15999984741211,241.0
5292530721,Anaxyrus americanus,-70.132968,44.400631,2025,6.486833095550537,26.399999618530273,-14.140000343322754,256.0
5292523201,Notophthalmus viridescens,-67.168188,44.662903,2025,,,,
5292514812,Anaxyrus americanus,-68.957575,45.844498,2025,3.8456664085388184,24.399999618530273,-17.808000564575195,205.0
5292506198,Dryophytes versicolor,-68.151349,44.757491,2025,6.133999824523926,25.724000930786133,-14.124000549316406,263.0
5292459445,Anaxyrus americanus,-70.139367,44.673112,2025,5.76633358001709,26.09200096130371,-15.859999656677246,258.0
5292395733,Anaxyrus americanus,-67.1512,44.67818,2025,6.150781154632568,23.931249618530273,-12.231249809265137,245.0
5292375371,Anaxyrus americanus,-67.154822,44.689187,2025,6.150781154632568,23.931249618530273,-12.231249809265137,245.0
5292355526,Notophthalmus viridescens,-67.168213,44.662822,2025,,,,
5292355520,Dryophytes versicolor,-70.599828,43.916008,2025,7.1623334884643555,26.559999465942383,-12.604000091552734,257.0
5292302826,Anaxyrus americanus,-69.787382,43.811793,2025,7.709920406341553,24.757143020629883,-9.576190948486328,246.0
5292297351,Anaxyrus americanus,-70.768333,44.78493,2025,2.75166654586792,22.195999145507812,-17.76799964904785,282.0
5292275618,Anaxyrus americanus,-70.29203,43.887967,2025,7.0985002517700195,26.167999267578125,-12.52400016784668,252.0
5292246434,Anaxyrus americanus,-69.776702,43.849029,2025,,,,
5292219405,Dryophytes versicolor,-69.231407,45.038902,2025,5.611000061035156,25.73200035095215,-15.715999603271484,228.0
5292210403,Anaxyrus americanus,-70.617996,43.348003,2025,7.983333110809326,26.875999450683594,-10.628000259399414,253.0
5292204981,Anaxyrus americanus,-70.995972,44.351908,2025,5.436166763305664,25.384000778198242,-15.232000350952148,225.0
5292194972,Anaxyrus americanus,-68.137984,46.885722,2025,3.3625001907348633,24.420000076293945,-19.327999114990234,184.0
5292178281,Anaxyrus americanus,-70.268677,44.479847,2025,6.169166564941406,26.163999557495117,-14.776000022888184,252.0
5292173595,Notophthalmus viridescens,-68.452996,45.091075,2025,5.850500106811523,26.055999755859375,-14.96399974822998,239.0
5292116408,Dryophytes versicolor,-70.456763,43.4841,2025,7.889999866485596,26.43199920654297,-10.684000015258789,248.0
5292060134,Dryophytes versicolor,-68.577168,46.086753,2025,3.871666669845581,24.715999603271484,-18.823999404907227,204.0
5292058554,Anaxyrus americanus,-70.351621,43.613363,2025,7.789999961853027,26.375999450683594,-11.175999641418457,247.0
5292003501,Anaxyrus americanus,-68.013555,46.868233,2025,3.749833345413208,24.827999114990234,-18.540000915527344,185.0
5291868328,Anaxyrus americanus,-69.049494,44.230533,2025,6.89965295791626,24.762500762939453,-11.337499618530273,260.0
5291867933,Dryophytes versicolor,-69.662082,43.87403,2025,7.671229839324951,24.44761848449707,-9.295238494873047,246.0
5291861829,Anaxyrus americanus,-70.915314,44.176517,2025,6.575833320617676,26.851999282836914,-14.555999755859375,241.0
5291849719,Anaxyrus americanus,-69.085555,45.749687,2025,4.332833290100098,24.91200065612793,-17.520000457763672,196.0
5291813393,Anaxyrus americanus,-70.464608,45.189053,2025,4.04616641998291,24.34000015258789,-17.61600112915039,205.0
5282588585,Dryophytes versicolor,-69.587811,45.458907,2022,4.069499969482422,24.29199981689453,-17.775999069213867,201.0
5282566471,Notophthalmus viridescens,-69.504638,45.551762,2022,3.87149977684021,24.27199935913086,-18.124000549316406,199.0
5282533935,Anaxyrus americanus,-67.765095,44.645048,2024,6.478166580200195,25.1560001373291,-13.14799976348877,253.0
5282491157,Anaxyrus americanus,-68.854022,45.92808,2025,2.86299991607666,23.20800018310547,-18.31999969482422,222.0
5282422449,Anaxyrus americanus,-70.139555,44.673162,2025,5.76633358001709,26.09200096130371,-15.859999656677246,258.0
5282375449,Anaxyrus americanus,-69.114242,44.259105,2025,7.117166519165039,25.332000732421875,-11.54800033569336,257.0
5282315092,Anaxyrus americanus,-69.79702,45.644512,2022,3.6654999256134033,24.079999923706055,-18.2760009765625,192.0
5282297183,Anaxyrus americanus,-69.267966,44.322482,2025,6.839000225067139,25.559999465942383,-12.192000389099121,261.0
5282292388,Dryophytes versicolor,-70.395482,43.407368,2024,,,,
5282254457,Anaxyrus americanus,-69.336563,45.53445,2022,3.7071666717529297,23.968000411987305,-17.803998947143555,221.0
5282167627,Anaxyrus americanus,-69.942763,45.531308,2022,3.5298333168029785,23.996000289916992,-18.211999893188477,199.0
5282151442,Dryophytes versicolor,-69.416902,43.978034,2025,7.5020833015441895,24.911109924316406,-10.022222518920898,249.0
5282124914,Dryophytes versicolor,-68.313392,44.480572,2025,6.888999938964844,25.687999725341797,-12.208000183105469,258.0
5282099478,Anaxyrus americanus,-69.455712,45.467883,2022,3.4839999675750732,23.79199981689453,-18.20400047302246,226.0
5282059272,Anaxyrus americanus,-69.744025,43.843478,2025,,,,
5282039387,Anaxyrus americanus,-70.419527,45.138191,2025,4.193166732788086,24.516000747680664,-17.447999954223633,203.0
5281999853,Dryophytes versicolor,-68.772362,44.760982,2025,6.9691667556762695,27.15999984741211,-13.532000541687012,248.0
5281925989,Anaxyrus americanus,-70.837829,43.91573,2024,6.638166427612305,26.799999237060547,-14.572000503540039,275.0
5281904364,Anaxyrus americanus,-69.742583,43.842297,2025,,,,
5281859515,Anaxyrus americanus,-68.205032,44.668521,2025,6.204166412353516,25.68000030517578,-13.923999786376953,266.0
5281851254,Dryophytes versicolor,-68.634003,44.663803,2025,6.339666843414307,25.76799964904785,-13.503999710083008,269.0
5281831126,Dryophytes versicolor,-68.782227,44.612441,2025,6.803500175476074,26.13599967956543,-12.819999694824219,260.0
5281829453,Anaxyrus americanus,-70.639094,44.485853,2025,5.801000118255615,25.983999252319336,-15.208000183105469,218.0
5281798541,Notophthalmus viridescens,-68.313576,44.434261,2025,7.035277843475342,25.459999084472656,-11.739999771118164,256.0
5281790620,Notophthalmus viridescens,-69.74247,43.841362,2025,,,,
5238448413,Anaxyrus americanus,-70.661637,43.362975,2025,7.925666809082031,27.020000457763672,-10.899999618530273,255.0
5238430333,Anaxyrus americanus,-70.164428,44.678695,2025,5.76633358001709,26.09200096130371,-15.859999656677246,258.0
5238426524,Anaxyrus americanus,-69.392459,44.187802,2025,7.148499965667725,25.652000427246094,-11.607999801635742,254.0
5238417678,Dryophytes versicolor,-69.5144,44.1565,2025,7.270500183105469,25.739999771118164,-11.531999588012695,252.0
5238385750,Anaxyrus americanus,-67.759371,45.546497,2025,5.210666656494141,25.992000579833984,-16.27199935913086,241.0
5238315876,Anaxyrus americanus,-70.729722,44.131931,2025,6.393166542053223,26.355998992919922,-14.592000007629395,256.0
5238302467,Anaxyrus americanus,-69.088394,44.250358,2025,7.117166519165039,25.332000732421875,-11.54800033569336,257.0
5238261960,Anaxyrus americanus,-70.213648,44.433214,2025,6.128499984741211,26.040000915527344,-14.684000015258789,262.0
5238258671,Anaxyrus americanus,-70.364242,43.679705,2025,7.69350004196167,26.503999710083008,-11.640000343322754,249.0
5238245840,Anaxyrus americanus,-69.137404,44.340827,2025,6.898166656494141,25.59200096130371,-12.092000007629395,259.0
5238227473,Anaxyrus americanus,-70.296378,44.315683,2025,6.364666938781738,26.107999801635742,-14.128000259399414,261.0
5238213692,Anaxyrus americanus,-67.797037,46.546409,2025,3.7108333110809326,24.579999923706055,-17.899999618530273,192.0
5238209959,Anaxyrus americanus,-69.702628,44.55182,2025,6.686166763305664,26.79199981689453,-14.116000175476074,218.0
5238168605,Anaxyrus americanus,-70.751404,43.946602,2025,6.545333385467529,26.552000045776367,-14.596000671386719,274.0
5238150686,Anaxyrus americanus,-70.930417,43.926331,2025,6.585666656494141,26.868000030517578,-14.532000541687012,277.0
5238150130,Anaxyrus americanus,-70.698458,43.892134,2025,6.617666721343994,26.472000122070312,-14.17199993133545,268.0
5238147357,Anaxyrus americanus,-70.139344,44.673155,2025,5.76633358001709,26.09200096130371,-15.859999656677246,258.0
5238141096,Anaxyrus americanus,-69.932892,44.569395,2024,5.98799991607666,25.73200035095215,-14.82800006866455,256.0
5238129986,Anaxyrus americanus,-69.102529,44.257992,2025,7.117166519165039,25.332000732421875,-11.54800033569336,257.0
5238119695,Anaxyrus americanus,-70.958695,44.588872,2025,3.862666606903076,23.687999725341797,-17.035999298095703,222.0
5238080059,Dryophytes versicolor,-69.619699,44.005955,2025,7.549801349639893,25.547618865966797,-10.685714721679688,248.0
5238074740,Anaxyrus americanus,-70.455897,44.958011,2025,3.688499927520752,23.520000457763672,-17.375999450683594,245.0
5238068838,Notophthalmus viridescens,-68.017144,44.49053,2025,6.757341384887695,25.119047164916992,-12.204761505126953,254.0
5238067763,Anaxyrus americanus,-70.148986,44.667428,2025,5.76633358001709,26.09200096130371,-15.859999656677246,258.0
5238057692,Anaxyrus americanus,-70.078147,43.944675,2025,7.17983341217041,25.74799919128418,-11.763999938964844,248.0
5237985854,Dryophytes versicolor,-68.74482,44.093268,2023,,,,
5237944770,Notophthalmus viridescens,-69.036021,44.329868,2025,7.0291666984558105,25.307998657226562,-11.472000122070312,255.0
5237941185,Anaxyrus americanus,-69.635895,44.653587,2024,6.508166790008545,26.700000762939453,-14.460000038146973,216.0
5237939804,Anaxyrus americanus,-70.193264,44.04034,2025,7.0933332443237305,26.152000427246094,-12.36400032043457,249.0
5237923200,Anaxyrus americanus,-69.705925,44.549713,2024,6.686166763305664,26.79199981689453,-14.116000175476074,218.0
5237895480,Anaxyrus americanus,-70.813846,43.36196,2025,7.714166641235352,27.27199935913086,-11.48799991607666,264.0
5237893618,Anaxyrus americanus,-67.145471,44.808941,2025,,,,
5237885770,Anaxyrus americanus,-68.86948,45.945933,2025,2.86299991607666,23.20800018310547,-18.31999969482422,222.0
5237842689,Dryophytes versicolor,-70.223112,43.755525,2025,7.390000343322754,25.832000732421875,-11.435999870300293,248.0
5237820185,Anaxyrus americanus,-68.413612,44.671647,2025,6.70283317565918,26.26799964904785,-13.415999412536621,259.0
5237802906,Anaxyrus americanus,-69.996379,44.896072,2025,5.559833526611328,25.855998992919922,-16.20800018310547,223.0
5237796493,Anaxyrus americanus,-70.982567,44.353262,2025,5.436166763305664,25.384000778198242,-15.232000350952148,225.0
5237794895,Anaxyrus americanus,-69.733488,44.282172,2025,7.049166679382324,26.399999618530273,-12.812000274658203,254.0
5237775669,Anaxyrus americanus,-70.992129,44.35648,2025,5.436166763305664,25.384000778198242,-15.232000350952148,225.0
5237754233,Anaxyrus americanus,-70.758588,43.936325,2025,6.545333385467529,26.552000045776367,-14.596000671386719,274.0
5237744782,Anaxyrus americanus,-70.72068,43.974378,2025,6.4651665687561035,26.408000946044922,-14.5600004196167,272.0
5237701822,Dryophytes versicolor,-69.488053,44.084172,2025,7.413000106811523,25.61600112915039,-11.239999771118164,250.0
5237695956,Notophthalmus viridescens,-68.106881,44.558475,2025,6.477166652679443,25.392000198364258,-13.072000503540039,263.0
5237610720,Notophthalmus viridescens,-67.759576,45.546796,2025,5.210666656494141,25.992000579833984,-16.27199935913086,241.0
5237567522,Anaxyrus americanus,-68.842844,46.091269,2025,2.68833327293396,23.483999252319336,-19.444000244140625,223.0
5237539895,Anaxyrus americanus,-69.880508,43.923892,2025,7.6147918701171875,25.975000381469727,-11.114999771118164,245.0
5237527283,Dryophytes versicolor,-70.630989,43.574348,2021,7.414000034332275,26.85999870300293,-12.395999908447266,257.0
5237484832,Dryophytes versicolor,-68.665803,44.554683,2025,6.709333419799805,25.944000244140625,-12.928000450134277,261.0
5237459254,Anaxyrus americanus,-70.902455,43.921214,2025,6.6533331871032715,26.923999786376953,-14.604000091552734,275.0
5231920510,Anaxyrus americanus,-70.198783,45.765953,2025,2.2926666736602783,22.288000106811523,-19.052000045776367,233.0
5231886524,Notophthalmus viridescens,-69.20276,45.274328,2025,5.2870001792907715,25.555999755859375,-16.375999450683594,216.0
5231836936,Anaxyrus americanus,-68.680555,45.870603,2025,4.399666786193848,25.176000595092773,-17.488000869750977,211.0
5231808001,Dryophytes versicolor,-68.781619,44.67297,2025,6.512666702270508,26.06800079345703,-13.491999626159668,264.0
5231798447,Dryophytes versicolor,-68.66058,44.697566,2025,6.4651665687561035,26.031999588012695,-13.484000205993652,266.0
5231743538,Anaxyrus americanus,-69.493608,45.456829,2025,3.9600000381469727,24.29599952697754,-17.799999237060547,211.0
5231727495,Anaxyrus americanus,-70.078133,43.944675,2025,7.17983341217041,25.74799919128418,-11.763999938964844,248.0
5231649959,Anaxyrus americanus,-70.241745,45.160882,2025,3.6005001068115234,23.440000534057617,-17.559999465942383,228.0
5231609875,Notophthalmus viridescens,-68.828795,44.536405,2025,6.988833427429199,25.784000396728516,-12.071999549865723,256.0
5231573455,Anaxyrus americanus,-70.979184,44.562046,2025,3.3511667251586914,22.663999557495117,-16.851999282836914,280.0
5231490728,Dryophytes versicolor,-70.869122,44.049336,2025,6.543333530426025,26.836000442504883,-14.636000633239746,262.0
5231479987,Anaxyrus americanus,-70.236838,45.164453,2025,3.6005001068115234,23.440000534057617,-17.559999465942383,228.0
5231424061,Notophthalmus viridescens,-68.442972,46.032282,2025,4.181333541870117,25.055999755859375,-18.332000732421875,203.0
5231394372,Anaxyrus americanus,-70.217583,45.756395,2025,2.2255001068115234,22.176000595092773,-19.128000259399414,233.0
5231394325,Anaxyrus americanus,-69.018647,45.876337,2025,3.693333387374878,24.336000442504883,-18.148000717163086,199.0
5231386286,Dryophytes versicolor,-69.622933,44.008798,2025,7.549801349639893,25.547618865966797,-10.685714721679688,248.0
5231386102,Anaxyrus americanus,-70.794983,44.554203,2025,4.732166767120361,24.527999877929688,-16.131999969482422,224.0
5231378347,Notophthalmus viridescens,-68.061041,44.332983,2025,,,,
5231335126,Anaxyrus americanus,-68.835516,44.479231,2025,6.981249809265137,25.709999084472656,-12.03499984741211,257.0
5231331558,Notophthalmus viridescens,-68.588141,44.410662,2025,6.983333110809326,25.555999755859375,-11.847999572753906,258.0
5231307069,Anaxyrus americanus,-69.47957,43.902703,2025,7.535745620727539,24.347368240356445,-9.421052932739258,249.0
5231286413,Anaxyrus americanus,-68.934308,45.384801,2025,5.2789998054504395,25.604000091552734,-16.24799919128418,218.0
5231261140,Dryophytes versicolor,-68.673127,44.673431,2025,6.56516695022583,26.144001007080078,-13.395999908447266,263.0
5231232148,Dryophytes versicolor,-68.732608,44.709701,2025,6.654333114624023,26.420000076293945,-13.539999961853027,256.0
5231196231,Dryophytes versicolor,-70.987862,44.091911,2025,6.5911664962768555,27.168001174926758,-14.744000434875488,251.0
5231179253,Dryophytes versicolor,-68.059366,44.338254,2025,6.8611979484558105,23.924999237060547,-10.793749809265137,256.0
5231169011,Anaxyrus americanus,-70.143852,44.094822,2025,7.135166645050049,26.507999420166016,-12.684000015258789,253.0
5231137093,Anaxyrus americanus,-70.372814,44.162759,2025,6.4691667556762695,25.947999954223633,-13.708000183105469,266.0
5231129344,Dryophytes versicolor,-69.964508,44.215637,2025,7.054499626159668,26.36400032043457,-12.960000038146973,254.0
5231093597,Notophthalmus viridescens,-68.572564,44.438787,2020,6.809999942779541,25.555999755859375,-12.220000267028809,260.0
5231076810,Anaxyrus americanus,-68.086517,44.628883,2025,6.308833122253418,25.444000244140625,-13.543999671936035,264.0
5231039160,Anaxyrus americanus,-70.799286,44.565449,2025,4.732166767120361,24.527999877929688,-16.131999969482422,224.0
5231026449,Anaxyrus americanus,-70.2247,45.754783,2025,2.2255001068115234,22.176000595092773,-19.128000259399414,233.0
5231015282,Anaxyrus americanus,-70.840012,43.757435,2025,6.791500091552734,26.923999786376953,-14.156000137329102,273.0
5230987441,Anaxyrus americanus,-69.705428,45.475613,2025,3.429499864578247,23.583999633789062,-18.191999435424805,216.0
5230985090,Anaxyrus americanus,-70.947617,44.566982,2025,3.7696666717529297,23.131999969482422,-16.45199966430664,259.0
5230980359,Dryophytes versicolor,-70.456642,43.484153,2025,7.889999866485596,26.43199920654297,-10.684000015258789,248.0
5230967939,Anaxyrus americanus,-70.490197,45.188029,2025,4.04616641998291,24.34000015258789,-17.61600112915039,205.0
5230960415,Anaxyrus americanus,-69.505937,43.916212,2025,7.6572465896606445,24.326086044311523,-9.186956405639648,247.0
5230949484,Dryophytes versicolor,-70.184443,43.783462,2024,,,,
5230945048,Dryophytes versicolor,-68.726991,44.625732,2025,6.552666664123535,26.035999298095703,-13.303999900817871,264.0
5230935075,Anaxyrus americanus,-70.794983,44.554203,2025,4.732166767120361,24.527999877929688,-16.131999969482422,224.0
5230904056,Anaxyrus americanus,-70.372814,44.162759,2025,6.4691667556762695,25.947999954223633,-13.708000183105469,266.0
5230867371,Notophthalmus viridescens,-69.777967,44.817123,2025,5.864333152770996,26.11199951171875,-15.708000183105469,220.0
5230819256,Dryophytes versicolor,-70.987892,44.091903,2025,6.5911664962768555,27.168001174926758,-14.744000434875488,251.0
5230697503,Dryophytes versicolor,-68.616414,44.645528,2025,6.305500030517578,25.6200008392334,-13.555999755859375,270.0
5230687144,Anaxyrus americanus,-70.869629,44.529675,2025,5.073666572570801,25.027999877929688,-15.848000526428223,216.0
5230637189,Anaxyrus americanus,-70.988428,44.092033,2025,6.5911664962768555,27.168001174926758,-14.744000434875488,251.0
5230615394,Anaxyrus americanus,-69.758378,44.459628,2025,6.676000118255615,26.45599937438965,-13.932000160217285,232.0
5230591361,Anaxyrus americanus,-70.311762,45.733853,2025,2.9225001335144043,23.076000213623047,-18.57200050354004,206.0
5230562430,Anaxyrus americanus,-67.123244,44.819022,2025,6.300166606903076,24.22800064086914,-12.15999984741211,242.0
5230556043,Notophthalmus viridescens,-68.637325,44.611435,2025,6.58050012588501,25.93600082397461,-13.187999725341797,263.0
5230532564,Anaxyrus americanus,-70.29203,43.887847,2025,7.0985002517700195,26.167999267578125,-12.52400016784668,252.0
5230476696,Dryophytes versicolor,-69.489128,44.083592,2025,7.413000106811523,25.61600112915039,-11.239999771118164,250.0
5230474289,Dryophytes versicolor,-68.679971,44.740901,2025,6.362666606903076,26.04400062561035,-13.736000061035156,267.0
5230462619,Dryophytes versicolor,-68.587059,44.686557,2025,6.5269999504089355,26.055999755859375,-13.4399995803833,265.0
5230461829,Anaxyrus americanus,-70.188233,44.249967,2025,6.722833156585693,26.211999893188477,-13.447999954223633,259.0
5230450267,Anaxyrus americanus,-70.051658,43.935963,2025,7.17983341217041,25.74799919128418,-11.763999938964844,248.0
5230413948,Notophthalmus viridescens,-70.303736,44.546558,2025,5.707833290100098,25.70400047302246,-15.343999862670898,251.0
5230401456,Anaxyrus americanus,-69.308404,44.396866,2025,6.6875,25.643999099731445,-12.776000022888184,263.0
5230399169,Anaxyrus americanus,-70.292162,43.887795,2025,7.0985002517700195,26.167999267578125,-12.52400016784668,252.0
5230357341,Anaxyrus americanus,-70.310172,45.73077,2025,2.9225001335144043,23.076000213623047,-18.57200050354004,206.0
5230242998,Dryophytes versicolor,-68.764277,44.771161,2025,6.9691667556762695,27.15999984741211,-13.532000541687012,248.0
5230217320,Notophthalmus viridescens,-68.0582,44.334702,2025,6.8611979484558105,23.924999237060547,-10.793749809265137,256.0
5230182109,Anaxyrus americanus,-70.878914,44.531841,2025,4.6585001945495605,24.392000198364258,-16.027999877929688,230.0
5230174612,Anaxyrus americanus,-70.177331,45.882303,2024,2.8869998455047607,23.351999282836914,-18.88399887084961,190.0
5230152296,Anaxyrus americanus,-70.612,43.326588,2025,8.071000099182129,26.84000015258789,-10.260000228881836,252.0
5230142018,Anaxyrus americanus,-68.596488,46.008952,2025,4.232500076293945,25.016000747680664,-18.20800018310547,199.0
5230132864,Anaxyrus americanus,-69.692394,44.786461,2025,6.23966646194458,26.6560001373291,-15.184000015258789,213.0
5230107234,Dryophytes versicolor,-70.259682,43.793255,2025,7.257833480834961,25.911998748779297,-11.996000289916992,251.0
5230041369,Anaxyrus americanus,-70.996816,44.562914,2025,3.3511667251586914,22.663999557495117,-16.851999282836914,280.0
5230035506,Anaxyrus americanus,-69.63928,44.553525,2025,6.94350004196167,27.18400001525879,-13.927999496459961,221.0
5230024289,Anaxyrus americanus,-70.304745,43.683808,2025,7.831333160400391,26.559999465942383,-11.355999946594238,250.0
5230013260,Dryophytes versicolor,-68.678254,44.786668,2025,6.63433313369751,26.588001251220703,-13.624000549316406,248.0
5230004135,Anaxyrus americanus,-70.482789,44.240261,2025,6.2856669425964355,26.09600067138672,-14.355999946594238,260.0
5217609775,Anaxyrus americanus,-70.974647,44.250437,2025,5.476166725158691,25.20400047302246,-15.03600025177002,250.0
5217597759,Dryophytes versicolor,-68.207017,44.362819,2025,6.956127166748047,24.92352867126465,-11.376470565795898,260.0
5217535380,Dryophytes versicolor,-68.601377,44.757131,2025,6.500999927520752,26.288000106811523,-13.708000183105469,259.0
5217496325,Dryophytes versicolor,-68.645126,44.703386,2025,6.4651665687561035,26.031999588012695,-13.484000205993652,266.0
5217486915,Anaxyrus americanus,-68.420991,46.131421,2025,3.6041667461395264,24.52400016784668,-19.027999877929688,203.0
5217463855,Anaxyrus americanus,-68.314195,44.479064,2025,6.888999938964844,25.687999725341797,-12.208000183105469,258.0
5217462066,Anaxyrus americanus,-70.826543,44.182476,2025,6.274666786193848,26.336000442504883,-14.732000350952148,249.0
5217453755,Anaxyrus americanus,-70.911072,45.188533,2025,2.565166473388672,22.236000061035156,-18.488000869750977,258.0
5217388641,Anaxyrus americanus,-69.072678,45.9692,2025,3.123166561126709,23.8439998626709,-18.899999618530273,205.0
5217343824,Dryophytes versicolor,-68.628655,44.713598,2025,6.496500015258789,26.20400047302246,-13.564000129699707,264.0
5217339923,Notophthalmus viridescens,-68.314155,44.478825,2020,6.888999938964844,25.687999725341797,-12.208000183105469,258.0
5217339582,Anaxyrus americanus,-68.911422,45.91648,2025,1.7834999561309814,21.92799949645996,-19.06800079345703,257.0
5217334573,Notophthalmus viridescens,-69.418536,43.983306,2025,7.5020833015441895,24.911109924316406,-10.022222518920898,249.0
5217299910,Anaxyrus americanus,-68.887081,45.920961,2025,1.9283332824707031,22.167999267578125,-19.04400062561035,247.0
5217298821,Anaxyrus americanus,-69.571002,44.89402,2024,5.794833183288574,25.988000869750977,-15.564000129699707,215.0
5217198076,Dryophytes versicolor,-68.201723,44.212113,2025,,,,
5217194513,Dryophytes versicolor,-68.742772,44.672506,2025,6.60366678237915,26.152000427246094,-13.399999618530273,262.0
5217190010,Dryophytes versicolor,-69.229849,44.748737,2025,6.320833206176758,26.152000427246094,-14.272000312805176,234.0
5217170237,Anaxyrus americanus,-70.824797,44.18385,2025,6.274666786193848,26.336000442504883,-14.732000350952148,249.0
5217135555,Anaxyrus americanus,-68.913833,44.942991,2025,6.253499984741211,26.375999450683594,-14.460000038146973,225.0
5217101117,Dryophytes versicolor,-69.923575,43.877139,2025,7.652651786804199,25.950000762939453,-10.940909385681152,245.0
5217008329,Dryophytes versicolor,-69.306297,43.96986,2025,,,,
5217007213,Dryophytes versicolor,-70.640331,43.753296,2025,7.005499839782715,26.851999282836914,-13.579999923706055,256.0
5216995936,Notophthalmus viridescens,-68.751267,45.902121,2025,4.010666847229004,24.72800064086914,-17.788000106811523,213.0
5216986441,Anaxyrus americanus,-70.391878,44.109314,2025,6.769166469573975,26.3799991607666,-13.54800033569336,258.0
5216984107,Anaxyrus americanus,-68.354942,44.302066,2025,6.921166896820068,24.908000946044922,-11.420000076293945,262.0
5216977596,Anaxyrus americanus,-70.202942,45.012097,2025,4.5341668128967285,24.604000091552734,-16.90799903869629,223.0
5216962986,Dryophytes versicolor,-68.31845,44.406433,2025,7.011833190917969,25.464000701904297,-11.715999603271484,257.0
5216962214,Anaxyrus americanus,-68.489105,47.091741,2025,3.0898334980010986,24.16400146484375,-20.5,187.0
5216931047,Anaxyrus americanus,-68.363917,44.298422,2025,6.921166896820068,24.908000946044922,-11.420000076293945,262.0
5216909033,Dryophytes versicolor,-70.418625,43.764843,2025,7.198833465576172,26.420000076293945,-12.576000213623047,251.0
5216904762,Anaxyrus americanus,-70.962555,44.244612,2025,6.218166828155518,26.356000900268555,-14.64799976348877,238.0
5216895242,Anaxyrus americanus,-70.851044,43.139915,2025,,,,
5216891291,Anaxyrus americanus,-70.256478,45.178387,2025,4.003166675567627,24.115999221801758,-17.411998748779297,202.0
5216838360,Dryophytes versicolor,-69.653717,44.55605,2025,6.94350004196167,27.18400001525879,-13.927999496459961,221.0
5216836150,Dryophytes versicolor,-69.775411,44.323164,2025,7.302666664123535,27.04400062561035,-12.927999496459961,249.0
5216776617,Anaxyrus americanus,-68.402642,44.303183,2025,7.01649284362793,24.674999237060547,-11.041666984558105,259.0
5216771772,Anaxyrus americanus,-70.966814,44.241109,2025,6.218166828155518,26.356000900268555,-14.64799976348877,238.0
5216754352,Anaxyrus americanus,-69.060416,44.331814,2025,7.104166507720947,25.507999420166016,-11.604000091552734,255.0
5216708037,Anaxyrus americanus,-70.80034,44.125377,2025,6.347833156585693,26.42799949645996,-14.684000015258789,253.0
5216669206,Anaxyrus americanus,-70.242767,45.155777,2025,3.6005001068115234,23.440000534057617,-17.559999465942383,228.0
5216666753,Anaxyrus americanus,-68.519998,46.06712,2025,3.862333297729492,24.68400001525879,-18.59600067138672,205.0
5216661756,Notophthalmus viridescens,-68.526311,46.027092,2025,3.990166664123535,24.760000228881836,-18.440000534057617,207.0
5216653241,Anaxyrus americanus,-70.367088,43.899025,2025,7.028166770935059,26.128000259399414,-12.751999855041504,254.0
5216646730,Anaxyrus americanus,-67.432613,44.61084,2025,,,,
5216643222,Dryophytes versicolor,-70.640331,43.753296,2025,7.005499839782715,26.851999282836914,-13.579999923706055,256.0
5216637507,Anaxyrus americanus,-67.211525,44.766704,2024,6.193166732788086,24.507999420166016,-12.98799991607666,245.0
5216631257,Anaxyrus americanus,-70.344286,44.650803,2025,4.7143330574035645,24.507999420166016,-16.27199935913086,255.0
5216607085,Notophthalmus viridescens,-68.898528,44.639708,2025,6.671333312988281,26.200000762939453,-13.288000106811523,256.0
5216588454,Anaxyrus americanus,-68.411587,46.60437,2025,3.4743335247039795,25.059999465942383,-20.440000534057617,174.0
5216537929,Notophthalmus viridescens,-68.214271,44.529415,2025,6.771041393280029,25.28999900817871,-12.300000190734863,258.0
5216518656,Anaxyrus americanus,-70.58199,43.671901,2025,7.141833305358887,26.624000549316406,-12.97599983215332,252.0
5216513060,Anaxyrus americanus,-68.647758,47.075672,2025,2.6591665744781494,23.74799919128418,-20.788000106811523,204.0
5216504979,Anaxyrus americanus,-68.582874,46.036685,2025,4.04283332824707,24.823999404907227,-18.392000198364258,206.0
5216502089,Anaxyrus americanus,-70.8478,43.137131,2025,,,,
5216449787,Anaxyrus americanus,-68.495577,46.008703,2025,4.053666591644287,24.8439998626709,-18.38399887084961,205.0
5216438074,Anaxyrus americanus,-69.573335,44.244465,2025,7.145666599273682,26.100000381469727,-12.199999809265137,255.0
5216425302,Anaxyrus americanus,-69.074527,44.228974,2025,6.89965295791626,24.762500762939453,-11.337499618530273,260.0
5216388965,Dryophytes versicolor,-69.837699,44.436892,2025,6.666333198547363,26.468000411987305,-13.760000228881836,242.0
5216352247,Dryophytes versicolor,-70.69693,44.095814,2025,6.677666664123535,26.739999771118164,-14.491999626159668,256.0
5216352065,Dryophytes versicolor,-69.229933,44.748735,2025,6.320833206176758,26.152000427246094,-14.272000312805176,234.0
5216348199,Anaxyrus americanus,-70.293316,44.548263,2025,5.707833290100098,25.70400047302246,-15.343999862670898,251.0
5216336904,Anaxyrus americanus,-70.848789,43.136923,2025,,,,
5216286742,Anaxyrus americanus,-68.43857,46.173492,2025,3.4863333702087402,24.47599983215332,-19.20800018310547,202.0
5216233294,Anaxyrus americanus,-70.795928,44.124032,2025,6.397500038146973,26.5,-14.664000511169434,260.0
5216222474,Anaxyrus americanus,-70.704078,43.961503,2024,6.5901665687561035,26.468000411987305,-14.371999740600586,268.0
5216191030,Dryophytes versicolor,-69.229832,44.74868,2025,6.320833206176758,26.152000427246094,-14.272000312805176,234.0
5216185938,Anaxyrus americanus,-69.14196,44.60136,2025,6.293833255767822,25.70800018310547,-13.664000511169434,254.0
5216168569,Anaxyrus americanus,-70.871253,44.530469,2025,5.073666572570801,25.027999877929688,-15.848000526428223,216.0
5216131083,Anaxyrus americanus,-70.869222,44.04932,2025,6.543333530426025,26.836000442504883,-14.636000633239746,262.0
5216126802,Notophthalmus viridescens,-69.0357,44.329531,2025,7.0291666984558105,25.307998657226562,-11.472000122070312,255.0
5216120048,Dryophytes versicolor,-68.62422,44.682966,2025,6.5269999504089355,26.055999755859375,-13.4399995803833,265.0
5216111860,Notophthalmus viridescens,-69.027778,44.32133,2025,7.0291666984558105,25.307998657226562,-11.472000122070312,255.0
5216111072,Dryophytes versicolor,-68.304903,44.267806,2025,,,,
5216101220,Anaxyrus americanus,-70.156705,44.668134,2025,5.76633358001709,26.09200096130371,-15.859999656677246,258.0
5216060209,Anaxyrus americanus,-68.371788,44.277637,2025,7.109375,24.795833587646484,-10.866666793823242,257.0
5215950814,Anaxyrus americanus,-70.303429,44.770523,2025,4.959833145141602,25.091999053955078,-16.40799903869629,238.0
5215949314,Anaxyrus americanus,-70.624768,43.878469,2025,7.1623334884643555,26.559999465942383,-12.604000091552734,257.0
5215935020,Anaxyrus americanus,-69.780272,43.8367,2025,,,,
5215865020,Anaxyrus americanus,-68.366705,44.295037,2025,6.921166896820068,24.908000946044922,-11.420000076293945,262.0
5215856892,Notophthalmus viridescens,-68.409458,46.081916,2025,4.1066670417785645,24.964000701904297,-18.411998748779297,203.0
5215837118,Anaxyrus americanus,-69.54598,45.755265,2025,3.5383334159851074,24.1560001373291,-18.583999633789062,198.0
5215824458,Notophthalmus viridescens,-70.271214,43.706856,2025,7.834469795227051,26.39545440673828,-11.068181991577148,247.0
5215810711,Anaxyrus americanus,-68.358151,44.322087,2025,6.921166896820068,24.908000946044922,-11.420000076293945,262.0
5215793623,Anaxyrus americanus,-68.887092,45.920995,2025,1.9283332824707031,22.167999267578125,-19.04400062561035,247.0
5215771089,Dryophytes versicolor,-69.532791,45.758343,2025,3.193166732788086,23.672000885009766,-18.756000518798828,212.0
5215761148,Anaxyrus americanus,-70.880722,43.531412,2025,7.148333549499512,27.035999298095703,-12.944000244140625,272.0
5215724951,Anaxyrus americanus,-68.909977,45.916414,2025,1.7834999561309814,21.92799949645996,-19.06800079345703,257.0
5215712520,Anaxyrus americanus,-70.878088,43.264836,2024,,,,
5215701133,Anaxyrus americanus,-69.035613,44.333112,2025,7.0291666984558105,25.307998657226562,-11.472000122070312,255.0
5206738728,Notophthalmus viridescens,-69.026596,44.320222,2025,7.0291666984558105,25.307998657226562,-11.472000122070312,255.0
5206655639,Anaxyrus americanus,-70.832873,43.240503,2025,8.292166709899902,27.76799964904785,-10.619999885559082,253.0
5206616851,Anaxyrus americanus,-70.377158,45.730367,2025,2.563833236694336,22.464000701904297,-18.739999771118164,226.0
5206611697,Notophthalmus viridescens,-68.669104,44.583867,2025,6.751500129699707,26.148000717163086,-13.01200008392334,260.0
5206610830,Anaxyrus americanus,-70.37255,45.73182,2025,3.0158333778381348,23.148000717163086,-18.483999252319336,203.0
5206583785,Anaxyrus americanus,-70.539964,45.128304,2025,3.8893332481384277,24.052000045776367,-17.691999435424805,212.0
5206581607,Anaxyrus americanus,-70.72069,43.557433,2025,7.306333065032959,26.899999618530273,-12.644000053405762,263.0
5206560400,Anaxyrus americanus,-70.078234,43.944668,2025,7.17983341217041,25.74799919128418,-11.763999938964844,248.0
5206559967,Anaxyrus americanus,-69.419011,43.958299,2025,7.5550923347473145,24.666667938232422,-9.655555725097656,246.0
5206548640,Anaxyrus americanus,-70.462055,45.189179,2024,4.04616641998291,24.34000015258789,-17.61600112915039,205.0
5206479721,Notophthalmus viridescens,-70.298645,43.9902,2025,6.962166786193848,26.11199951171875,-12.751999855041504,255.0
5206463728,Dryophytes versicolor,-68.670762,44.882096,2025,6.562333106994629,26.719999313354492,-13.807999610900879,232.0
5206462732,Anaxyrus americanus,-69.745982,44.780362,2025,6.184333324432373,26.54800033569336,-15.2839994430542,217.0
5206439881,Dryophytes versicolor,-70.918264,43.113318,2025,,,,
5206386079,Anaxyrus americanus,-69.781167,43.840163,2025,,,,
5206373060,Notophthalmus viridescens,-68.501687,44.495882,2025,6.797833442687988,25.763999938964844,-12.35200023651123,260.0
5206372982,Anaxyrus americanus,-69.532325,44.808267,2025,6.077666759490967,26.219999313354492,-15.032000541687012,217.0
5206337731,Notophthalmus viridescens,-69.034411,44.328308,2025,7.0291666984558105,25.307998657226562,-11.472000122070312,255.0
5206316074,Notophthalmus viridescens,-70.814188,43.362339,2025,7.714166641235352,27.27199935913086,-11.48799991607666,264.0
5206292760,Anaxyrus americanus,-68.406113,44.263672,2025,7.122499942779541,24.485000610351562,-10.600000381469727,256.0
5206287882,Anaxyrus americanus,-69.02614,45.930112,2025,2.3434998989105225,22.68400001525879,-19.200000762939453,238.0
5206285057,Anaxyrus americanus,-68.919113,45.915928,2025,1.3846666812896729,21.392000198364258,-19.531999588012695,278.0
5206283711,Dryophytes versicolor,-70.81475,43.507667,2025,7.070499897003174,26.70400047302246,-12.720000267028809,272.0
5206253189,Anaxyrus americanus,-68.876682,44.63528,2025,6.671333312988281,26.200000762939453,-13.288000106811523,256.0
5206209935,Anaxyrus americanus,-70.758505,43.245997,2025,8.242166519165039,27.468000411987305,-10.404000282287598,254.0
5206194722,Dryophytes versicolor,-70.703147,44.055228,2025,6.709499835968018,26.77199935913086,-14.435999870300293,259.0
5206177040,Anaxyrus americanus,-69.373604,44.434643,2025,6.558000087738037,25.715999603271484,-13.0600004196167,254.0
5206172844,Anaxyrus americanus,-68.909647,45.916204,2025,1.7834999561309814,21.92799949645996,-19.06800079345703,257.0
5206139459,Notophthalmus viridescens,-68.901154,44.792511,2025,6.488666534423828,26.496000289916992,-14.027999877929688,238.0
5206131592,Dryophytes versicolor,-68.346132,46.16192,2025,3.8459999561309814,24.77199935913086,-18.780000686645508,202.0
5206099604,Anaxyrus americanus,-70.466012,45.187572,2025,4.04616641998291,24.34000015258789,-17.61600112915039,205.0
5206093326,Anaxyrus americanus,-70.825627,44.181851,2025,6.274666786193848,26.336000442504883,-14.732000350952148,249.0
5206075036,Dryophytes versicolor,-70.648828,44.289682,2025,6.017333507537842,25.884000778198242,-14.751999855041504,249.0
5206032753,Anaxyrus americanus,-69.735512,44.685574,2025,6.234833240509033,26.384000778198242,-14.887999534606934,219.0
5206016746,Anaxyrus americanus,-68.38662,44.764088,2025,6.460666656494141,26.172000885009766,-13.687999725341797,262.0
5206003888,Anaxyrus americanus,-69.427683,44.971422,2025,5.484833240509033,25.583999633789062,-15.871999740600586,225.0
5205983711,Dryophytes versicolor,-67.708786,44.519962,2025,6.5802083015441895,23.5,-11.481249809265137,251.0
5205958966,Anaxyrus americanus,-68.995492,44.338678,2025,6.944999694824219,25.323999404907227,-11.652000427246094,258.0
5205954377,Anaxyrus americanus,-70.521238,43.565117,2025,7.5329999923706055,26.607999801635742,-11.86400032043457,249.0
5205919881,Anaxyrus americanus,-70.852053,43.623187,2025,7.0368332862854,26.996000289916992,-13.272000312805176,272.0
5205915888,Anaxyrus americanus,-68.909779,45.922097,2025,1.9283332824707031,22.167999267578125,-19.04400062561035,247.0
5205863268,Anaxyrus americanus,-70.814368,43.362186,2025,7.714166641235352,27.27199935913086,-11.48799991607666,264.0
5205833747,Anaxyrus americanus,-69.735374,44.685574,2025,6.234833240509033,26.384000778198242,-14.887999534606934,219.0
5205818588,Anaxyrus americanus,-67.136199,44.726233,2025,6.146833419799805,24.131999969482422,-12.472000122070312,243.0
5199219646,Dryophytes versicolor,-70.236662,43.70837,2025,7.533522605895996,25.772727966308594,-11.022727012634277,246.0
5199202572,Dryophytes versicolor,-68.682244,44.735627,2025,6.362666606903076,26.04400062561035,-13.736000061035156,267.0
5199170151,Anaxyrus americanus,-70.915314,44.176517,2025,6.575833320617676,26.851999282836914,-14.555999755859375,241.0
5199153727,Notophthalmus viridescens,-68.689453,44.585742,2025,6.751500129699707,26.148000717163086,-13.01200008392334,260.0
5199124544,Anaxyrus americanus,-70.582055,43.671891,2025,7.141833305358887,26.624000549316406,-12.97599983215332,252.0
5199115571,Dryophytes versicolor,-69.753569,44.896327,2014,5.599999904632568,25.827999114990234,-15.967999458312988,218.0
5199062346,Notophthalmus viridescens,-68.307245,44.376678,2025,7.011833190917969,25.464000701904297,-11.715999603271484,257.0
5199018972,Anaxyrus americanus,-68.879853,44.451255,2025,,,,
5199012873,Notophthalmus viridescens,-68.045566,44.338921,2025,6.8611979484558105,23.924999237060547,-10.793749809265137,256.0
5198963722,Dryophytes versicolor,-68.761082,44.795323,2025,7.00333309173584,27.31999969482422,-13.616000175476074,244.0
5198889955,Notophthalmus viridescens,-69.660995,43.872647,2025,7.671229839324951,24.44761848449707,-9.295238494873047,246.0
5198813941,Dryophytes versicolor,-69.661163,43.872845,2025,7.671229839324951,24.44761848449707,-9.295238494873047,246.0
5198735639,Anaxyrus americanus,-70.36985,44.258278,2025,6.500833511352539,26.31599998474121,-14.088000297546387,260.0
5198653852,Dryophytes versicolor,-68.300911,44.403209,2025,7.011833190917969,25.464000701904297,-11.715999603271484,257.0
5198633509,Dryophytes versicolor,-69.483772,44.606254,2011,6.684333324432373,26.672000885009766,-13.895999908447266,223.0
5198609849,Anaxyrus americanus,-70.380562,45.731363,2025,2.563833236694336,22.464000701904297,-18.739999771118164,226.0
5198606922,Dryophytes versicolor,-69.038371,46.168292,2025,3.682666540145874,24.63599967956543,-18.988000869750977,183.0
5198599754,Anaxyrus americanus,-70.8254,44.178253,2025,6.274666786193848,26.336000442504883,-14.732000350952148,249.0
5198514026,Anaxyrus americanus,-69.498747,44.387345,2025,6.719666481018066,26.027999877929688,-12.996000289916992,246.0
5198512762,Anaxyrus americanus,-70.825553,44.1783,2025,6.274666786193848,26.336000442504883,-14.732000350952148,249.0
5198492429,Dryophytes versicolor,-68.722751,44.789999,2025,6.7813334465026855,26.871999740600586,-13.644000053405762,248.0
5198456090,Notophthalmus viridescens,-70.360587,43.902752,2025,7.028166770935059,26.128000259399414,-12.751999855041504,254.0
5198421200,Dryophytes versicolor,-70.540009,44.212956,2025,6.489333629608154,26.56800079345703,-14.387999534606934,254.0
5198419650,Anaxyrus americanus,-69.901445,43.874722,2025,,,,
5198408702,Notophthalmus viridescens,-70.271424,43.709159,2025,7.567666530609131,26.064001083374023,-11.359999656677246,249.0
5198366984,Anaxyrus americanus,-67.461376,44.715073,2025,6.238500118255615,24.827999114990234,-13.300000190734863,251.0
5198364606,Anaxyrus americanus,-69.641434,44.741817,2025,6.332833290100098,26.61199951171875,-14.944000244140625,213.0
5198297547,Anaxyrus americanus,-69.657953,43.889353,2025,7.634166717529297,24.78499984741211,-9.765000343322754,245.0
5188458714,Dryophytes versicolor,-69.925933,43.878913,2025,7.652651786804199,25.950000762939453,-10.940909385681152,245.0
5188415358,Dryophytes versicolor,-70.237354,43.717267,2025,7.533522605895996,25.772727966308594,-11.022727012634277,246.0
5188406282,Dryophytes versicolor,-68.294267,44.414347,2025,7.011833190917969,25.464000701904297,-11.715999603271484,257.0
5188386699,Notophthalmus viridescens,-68.48027,45.932312,2025,4.5911664962768555,25.520000457763672,-17.416000366210938,210.0
5188358564,Notophthalmus viridescens,-69.812278,43.813305,2025,7.709868431091309,24.947368621826172,-9.77368450164795,245.0
5188355347,Notophthalmus viridescens,-68.660264,44.902461,2025,6.609499931335449,26.81999969482422,-13.807999610900879,231.0
5188316440,Anaxyrus americanus,-68.397208,44.283275,2025,7.122499942779541,24.485000610351562,-10.600000381469727,256.0
5188271701,Dryophytes versicolor,-68.904122,44.812769,2025,6.488666534423828,26.496000289916992,-14.027999877929688,238.0
5188269835,Dryophytes versicolor,-69.656712,44.043976,2025,7.3448333740234375,25.68000030517578,-11.276000022888184,251.0
5188230986,Anaxyrus americanus,-70.682554,43.275853,2025,8.07349967956543,26.97599983215332,-10.404000282287598,254.0
5188222636,Anaxyrus americanus,-68.400362,44.302128,2025,7.01649284362793,24.674999237060547,-11.041666984558105,259.0
5188216098,Dryophytes versicolor,-68.931705,44.919503,2025,6.230833053588867,26.3799991607666,-14.564000129699707,225.0
5188166428,Anaxyrus americanus,-70.133078,44.40074,2025,6.486833095550537,26.399999618530273,-14.140000343322754,256.0
5188161683,Anaxyrus americanus,-68.48552,46.111696,2025,3.3259999752044678,24.152000427246094,-19.059999465942383,214.0
5188136392,Dryophytes versicolor,-69.416641,43.977828,2025,,,,
5188121693,Anaxyrus americanus,-70.843807,44.975794,2025,3.5934998989105225,23.63599967956543,-17.97599983215332,209.0
5188109907,Notophthalmus viridescens,-68.660283,44.902422,2025,6.609499931335449,26.81999969482422,-13.807999610900879,231.0
5188106976,Dryophytes versicolor,-68.573112,44.437474,2025,6.809999942779541,25.555999755859375,-12.220000267028809,260.0
5188093709,Anaxyrus americanus,-67.89811,45.973246,2025,4.691999912261963,25.73200035095215,-17.236000061035156,216.0
5188072164,Dryophytes versicolor,-70.648982,44.28898,2025,6.017333507537842,25.884000778198242,-14.751999855041504,249.0
5188071932,Notophthalmus viridescens,-68.363845,44.377108,2025,7.105482578277588,25.268421173095703,-11.3421049118042,256.0
5188056429,Anaxyrus americanus,-70.728122,43.486701,2025,7.647333145141602,27.34000015258789,-12.03600025177002,260.0
5188052926,Anaxyrus americanus,-68.492227,46.078154,2025,3.9056665897369385,24.668001174926758,-18.56800079345703,204.0
5188047104,Anaxyrus americanus,-67.40103,44.785237,2025,6.284333229064941,24.827999114990234,-13.312000274658203,248.0
5188040874,Anaxyrus americanus,-70.585083,43.913033,2025,7.1623334884643555,26.559999465942383,-12.604000091552734,257.0
5188016389,Dryophytes versicolor,-69.852133,43.940372,2025,7.644886493682861,25.850000381469727,-10.895454406738281,245.0
5188004739,Dryophytes versicolor,-68.780198,44.626772,2025,6.589333534240723,26.059999465942383,-13.263999938964844,262.0
5187980603,Notophthalmus viridescens,-70.51498,44.93539,2025,2.686833381652832,22.25200080871582,-17.86400032043457,278.0
5187969491,Anaxyrus americanus,-69.550597,45.57417,2025,3.9783334732055664,24.144001007080078,-17.895999908447266,197.0
5187963108,Anaxyrus americanus,-69.772255,43.857575,2025,,,,
5187959464,Anaxyrus americanus,-70.604207,43.452426,2025,7.81083345413208,26.964000701904297,-11.371999740600586,251.0
5187952824,Anaxyrus americanus,-69.01382,45.955209,2025,2.3434998989105225,22.68400001525879,-19.200000762939453,238.0
5187945457,Dryophytes versicolor,-70.869212,44.049292,2025,6.543333530426025,26.836000442504883,-14.636000633239746,262.0
5187939988,Dryophytes versicolor,-68.084643,44.342427,2025,,,,
5187924662,Dryophytes versicolor,-69.390819,44.276959,2025,6.909666538238525,25.68400001525879,-12.175999641418457,260.0
5187902093,Anaxyrus americanus,-68.948123,46.142322,2025,3.7274999618530273,24.527999877929688,-18.8439998626709,187.0
5187901849,Anaxyrus americanus,-67.589854,44.483771,2025,,,,
5187885898,Dryophytes versicolor,-68.280533,44.954117,2025,5.964166641235352,25.86400032043457,-14.640000343322754,269.0
5187872789,Anaxyrus americanus,-68.362938,44.277467,2025,7.109375,24.795833587646484,-10.866666793823242,257.0
5187844314,Dryophytes versicolor,-70.111904,44.122315,2025,7.0894999504089355,26.303998947143555,-12.644000053405762,254.0
5187834804,Notophthalmus viridescens,-68.648826,44.227893,2025,7.239673614501953,24.669565200805664,-10.456521987915039,251.0
5187830667,Dryophytes versicolor,-68.802241,44.566114,2025,6.883833408355713,25.947999954223633,-12.472000122070312,260.0
5187830620,Anaxyrus americanus,-68.909329,45.918407,2025,1.9283332824707031,22.167999267578125,-19.04400062561035,247.0
5187812879,Anaxyrus americanus,-70.769074,43.459973,2025,7.5376667976379395,27.29599952697754,-12.175999641418457,264.0
5187809031,Anaxyrus americanus,-70.358048,43.568543,2025,7.8378472328186035,26.233333587646484,-10.8125,244.0
5187783894,Anaxyrus americanus,-69.017419,44.324265,2025,7.0291666984558105,25.307998657226562,-11.472000122070312,255.0
5187776932,Dryophytes versicolor,-68.600205,44.405092,2025,6.983333110809326,25.555999755859375,-11.847999572753906,258.0
5187747457,Notophthalmus viridescens,-69.18702,44.373638,2025,6.91616678237915,25.700000762939453,-12.14799976348877,259.0
5187747260,Anaxyrus americanus,-68.995683,46.161101,2025,3.6019999980926514,24.492000579833984,-18.95599937438965,189.0
5187728753,Dryophytes versicolor,-68.280542,44.954095,2025,5.964166641235352,25.86400032043457,-14.640000343322754,269.0
5187725477,Dryophytes versicolor,-69.595166,43.991822,2025,7.512666702270508,25.215999603271484,-10.407999992370605,248.0
5187722070,Dryophytes versicolor,-70.878028,43.084828,2025,,,,
5187719911,Anaxyrus americanus,-68.78972,45.914292,2025,4.010666847229004,24.72800064086914,-17.788000106811523,213.0
5187673120,Anaxyrus americanus,-70.005525,44.36615,2025,6.632166862487793,26.24799919128418,-13.779999732971191,260.0
5187640454,Dryophytes versicolor,-69.43182,44.123684,2025,7.343999862670898,25.5,-11.204000473022461,251.0
5187632970,Notophthalmus viridescens,-68.933174,45.838478,2025,3.8456664085388184,24.399999618530273,-17.808000564575195,205.0
5187627981,Dryophytes versicolor,-70.270109,44.06658,2025,7.060500144958496,26.399999618530273,-12.803999900817871,254.0
5187623241,Anaxyrus americanus,-70.793672,43.688383,2025,6.944333553314209,26.988000869750977,-13.711999893188477,269.0
5187610129,Dryophytes versicolor,-68.723449,44.682158,2025,6.60366678237915,26.152000427246094,-13.399999618530273,262.0
5187588823,Dryophytes versicolor,-70.288995,43.733105,2025,7.567666530609131,26.064001083374023,-11.359999656677246,249.0
5187585911,Anaxyrus americanus,-68.364472,44.277672,2025,7.109375,24.795833587646484,-10.866666793823242,257.0
5187544886,Dryophytes versicolor,-67.20247,45.010006,2025,6.097167015075684,25.1560001373291,-13.616000175476074,252.0
5187543060,Dryophytes versicolor,-68.294167,44.414242,2025,7.011833190917969,25.464000701904297,-11.715999603271484,257.0
5187540847,Dryophytes versicolor,-69.594286,45.419806,2025,3.9206666946411133,24.299999237060547,-17.911998748779297,207.0
5177358409,Anaxyrus americanus,-70.137955,44.673758,2025,5.76633358001709,26.09200096130371,-15.859999656677246,258.0
5177355198,Anaxyrus americanus,-69.034333,44.513692,2025,6.715333461761475,25.831998825073242,-12.779999732971191,262.0
5177324445,Anaxyrus americanus,-68.35215,44.282608,2025,7.109375,24.795833587646484,-10.866666793823242,257.0
5177323778,Notophthalmus viridescens,-67.765242,44.62121,2025,6.561174392700195,24.622726440429688,-12.550000190734863,254.0
5177288625,Anaxyrus americanus,-70.813817,44.420533,2025,5.888333320617676,26.148000717163086,-15.263999938964844,211.0
5177248400,Dryophytes versicolor,-70.478553,43.543783,2025,7.53849983215332,26.416000366210938,-11.65999984741211,249.0
5177242827,Dryophytes versicolor,-70.391331,43.454831,2025,7.86566686630249,25.895999908447266,-10.079999923706055,244.0
5177240144,Notophthalmus viridescens,-69.045294,44.608533,2025,6.49066686630249,25.855998992919922,-13.383999824523926,255.0
5177197794,Dryophytes versicolor,-68.222197,44.4446,2025,,,,
5177177665,Anaxyrus americanus,-70.304628,44.770726,2025,4.959833145141602,25.091999053955078,-16.40799903869629,238.0
5177140995,Dryophytes versicolor,-68.381,44.546655,2025,6.762499809265137,26.131999969482422,-12.956000328063965,260.0
5177140772,Notophthalmus viridescens,-68.184174,44.340732,2025,6.956127166748047,24.92352867126465,-11.376470565795898,260.0
5177140766,Notophthalmus viridescens,-68.076628,44.388133,2025,6.780797004699707,24.57391357421875,-11.565217018127441,257.0
5177126555,Dryophytes versicolor,-70.134255,44.674867,2025,5.76633358001709,26.09200096130371,-15.859999656677246,258.0
5177120148,Anaxyrus americanus,-69.81493,43.76712,2025,7.678030014038086,24.709091186523438,-9.486363410949707,246.0
5177053927,Dryophytes versicolor,-68.320205,44.489851,2025,6.888999938964844,25.687999725341797,-12.208000183105469,258.0
5176987545,Notophthalmus viridescens,-68.076628,44.388133,2025,6.780797004699707,24.57391357421875,-11.565217018127441,257.0
5176981917,Notophthalmus viridescens,-68.186389,44.346617,2025,6.956127166748047,24.92352867126465,-11.376470565795898,260.0
5176980580,Notophthalmus viridescens,-68.076628,44.388133,2025,6.780797004699707,24.57391357421875,-11.565217018127441,257.0
5176952703,Anaxyrus americanus,-70.623425,43.40561,2025,7.929999828338623,26.968000411987305,-11.015999794006348,252.0
5176925160,Dryophytes versicolor,-68.392822,44.516797,2025,6.832833290100098,25.940000534057617,-12.567999839782715,261.0
5176921648,Notophthalmus viridescens,-69.662138,43.87412,2025,7.671229839324951,24.44761848449707,-9.295238494873047,246.0
5176901109,Notophthalmus viridescens,-69.045294,44.608533,2025,6.49066686630249,25.855998992919922,-13.383999824523926,255.0
5176876051,Anaxyrus americanus,-69.045294,44.608533,2025,6.49066686630249,25.855998992919922,-13.383999824523926,255.0
5176869611,Dryophytes versicolor,-68.27753,44.4202,2025,7.051602363586426,25.576923370361328,-11.769230842590332,257.0
5176869543,Notophthalmus viridescens,-68.185728,44.343422,2025,6.956127166748047,24.92352867126465,-11.376470565795898,260.0
5176862137,Anaxyrus americanus,-68.373445,44.277825,2025,7.109375,24.795833587646484,-10.866666793823242,257.0
5176845752,Notophthalmus viridescens,-68.185728,44.343422,2025,6.956127166748047,24.92352867126465,-11.376470565795898,260.0
5176840618,Notophthalmus viridescens,-68.185728,44.343422,2025,6.956127166748047,24.92352867126465,-11.376470565795898,260.0
5176840617,Notophthalmus viridescens,-68.185728,44.343422,2025,6.956127166748047,24.92352867126465,-11.376470565795898,260.0
5176819732,Notophthalmus viridescens,-68.185728,44.343422,2025,6.956127166748047,24.92352867126465,-11.376470565795898,260.0
5176819724,Notophthalmus viridescens,-68.076628,44.388133,2025,6.780797004699707,24.57391357421875,-11.565217018127441,257.0
5176798814,Notophthalmus viridescens,-68.185728,44.343422,2025,6.956127166748047,24.92352867126465,-11.376470565795898,260.0
5176764070,Anaxyrus americanus,-70.453087,44.533672,2025,5.983833312988281,26.115999221801758,-14.984000205993652,234.0
5176714490,Dryophytes versicolor,-68.626229,44.60436,2025,6.58050012588501,25.93600082397461,-13.187999725341797,263.0
5176693289,Dryophytes versicolor,-68.309488,44.403627,2025,7.011833190917969,25.464000701904297,-11.715999603271484,257.0
5176687198,Dryophytes versicolor,-69.113947,44.094793,2025,7.386029243469238,24.823528289794922,-10.323529243469238,249.0
5176683378,Dryophytes versicolor,-68.273555,44.588225,2025,6.628499984741211,25.868000030517578,-13.144000053405762,260.0
5176675541,Notophthalmus viridescens,-68.185728,44.343422,2025,6.956127166748047,24.92352867126465,-11.376470565795898,260.0
5176659107,Notophthalmus viridescens,-68.186389,44.346617,2025,6.956127166748047,24.92352867126465,-11.376470565795898,260.0
5176654249,Anaxyrus americanus,-70.538567,43.720142,2025,7.113833427429199,26.503999710083008,-12.871999740600586,252.0
5176638405,Anaxyrus americanus,-69.12738,45.28751,2025,5.301166534423828,25.564001083374023,-16.27199935913086,220.0
5176637647,Notophthalmus viridescens,-68.321372,44.393463,2025,7.011833190917969,25.464000701904297,-11.715999603271484,257.0
5176609816,Dryophytes versicolor,-70.353022,43.596505,2025,7.789999961853027,26.375999450683594,-11.175999641418457,247.0
5176562526,Dryophytes versicolor,-69.991104,44.417075,2025,6.501166820526123,26.24799919128418,-14.180000305175781,254.0
5176520010,Anaxyrus americanus,-70.502576,43.768491,2025,7.12833309173584,26.371999740600586,-12.668000221252441,252.0
5176498691,Anaxyrus americanus,-70.673295,44.32085,2025,5.6601667404174805,25.496000289916992,-15.079999923706055,248.0
5176493587,Dryophytes versicolor,-69.526002,44.007802,2025,7.539015293121338,25.422727584838867,-10.554545402526855,249.0
5176467482,Dryophytes versicolor,-68.335382,44.52374,2025,6.8438334465026855,26.064001083374023,-12.687999725341797,261.0
5176442880,Anaxyrus americanus,-68.217575,46.583553,2025,3.5821666717529297,24.672000885009766,-19.59200096130371,172.0
5176420501,Anaxyrus americanus,-70.387498,44.373233,2025,6.161999702453613,25.95599937438965,-14.491999626159668,255.0
5176402039,Anaxyrus americanus,-69.086761,44.236053,2025,7.1670002937316895,25.107999801635742,-11.227999687194824,255.0
5176395632,Notophthalmus viridescens,-68.185728,44.343422,2025,6.956127166748047,24.92352867126465,-11.376470565795898,260.0
5176385194,Dryophytes versicolor,-68.294517,44.414038,2025,7.011833190917969,25.464000701904297,-11.715999603271484,257.0
5176385040,Dryophytes versicolor,-69.074423,44.594573,2025,6.49066686630249,25.855998992919922,-13.383999824523926,255.0
5176362506,Notophthalmus viridescens,-68.185728,44.343422,2025,6.956127166748047,24.92352867126465,-11.376470565795898,260.0
5176362504,Notophthalmus viridescens,-68.185728,44.343422,2025,6.956127166748047,24.92352867126465,-11.376470565795898,260.0
5176351944,Notophthalmus viridescens,-68.185728,44.343422,2025,6.956127166748047,24.92352867126465,-11.376470565795898,260.0
5168488453,Anaxyrus americanus,-69.028983,45.880317,2025,3.693333387374878,24.336000442504883,-18.148000717163086,199.0
5168411100,Dryophytes versicolor,-68.32688,44.397987,2025,7.011833190917969,25.464000701904297,-11.715999603271484,257.0
5168392609,Anaxyrus americanus,-68.406067,44.263612,2025,7.122499942779541,24.485000610351562,-10.600000381469727,256.0
5168383090,Notophthalmus viridescens,-69.619103,43.949395,2025,7.624275207519531,25.04347801208496,-9.960869789123535,247.0
5168345862,Anaxyrus americanus,-68.631906,44.568282,2025,6.709333419799805,25.944000244140625,-12.928000450134277,261.0
5168313019,Notophthalmus viridescens,-69.687237,44.05901,2025,7.246333122253418,25.66400146484375,-11.519999504089355,252.0
5168130564,Dryophytes versicolor,-69.661075,43.872689,2025,7.671229839324951,24.44761848449707,-9.295238494873047,246.0
5168124050,Dryophytes versicolor,-70.609062,43.510088,2025,7.540333271026611,26.756000518798828,-11.984000205993652,255.0
5168107054,Notophthalmus viridescens,-69.611461,44.147656,2025,7.195333003997803,25.855998992919922,-11.776000022888184,253.0
5168102874,Dryophytes versicolor,-70.137367,44.674167,2025,5.76633358001709,26.09200096130371,-15.859999656677246,258.0
5168049555,Dryophytes versicolor,-68.476528,46.007513,2025,4.053666591644287,24.8439998626709,-18.38399887084961,205.0
5167997412,Dryophytes versicolor,-68.299737,44.413222,2025,7.011833190917969,25.464000701904297,-11.715999603271484,257.0
5167994381,Dryophytes versicolor,-70.709694,43.083362,2025,,,,
5167962915,Anaxyrus americanus,-70.648616,44.288776,2025,6.017333507537842,25.884000778198242,-14.751999855041504,249.0
5167843104,Dryophytes versicolor,-68.698644,44.641621,2025,6.632166862487793,26.139999389648438,-13.227999687194824,261.0
5167836797,Notophthalmus viridescens,-68.253167,44.410345,2025,6.910666465759277,25.472000122070312,-11.907999992370605,261.0
5167801260,Anaxyrus americanus,-68.43553,46.1976,2025,3.4863333702087402,24.47599983215332,-19.20800018310547,202.0
5167752010,Anaxyrus americanus,-69.066514,44.331383,2025,7.104166507720947,25.507999420166016,-11.604000091552734,255.0
5167747137,Anaxyrus americanus,-68.249281,44.398049,2025,6.991421699523926,25.48235321044922,-11.79411792755127,259.0
5167693407,Anaxyrus americanus,-69.734,44.81268,2025,5.966333389282227,26.263999938964844,-15.5,216.0
5167691330,Anaxyrus americanus,-68.89247,46.937505,2025,2.378000020980835,23.511999130249023,-20.59200096130371,199.0
5167659705,Notophthalmus viridescens,-68.076628,44.388133,2025,6.780797004699707,24.57391357421875,-11.565217018127441,257.0
5167657360,Notophthalmus viridescens,-69.646539,43.951868,2025,7.626704692840576,24.940908432006836,-9.92272663116455,246.0
5167581275,Anaxyrus americanus,-70.603078,43.501333,2025,7.540333271026611,26.756000518798828,-11.984000205993652,255.0
5167568575,Dryophytes versicolor,-70.453059,43.710591,2025,7.2769999504089355,26.447999954223633,-12.423999786376953,249.0
5167548282,Dryophytes versicolor,-69.662301,43.873974,2025,7.671229839324951,24.44761848449707,-9.295238494873047,246.0
5167540482,Notophthalmus viridescens,-69.611381,44.147665,2025,7.195333003997803,25.855998992919922,-11.776000022888184,253.0
5167538222,Dryophytes versicolor,-70.374878,43.851483,2025,7.060999870300293,26.031999588012695,-12.584000587463379,254.0
5167512916,Dryophytes versicolor,-68.693947,44.605619,2025,6.751500129699707,26.148000717163086,-13.01200008392334,260.0
5167511678,Anaxyrus americanus,-69.211511,44.384406,2025,6.859000205993652,25.81999969482422,-12.411999702453613,260.0
5167501334,Notophthalmus viridescens,-69.623612,44.136478,2025,7.195333003997803,25.855998992919922,-11.776000022888184,253.0
5167444974,Anaxyrus americanus,-70.25199,43.999208,2025,7.0351667404174805,26.13599967956543,-12.583999633789062,251.0
5167435171,Anaxyrus americanus,-70.692785,44.182873,2025,6.329666614532471,26.312000274658203,-14.619999885559082,251.0
5167313918,Dryophytes versicolor,-70.137458,44.673905,2025,5.76633358001709,26.09200096130371,-15.859999656677246,258.0
5167303095,Anaxyrus americanus,-70.869222,44.049297,2025,6.543333530426025,26.836000442504883,-14.636000633239746,262.0
5167246632,Anaxyrus americanus,-68.535,44.297643,2024,,,,
5167236870,Notophthalmus viridescens,-68.186389,44.346617,2025,6.956127166748047,24.92352867126465,-11.376470565795898,260.0
5167181508,Anaxyrus americanus,-69.072119,44.337913,2025,6.846166610717773,25.38800048828125,-11.984000205993652,262.0
5167157725,Notophthalmus viridescens,-68.510885,46.134986,2025,3.680000066757202,24.54400062561035,-19.055999755859375,201.0
5167114959,Dryophytes versicolor,-68.777618,44.618211,2025,6.803500175476074,26.13599967956543,-12.819999694824219,260.0
5167108647,Dryophytes versicolor,-68.332732,44.398364,2025,7.011833190917969,25.464000701904297,-11.715999603271484,257.0
5167092946,Notophthalmus viridescens,-70.197532,43.822185,2025,7.439930438995361,25.954166412353516,-11.441666603088379,247.0
5167056035,Notophthalmus viridescens,-70.288082,43.676388,2025,7.834469795227051,26.39545440673828,-11.068181991577148,247.0
5167043435,Notophthalmus viridescens,-69.764389,45.53359,2025,3.698833465576172,24.0,-18.139999389648438,198.0
5166982808,Dryophytes versicolor,-68.365661,44.558099,2025,6.771666526794434,26.14000129699707,-12.97599983215332,260.0
5166935246,Notophthalmus viridescens,-69.623916,44.136436,2025,7.195333003997803,25.855998992919922,-11.776000022888184,253.0
5166914146,Dryophytes versicolor,-68.41417,44.67129,2025,6.70283317565918,26.26799964904785,-13.415999412536621,259.0
5166868425,Dryophytes versicolor,-70.40204,43.508085,2025,7.800347328186035,26.274999618530273,-10.804166793823242,246.0
5166856582,Dryophytes versicolor,-70.267403,43.993717,2025,7.0351667404174805,26.13599967956543,-12.583999633789062,251.0
5166780380,Anaxyrus americanus,-69.661392,43.877439,2022,7.634166717529297,24.78499984741211,-9.765000343322754,245.0
5154963612,Anaxyrus americanus,-68.359308,44.251558,2025,7.109375,24.795833587646484,-10.866666793823242,257.0
5154958865,Anaxyrus americanus,-68.402389,44.308133,2025,7.01649284362793,24.674999237060547,-11.041666984558105,259.0
5154939402,Anaxyrus americanus,-70.018844,43.890442,2025,7.3520002365112305,25.6560001373291,-11.315999984741211,246.0
5154924648,Notophthalmus viridescens,-69.728937,43.979538,2025,7.476333141326904,25.527999877929688,-10.767999649047852,249.0
5154894310,Anaxyrus americanus,-69.764855,45.272413,2020,3.387666702270508,23.516000747680664,-18.09200096130371,231.0
5154851390,Dryophytes versicolor,-70.623621,43.512016,2024,7.540333271026611,26.756000518798828,-11.984000205993652,255.0
5154813344,Notophthalmus viridescens,-69.418585,43.983388,2025,7.5020833015441895,24.911109924316406,-10.022222518920898,249.0
5154738584,Anaxyrus americanus,-69.4202,43.994627,2025,7.5020833015441895,24.911109924316406,-10.022222518920898,249.0
5154726204,Anaxyrus americanus,-70.137161,44.674225,2025,5.76633358001709,26.09200096130371,-15.859999656677246,258.0
5154698479,Dryophytes versicolor,-68.662378,44.888263,2025,6.609499931335449,26.81999969482422,-13.807999610900879,231.0
5154648612,Notophthalmus viridescens,-68.643653,44.631442,2025,6.339666843414307,25.76799964904785,-13.503999710083008,269.0
5154621234,Notophthalmus viridescens,-69.41978,43.988357,2025,7.5020833015441895,24.911109924316406,-10.022222518920898,249.0
5154618669,Notophthalmus viridescens,-68.277129,44.383007,2025,6.910666465759277,25.472000122070312,-11.907999992370605,261.0
5154597834,Anaxyrus americanus,-70.682569,44.368181,2025,5.712166786193848,25.63599967956543,-15.15999984741211,241.0
5154596464,Notophthalmus viridescens,-69.4199,43.988603,2025,7.5020833015441895,24.911109924316406,-10.022222518920898,249.0
5154576862,Notophthalmus viridescens,-69.807465,43.624518,2025,,,,
5154546886,Dryophytes versicolor,-69.637092,44.184187,2025,7.1545000076293945,26.09600067138672,-12.168000221252441,253.0
5154544915,Notophthalmus viridescens,-69.563282,43.990058,2025,,,,
5154523908,Notophthalmus viridescens,-68.439416,46.623854,2025,3.5404999256134033,25.003999710083008,-20.43199920654297,174.0
5154516368,Anaxyrus americanus,-69.186967,44.373222,2025,6.91616678237915,25.700000762939453,-12.14799976348877,259.0
5154441252,Notophthalmus viridescens,-70.017119,43.893228,2025,7.3520002365112305,25.6560001373291,-11.315999984741211,246.0
5154433680,Notophthalmus viridescens,-68.660255,44.902478,2025,6.609499931335449,26.81999969482422,-13.807999610900879,231.0
5154399038,Anaxyrus americanus,-70.288475,43.731323,2025,7.567666530609131,26.064001083374023,-11.359999656677246,249.0
5154385894,Anaxyrus americanus,-69.428328,43.84151,2025,,,,
5154256557,Notophthalmus viridescens,-68.922896,44.83005,2025,6.423500061035156,26.40399932861328,-14.12399959564209,238.0
5154230012,Dryophytes versicolor,-70.139344,44.673078,2025,5.76633358001709,26.09200096130371,-15.859999656677246,258.0
5154208350,Dryophytes versicolor,-68.922981,44.83003,2025,6.423500061035156,26.40399932861328,-14.12399959564209,238.0
5154169160,Notophthalmus viridescens,-69.420975,43.990967,2025,7.5020833015441895,24.911109924316406,-10.022222518920898,249.0
5154153702,Dryophytes versicolor,-69.684842,44.092056,2025,7.180166721343994,25.79599952697754,-11.868000030517578,253.0
5154085146,Notophthalmus viridescens,-68.445285,46.111783,2025,3.7016665935516357,24.503999710083008,-18.76799964904785,208.0
5154058996,Notophthalmus viridescens,-68.640603,44.410775,2025,7.007166385650635,25.61600112915039,-11.871999740600586,257.0
5154045861,Notophthalmus viridescens,-70.087029,43.920574,2025,7.171333312988281,25.836000442504883,-11.868000030517578,248.0
5154031712,Anaxyrus americanus,-68.923857,44.830263,2025,6.423500061035156,26.40399932861328,-14.12399959564209,238.0
5153919086,Anaxyrus americanus,-69.852465,43.9375,2025,7.644886493682861,25.850000381469727,-10.895454406738281,245.0
5153909807,Notophthalmus viridescens,-69.113486,44.184758,2025,7.210999965667725,24.988000869750977,-10.927999496459961,254.0
5153889345,Dryophytes versicolor,-69.178764,44.058567,2025,,,,
5153835157,Notophthalmus viridescens,-68.206117,44.362394,2025,6.956127166748047,24.92352867126465,-11.376470565795898,260.0
5153820898,Dryophytes versicolor,-69.481071,44.034738,2025,7.489166736602783,25.27199935913086,-10.53600025177002,251.0
5153815894,Dryophytes versicolor,-68.321663,44.393617,2025,7.011833190917969,25.464000701904297,-11.715999603271484,257.0
5153795301,Notophthalmus viridescens,-70.13205,44.677917,2025,5.76633358001709,26.09200096130371,-15.859999656677246,258.0
5153768437,Dryophytes versicolor,-70.477133,43.477519,2025,7.818833351135254,26.559999465942383,-11.0,250.0
5153752122,Notophthalmus viridescens,-70.049308,43.93878,2025,7.17983341217041,25.74799919128418,-11.763999938964844,248.0
5153743686,Anaxyrus americanus,-68.396008,44.265478,2025,7.122499942779541,24.485000610351562,-10.600000381469727,256.0
5153740029,Anaxyrus americanus,-68.727403,44.821428,2025,6.86566686630249,27.06399917602539,-13.619999885559082,242.0
5153736597,Anaxyrus americanus,-69.810328,43.801865,2025,7.709868431091309,24.947368621826172,-9.77368450164795,245.0
5153625539,Anaxyrus americanus,-68.923857,44.830263,2025,6.423500061035156,26.40399932861328,-14.12399959564209,238.0
5153522437,Anaxyrus americanus,-70.134147,44.675062,2025,5.76633358001709,26.09200096130371,-15.859999656677246,258.0
5153490111,Notophthalmus viridescens,-68.365253,44.248678,2025,,,,
5153484159,Anaxyrus americanus,-68.493616,46.187296,2025,3.448500156402588,24.41200065612793,-19.27199935913086,203.0
5153468298,Notophthalmus viridescens,-68.424203,44.165618,2025,7.208333492279053,23.616666793823242,-9.61111068725586,253.0
5153384049,Anaxyrus americanus,-69.420578,43.993222,2025,7.5020833015441895,24.911109924316406,-10.022222518920898,249.0
5153322818,Dryophytes versicolor,-69.577338,44.744932,2025,6.2848334312438965,26.483999252319336,-14.791999816894531,215.0
5153322505,Anaxyrus americanus,-68.44419,46.171111,2025,3.4863333702087402,24.47599983215332,-19.20800018310547,202.0
5153259876,Dryophytes versicolor,-70.456417,43.472733,2025,7.889999866485596,26.43199920654297,-10.684000015258789,248.0
5153219883,Anaxyrus americanus,-70.208257,44.042981,2025,7.302000045776367,26.736000061035156,-12.460000038146973,253.0
5153204145,Anaxyrus americanus,-69.901695,43.874855,2025,,,,
5153199543,Notophthalmus viridescens,-68.660247,44.902492,2025,6.609499931335449,26.81999969482422,-13.807999610900879,231.0
5153095089,Notophthalmus viridescens,-68.206664,44.362144,2025,6.956127166748047,24.92352867126465,-11.376470565795898,260.0
5145926078,Anaxyrus americanus,-68.931519,45.058343,2022,5.924666404724121,26.20800018310547,-15.208000183105469,221.0
5145925464,Anaxyrus americanus,-68.126582,46.755201,2022,3.7306666374206543,24.895999908447266,-19.011999130249023,174.0
5145925463,Anaxyrus americanus,-69.158337,45.176699,2022,5.4751667976379395,25.827999114990234,-16.083999633789062,221.0
5145925462,Anaxyrus americanus,-69.14539,45.180206,2022,5.4751667976379395,25.827999114990234,-16.083999633789062,221.0
5145920336,Anaxyrus americanus,-68.464188,46.723933,2022,3.37416672706604,24.70400047302246,-20.29199981689453,178.0
5145920333,Anaxyrus americanus,-68.452732,46.69841,2022,3.488499879837036,24.8799991607666,-20.29599952697754,174.0
5145920325,Anaxyrus americanus,-68.419939,46.654907,2022,3.577000141143799,25.011999130249023,-20.34000015258789,173.0
5145920304,Anaxyrus americanus,-68.158344,46.603224,2022,3.7190001010894775,24.73200035095215,-18.90399932861328,174.0
5140648291,Dryophytes versicolor,-70.719583,43.557278,2025,7.306333065032959,26.899999618530273,-12.644000053405762,263.0
5140646004,Anaxyrus americanus,-70.719356,43.557236,2025,7.306333065032959,26.899999618530273,-12.644000053405762,263.0
5140618710,Anaxyrus americanus,-69.420267,43.989197,2025,7.5020833015441895,24.911109924316406,-10.022222518920898,249.0
5140567672,Dryophytes versicolor,-69.420507,43.991959,2025,7.5020833015441895,24.911109924316406,-10.022222518920898,249.0
5140549023,Notophthalmus viridescens,-70.719389,43.557569,2025,7.306333065032959,26.899999618530273,-12.644000053405762,263.0
5140534463,Dryophytes versicolor,-70.759867,43.156055,2025,8.51883316040039,27.42799949645996,-9.751999855041504,250.0
5140521752,Dryophytes versicolor,-68.287133,44.383767,2025,6.910666465759277,25.472000122070312,-11.907999992370605,261.0
5140315379,Notophthalmus viridescens,-69.662247,43.874058,2025,7.671229839324951,24.44761848449707,-9.295238494873047,246.0
5140281381,Notophthalmus viridescens,-69.66075,43.874097,2024,7.671229839324951,24.44761848449707,-9.295238494873047,246.0
5140165723,Anaxyrus americanus,-69.661101,43.872808,2025,7.671229839324951,24.44761848449707,-9.295238494873047,246.0
5134873922,Notophthalmus viridescens,-69.476163,43.967944,2025,7.464666843414307,24.988000869750977,-10.208000183105469,249.0
5134720356,Notophthalmus viridescens,-69.386208,44.27127,2024,6.909666538238525,25.68400001525879,-12.175999641418457,260.0
5134650188,Dryophytes versicolor,-69.386558,44.447955,2025,6.376500129699707,25.56399917602539,-13.303999900817871,257.0
5134572357,Dryophytes versicolor,-70.401962,43.50791,2025,7.800347328186035,26.274999618530273,-10.804166793823242,246.0
5134520802,Anaxyrus americanus,-69.469417,43.972887,2025,7.464666843414307,24.988000869750977,-10.208000183105469,249.0
5134480627,Anaxyrus americanus,-69.84503,43.707917,2024,,,,
5134467865,Notophthalmus viridescens,-68.183142,44.351469,2025,6.956127166748047,24.92352867126465,-11.376470565795898,260.0
5134446881,Notophthalmus viridescens,-69.38437,44.447208,2025,6.376500129699707,25.56399917602539,-13.303999900817871,257.0
5134431582,Anaxyrus americanus,-69.385313,44.447363,2025,6.376500129699707,25.56399917602539,-13.303999900817871,257.0
5134412859,Notophthalmus viridescens,-68.669455,44.919353,2025,6.475833415985107,26.65999984741211,-14.04800033569336,227.0
5134393026,Anaxyrus americanus,-69.392813,44.450792,2025,6.376500129699707,25.56399917602539,-13.303999900817871,257.0
5134392921,Notophthalmus viridescens,-69.384895,44.447188,2025,6.376500129699707,25.56399917602539,-13.303999900817871,257.0
5134381485,Notophthalmus viridescens,-70.630928,43.40715,2024,7.875333309173584,27.131999969482422,-11.248000144958496,254.0
5134327470,Notophthalmus viridescens,-68.24962,44.37793,2025,6.991421699523926,25.48235321044922,-11.79411792755127,259.0
5134266509,Dryophytes versicolor,-70.539467,43.383404,2023,7.984833240509033,26.648000717163086,-10.460000038146973,248.0
5134205660,Dryophytes versicolor,-68.671257,44.902225,2019,6.562333106994629,26.719999313354492,-13.807999610900879,232.0
5134158789,Dryophytes versicolor,-70.401845,43.507938,2024,7.800347328186035,26.274999618530273,-10.804166793823242,246.0
5134094534,Notophthalmus viridescens,-68.41312,44.076255,2025,,,,
5134078756,Anaxyrus americanus,-69.420632,43.989364,2025,7.5020833015441895,24.911109924316406,-10.022222518920898,249.0
5134064687,Notophthalmus viridescens,-68.690183,45.051718,2025,6.138499736785889,26.40799903869629,-14.779999732971191,224.0
5134023311,Notophthalmus viridescens,-70.246742,43.87822,2025,7.198333263397217,25.996000289916992,-12.124000549316406,249.0
5133999569,Notophthalmus viridescens,-70.246712,43.87823,2025,7.198333263397217,25.996000289916992,-12.124000549316406,249.0
5133977697,Anaxyrus americanus,-70.853097,43.10577,2023,,,,
5133974819,Anaxyrus americanus,-69.952064,43.873766,2025,,,,
5133966394,Notophthalmus viridescens,-69.618995,43.949603,2025,7.624275207519531,25.04347801208496,-9.960869789123535,247.0
5133948975,Notophthalmus viridescens,-69.602107,44.123284,2025,7.291666507720947,25.81599998474121,-11.53600025177002,252.0
5133938254,Anaxyrus americanus,-70.204467,43.771308,2025,,,,
5133913725,Anaxyrus americanus,-69.949408,43.875991,2025,7.652651786804199,25.950000762939453,-10.940909385681152,245.0
5133891998,Notophthalmus viridescens,-70.647474,44.290911,2025,6.017333507537842,25.884000778198242,-14.751999855041504,249.0
5133836816,Notophthalmus viridescens,-68.667712,44.907288,2025,6.562333106994629,26.719999313354492,-13.807999610900879,232.0
5133808821,Anaxyrus americanus,-70.204522,43.771297,2025,,,,
5133808819,Anaxyrus americanus,-70.19812,43.788322,2025,,,,
5133808102,Notophthalmus viridescens,-68.669403,44.919188,2025,6.475833415985107,26.65999984741211,-14.04800033569336,227.0
5133785005,Anaxyrus americanus,-70.016061,43.8931,2025,7.3520002365112305,25.6560001373291,-11.315999984741211,246.0
5133777633,Notophthalmus viridescens,-70.394815,43.453981,2025,7.86566686630249,25.895999908447266,-10.079999923706055,244.0
5133777492,Anaxyrus americanus,-70.453883,43.471447,2025,7.889999866485596,26.43199920654297,-10.684000015258789,248.0
5133724068,Notophthalmus viridescens,-68.667253,44.906792,2025,6.562333106994629,26.719999313354492,-13.807999610900879,232.0
5108561827,Notophthalmus viridescens,-68.764667,44.825073,2025,7.00333309173584,27.31999969482422,-13.616000175476074,244.0
5108557360,Notophthalmus viridescens,-68.669167,44.918771,2025,6.475833415985107,26.65999984741211,-14.04800033569336,227.0
5108519029,Notophthalmus viridescens,-68.324136,44.396334,2023,7.011833190917969,25.464000701904297,-11.715999603271484,257.0
5108487324,Notophthalmus viridescens,-68.699074,44.875628,2025,6.562333106994629,26.719999313354492,-13.807999610900879,232.0
5108455575,Dryophytes versicolor,-70.385488,44.024346,2022,6.861000061035156,26.148000717163086,-13.307999610900879,257.0
5108381215,Anaxyrus americanus,-70.070733,45.252188,2018,3.995333433151245,24.167999267578125,-17.607999801635742,205.0
5108347705,Anaxyrus americanus,-70.385505,44.024283,2023,6.861000061035156,26.148000717163086,-13.307999610900879,257.0
5108344650,Dryophytes versicolor,-70.566637,43.910517,2022,7.2804999351501465,26.468000411987305,-12.067999839782715,253.0
5108328330,Dryophytes versicolor,-69.805558,44.723347,2021,6.1541666984558105,26.423999786376953,-15.284000396728516,222.0
5108270628,Notophthalmus viridescens,-68.217611,44.22131,2025,,,,
5108108101,Notophthalmus viridescens,-70.637633,44.896744,2023,3.119166612625122,22.988000869750977,-18.04400062561035,248.0
5104743970,Dryophytes versicolor,-70.872721,43.208747,2019,,,,
5104738958,Anaxyrus americanus,-70.872033,43.209261,2019,,,,
5104726017,Anaxyrus americanus,-69.068417,44.210426,2024,6.89965295791626,24.762500762939453,-11.337499618530273,260.0
5104588766,Dryophytes versicolor,-68.65725,44.902867,2024,6.609499931335449,26.81999969482422,-13.807999610900879,231.0
5104464323,Dryophytes versicolor,-68.663921,44.913957,2016,6.609499931335449,26.81999969482422,-13.807999610900879,231.0
5104390692,Notophthalmus viridescens,-68.668092,44.901988,2018,6.562333106994629,26.719999313354492,-13.807999610900879,232.0
5104330198,Notophthalmus viridescens,-68.536745,44.970443,2017,6.1536664962768555,26.347999572753906,-14.455999374389648,236.0
5104262699,Dryophytes versicolor,-68.304234,44.205201,2022,,,,
5101023352,Notophthalmus viridescens,-69.861354,43.786654,2023,7.661904811859131,24.657142639160156,-9.561904907226562,246.0
5101021936,Notophthalmus viridescens,-69.788982,43.950418,2019,7.6347222328186035,25.549999237060547,-10.533333778381348,246.0
5101019936,Notophthalmus viridescens,-70.680176,44.522538,2022,5.565000057220459,25.691999435424805,-15.503999710083008,214.0
5101017511,Anaxyrus americanus,-70.712944,43.283154,2022,8.107166290283203,27.288000106811523,-10.53600025177002,253.0
5101014873,Notophthalmus viridescens,-69.788982,43.950418,2021,7.6347222328186035,25.549999237060547,-10.533333778381348,246.0
5101013843,Notophthalmus viridescens,-70.381391,43.45148,2022,7.86566686630249,25.895999908447266,-10.079999923706055,244.0
5101012952,Anaxyrus americanus,-70.582358,43.512591,2022,7.61566686630249,26.784000396728516,-11.791999816894531,250.0
5101012924,Anaxyrus americanus,-70.263564,43.761722,2021,7.379166603088379,25.964000701904297,-11.755999565124512,249.0
5101011650,Anaxyrus americanus,-70.690463,43.27397,2023,8.07349967956543,26.97599983215332,-10.404000282287598,254.0
5101010197,Notophthalmus viridescens,-69.944372,44.16007,2022,7.019000053405762,26.100000381469727,-12.583999633789062,254.0
5101009046,Notophthalmus viridescens,-70.214385,43.619125,2021,7.891848087310791,25.826087951660156,-10.265216827392578,244.0
5101007380,Anaxyrus americanus,-69.953333,44.037079,2022,7.211666584014893,25.892000198364258,-11.904000282287598,249.0
5101006433,Notophthalmus viridescens,-68.759035,44.887272,2023,6.487833023071289,26.520000457763672,-14.032000541687012,228.0
5101005265,Notophthalmus viridescens,-70.857579,44.565725,2022,5.023333549499512,25.011999130249023,-15.96399974822998,207.0
5101002758,Anaxyrus americanus,-69.838622,43.747212,2021,7.704807758331299,24.346153259277344,-8.992307662963867,243.0
5101002546,Notophthalmus viridescens,-69.129169,44.218659,2021,6.7704997062683105,24.719999313354492,-11.696000099182129,264.0
5101001851,Anaxyrus americanus,-70.714453,43.26024,2022,8.107166290283203,27.288000106811523,-10.53600025177002,253.0
5101001560,Dryophytes versicolor,-70.865193,43.320181,2021,7.880499839782715,27.59600067138672,-11.407999992370605,260.0
5101000751,Notophthalmus viridescens,-68.793808,44.886231,2023,6.436833381652832,26.492000579833984,-14.131999969482422,230.0
5100996112,Notophthalmus viridescens,-69.341602,44.621292,2021,6.595666885375977,26.360000610351562,-13.748000144958496,233.0
5100995887,Notophthalmus viridescens,-70.005321,44.719538,2022,5.597833156585693,25.672000885009766,-15.911999702453613,251.0
5100995795,Notophthalmus viridescens,-68.785637,44.700283,2023,6.512666702270508,26.06800079345703,-13.491999626159668,264.0
5100991456,Notophthalmus viridescens,-69.788982,43.950418,2021,7.6347222328186035,25.549999237060547,-10.533333778381348,246.0
5100990243,Notophthalmus viridescens,-69.788982,43.950418,2020,7.6347222328186035,25.549999237060547,-10.533333778381348,246.0
5100988161,Anaxyrus americanus,-69.78428,43.873325,2021,,,,
5100985663,Dryophytes versicolor,-70.39263,43.456101,2021,7.86566686630249,25.895999908447266,-10.079999923706055,244.0
5100984289,Dryophytes versicolor,-69.946434,43.913109,2023,7.652651786804199,25.950000762939453,-10.940909385681152,245.0
5100983819,Anaxyrus americanus,-70.698452,43.278138,2021,8.07349967956543,26.97599983215332,-10.404000282287598,254.0
5100981994,Dryophytes versicolor,-70.214391,43.612456,2021,7.891848087310791,25.826087951660156,-10.265216827392578,244.0
5100981737,Notophthalmus viridescens,-68.788673,44.889553,2022,6.487833023071289,26.520000457763672,-14.032000541687012,228.0
5100979335,Anaxyrus americanus,-69.788982,43.950418,2020,7.6347222328186035,25.549999237060547,-10.533333778381348,246.0
5100967989,Dryophytes versicolor,-70.690463,43.27397,2021,8.07349967956543,26.97599983215332,-10.404000282287598,254.0
5100967588,Dryophytes versicolor,-70.698452,43.278138,2022,8.07349967956543,26.97599983215332,-10.404000282287598,254.0
5100966290,Anaxyrus americanus,-69.788982,43.950418,2022,7.6347222328186035,25.549999237060547,-10.533333778381348,246.0
5100966216,Dryophytes versicolor,-70.468236,43.787917,2022,7.0916666984558105,26.3799991607666,-12.772000312805176,250.0
5100965793,Anaxyrus americanus,-68.930916,44.823797,2022,6.423500061035156,26.40399932861328,-14.12399959564209,238.0
5100965610,Notophthalmus viridescens,-69.838622,43.747212,2023,7.704807758331299,24.346153259277344,-8.992307662963867,243.0
5100963909,Anaxyrus americanus,-70.710249,44.067136,2023,6.552000045776367,26.607999801635742,-14.652000427246094,263.0
5100959781,Anaxyrus americanus,-69.199472,44.256446,2021,6.678833484649658,24.968000411987305,-12.052000045776367,266.0
5100957953,Anaxyrus americanus,-69.552011,44.643555,2021,6.509500026702881,26.73200035095215,-14.423999786376953,218.0
5100955543,Notophthalmus viridescens,-70.854729,44.563768,2022,5.023333549499512,25.011999130249023,-15.96399974822998,207.0
5100954126,Notophthalmus viridescens,-70.381391,43.45148,2023,7.86566686630249,25.895999908447266,-10.079999923706055,244.0
5100952022,Dryophytes versicolor,-70.39157,43.482476,2022,7.868287086486816,26.205554962158203,-10.466666221618652,244.0
5100951336,Anaxyrus americanus,-70.698452,43.278138,2022,8.07349967956543,26.97599983215332,-10.404000282287598,254.0
5100949589,Anaxyrus americanus,-70.698452,43.278138,2021,8.07349967956543,26.97599983215332,-10.404000282287598,254.0
5100949340,Dryophytes versicolor,-70.673397,43.107567,2023,8.609000205993652,26.968000411987305,-9.008000373840332,246.0
5100946236,Notophthalmus viridescens,-68.879684,44.49646,2021,6.92518949508667,25.82272720336914,-12.259090423583984,258.0
5100943616,Anaxyrus americanus,-70.698452,43.278138,2022,8.07349967956543,26.97599983215332,-10.404000282287598,254.0
5100938039,Notophthalmus viridescens,-70.281095,43.788431,2022,7.379166603088379,25.964000701904297,-11.755999565124512,249.0
5100937514,Anaxyrus americanus,-70.690463,43.27397,2021,8.07349967956543,26.97599983215332,-10.404000282287598,254.0
5100936006,Anaxyrus americanus,-69.091101,44.053705,2023,7.429861068725586,24.604167938232422,-9.991666793823242,248.0
5100933685,Dryophytes versicolor,-68.921373,44.830066,2023,6.423500061035156,26.40399932861328,-14.12399959564209,238.0
5100932113,Anaxyrus americanus,-70.687493,43.272597,2022,8.07349967956543,26.97599983215332,-10.404000282287598,254.0
5100930251,Dryophytes versicolor,-70.701556,43.103124,2022,8.609000205993652,26.968000411987305,-9.008000373840332,246.0
5100929547,Dryophytes versicolor,-70.698452,43.278138,2020,8.07349967956543,26.97599983215332,-10.404000282287598,254.0
5100929413,Anaxyrus americanus,-69.838622,43.747212,2022,7.704807758331299,24.346153259277344,-8.992307662963867,243.0
5100927755,Anaxyrus americanus,-69.78428,43.873325,2021,,,,
5100924285,Anaxyrus americanus,-70.033669,43.916164,2022,7.3520002365112305,25.6560001373291,-11.315999984741211,246.0
5100923941,Anaxyrus americanus,-69.199472,44.256446,2022,6.678833484649658,24.968000411987305,-12.052000045776367,266.0
5100923325,Dryophytes versicolor,-70.39263,43.456101,2022,7.86566686630249,25.895999908447266,-10.079999923706055,244.0
5100921997,Dryophytes versicolor,-70.654956,43.112763,2023,,,,
5100921577,Anaxyrus americanus,-69.788982,43.950418,2021,7.6347222328186035,25.549999237060547,-10.533333778381348,246.0
5100920041,Anaxyrus americanus,-69.838622,43.747212,2021,7.704807758331299,24.346153259277344,-8.992307662963867,243.0
5100918212,Notophthalmus viridescens,-68.729649,44.891914,2021,6.447999954223633,26.559999465942383,-13.955999374389648,229.0
5100917857,Dryophytes versicolor,-68.804644,44.830826,2022,6.762666702270508,26.947999954223633,-13.760000228881836,244.0
5100917724,Notophthalmus viridescens,-70.040095,43.920675,2020,7.269333362579346,25.775999069213867,-11.619999885559082,248.0
5100915309,Anaxyrus americanus,-69.317313,44.578131,2022,6.479166507720947,26.055999755859375,-13.616000175476074,244.0
5100914254,Notophthalmus viridescens,-69.788982,43.950418,2020,7.6347222328186035,25.549999237060547,-10.533333778381348,246.0
5100911641,Dryophytes versicolor,-68.680071,44.898086,2021,6.562333106994629,26.719999313354492,-13.807999610900879,232.0
5100907745,Notophthalmus viridescens,-69.914176,43.959499,2023,7.5020833015441895,25.899999618530273,-11.34999942779541,245.0
5100906091,Anaxyrus americanus,-70.117012,43.922318,2022,7.171333312988281,25.836000442504883,-11.868000030517578,248.0
5100905823,Anaxyrus americanus,-69.65919,43.874643,2021,7.671229839324951,24.44761848449707,-9.295238494873047,246.0
5100901800,Notophthalmus viridescens,-69.940661,43.872284,2021,,,,
5100901695,Anaxyrus americanus,-70.690463,43.27397,2022,8.07349967956543,26.97599983215332,-10.404000282287598,254.0
5100900273,Anaxyrus americanus,-69.78428,43.873325,2021,,,,
5100900136,Notophthalmus viridescens,-69.85687,44.01008,2023,7.473090171813965,25.950000762939453,-11.508333206176758,246.0
5100899560,Notophthalmus viridescens,-69.914176,43.959499,2023,7.5020833015441895,25.899999618530273,-11.34999942779541,245.0
5100899521,Notophthalmus viridescens,-70.005321,44.719538,2022,5.597833156585693,25.672000885009766,-15.911999702453613,251.0
5100898082,Anaxyrus americanus,-69.091101,44.053705,2021,7.429861068725586,24.604167938232422,-9.991666793823242,248.0
5100896108,Anaxyrus americanus,-70.033669,43.916164,2021,7.3520002365112305,25.6560001373291,-11.315999984741211,246.0
5100895522,Notophthalmus viridescens,-69.940661,43.872284,2021,,,,
5100895466,Dryophytes versicolor,-70.690463,43.27397,2022,8.07349967956543,26.97599983215332,-10.404000282287598,254.0
5100890159,Anaxyrus americanus,-70.582358,43.512591,2022,7.61566686630249,26.784000396728516,-11.791999816894531,250.0
5100889813,Notophthalmus viridescens,-68.695839,44.184085,2021,7.2838544845581055,24.383333206176758,-10.141666412353516,249.0
5100887919,Anaxyrus americanus,-70.040095,43.920675,2023,7.269333362579346,25.775999069213867,-11.619999885559082,248.0
5100885581,Notophthalmus viridescens,-70.281095,43.788431,2021,7.379166603088379,25.964000701904297,-11.755999565124512,249.0
5100880129,Anaxyrus americanus,-70.359877,43.841918,2020,7.060999870300293,26.031999588012695,-12.584000587463379,254.0
5100879447,Notophthalmus viridescens,-68.285866,44.383012,2022,6.910666465759277,25.472000122070312,-11.907999992370605,261.0
5100878235,Notophthalmus viridescens,-68.687099,44.899702,2023,6.562333106994629,26.719999313354492,-13.807999610900879,232.0
5100871827,Anaxyrus americanus,-70.854729,44.563768,2022,5.023333549499512,25.011999130249023,-15.96399974822998,207.0
5100869922,Notophthalmus viridescens,-69.85687,44.01008,2023,7.473090171813965,25.950000762939453,-11.508333206176758,246.0
5100864177,Anaxyrus americanus,-70.712944,43.283154,2022,8.107166290283203,27.288000106811523,-10.53600025177002,253.0
5100862055,Anaxyrus americanus,-70.690463,43.27397,2021,8.07349967956543,26.97599983215332,-10.404000282287598,254.0
5100861306,Dryophytes versicolor,-70.718288,43.232101,2021,8.189332962036133,27.143999099731445,-10.223999977111816,254.0
5100859867,Notophthalmus viridescens,-68.91617,44.621972,2021,6.617500305175781,25.964000701904297,-13.17199993133545,263.0
5100859596,Dryophytes versicolor,-68.680744,44.900747,2021,6.562333106994629,26.719999313354492,-13.807999610900879,232.0
5100857803,Anaxyrus americanus,-70.718288,43.232101,2022,8.189332962036133,27.143999099731445,-10.223999977111816,254.0
5100857745,Notophthalmus viridescens,-68.71909,44.892044,2023,6.447999954223633,26.559999465942383,-13.955999374389648,229.0
5100850274,Anaxyrus americanus,-70.690463,43.27397,2022,8.07349967956543,26.97599983215332,-10.404000282287598,254.0
5088202433,Notophthalmus viridescens,-68.668092,44.901988,2019,6.562333106994629,26.719999313354492,-13.807999610900879,232.0
5088098440,Dryophytes versicolor,-68.669634,44.896454,2020,6.562333106994629,26.719999313354492,-13.807999610900879,232.0
5087943243,Dryophytes versicolor,-68.668092,44.901988,2020,6.562333106994629,26.719999313354492,-13.807999610900879,232.0
5087903346,Dryophytes versicolor,-68.931307,44.828981,2024,6.423500061035156,26.40399932861328,-14.12399959564209,238.0
5087874306,Dryophytes versicolor,-68.249213,45.762457,2024,4.910999774932861,25.88399887084961,-16.968000411987305,219.0
5087100570,Anaxyrus americanus,-70.353454,43.596798,2024,7.789999961853027,26.375999450683594,-11.175999641418457,247.0
5087072871,Dryophytes versicolor,-69.728011,44.049078,2024,7.2164998054504395,25.739999771118164,-11.696000099182129,252.0
5087006601,Dryophytes versicolor,-69.987523,43.922079,2023,7.442666530609131,26.020000457763672,-11.51200008392334,247.0
5086945120,Dryophytes versicolor,-70.64827,44.289596,2021,6.017333507537842,25.884000778198242,-14.751999855041504,249.0
5076866608,Anaxyrus americanus,-67.594513,44.481001,2015,,,,
5076826659,Anaxyrus americanus,-68.812906,44.321111,2024,7.239930629730225,24.758333206176758,-10.383333206176758,252.0
5076805530,Anaxyrus americanus,-68.813592,44.321122,2024,7.239930629730225,24.758333206176758,-10.383333206176758,252.0
5076797605,Anaxyrus americanus,-68.813228,44.321292,2024,7.239930629730225,24.758333206176758,-10.383333206176758,252.0
5076796467,Dryophytes versicolor,-68.813153,44.319975,2024,7.239930629730225,24.758333206176758,-10.383333206176758,252.0
5076787429,Anaxyrus americanus,-68.813022,44.321183,2024,7.239930629730225,24.758333206176758,-10.383333206176758,252.0
5076742903,Anaxyrus americanus,-67.158953,44.680281,2023,6.150781154632568,23.931249618530273,-12.231249809265137,245.0
5076732846,Anaxyrus americanus,-70.022235,44.653121,2021,6.019166946411133,26.224000930786133,-15.395999908447266,247.0
5076719982,Anaxyrus americanus,-69.06396,45.953938,2023,2.798166513442993,23.288000106811523,-18.91200065612793,221.0
5069970901,Notophthalmus viridescens,-68.258918,44.284375,2020,,,,
5069812960,Anaxyrus americanus,-70.352745,43.739533,2024,7.359166622161865,26.09600067138672,-11.97599983215332,251.0
5063944090,Notophthalmus viridescens,-70.647084,44.28855,2024,6.017333507537842,25.884000778198242,-14.751999855041504,249.0
5063871812,Dryophytes versicolor,-70.227082,43.871072,2024,7.278833389282227,25.996000289916992,-11.98799991607666,248.0
5063869362,Anaxyrus americanus,-70.648889,44.289021,2024,6.017333507537842,25.884000778198242,-14.751999855041504,249.0
5063801242,Notophthalmus viridescens,-70.647124,44.288453,2024,6.017333507537842,25.884000778198242,-14.751999855041504,249.0
5036887607,Anaxyrus americanus,-69.859253,44.000708,2024,7.473090171813965,25.950000762939453,-11.508333206176758,246.0
5036709083,Notophthalmus viridescens,-69.582069,44.140428,2024,7.2143330574035645,25.77199935913086,-11.62399959564209,252.0
5008324588,Notophthalmus viridescens,-68.745641,46.123225,2022,4.141499996185303,25.003999710083008,-18.42799949645996,195.0
5007894229,Anaxyrus americanus,-70.048186,44.306942,2019,6.735833644866943,26.260000228881836,-13.652000427246094,261.0
5007863167,Anaxyrus americanus,-70.288637,44.265892,2021,6.583499908447266,26.323999404907227,-13.86400032043457,264.0
5007855135,Anaxyrus americanus,-70.048186,44.306942,2019,6.735833644866943,26.260000228881836,-13.652000427246094,261.0
5007808014,Anaxyrus americanus,-70.023186,44.303297,2023,6.668833255767822,26.13599967956543,-13.612000465393066,262.0
5007802615,Dryophytes versicolor,-69.328392,45.103447,2024,5.3379998207092285,25.488000869750977,-16.15999984741211,225.0
4994622476,Anaxyrus americanus,-70.696831,44.095844,2024,6.677666664123535,26.739999771118164,-14.491999626159668,256.0
4994574356,Anaxyrus americanus,-68.616608,46.139936,2022,3.933166742324829,24.88800048828125,-18.8439998626709,193.0
4994563340,Anaxyrus americanus,-68.724215,45.944415,2022,4.465000152587891,25.200000762939453,-17.275999069213867,202.0
4994330612,Anaxyrus americanus,-68.756687,45.932114,2020,4.166833400726318,24.847999572753906,-17.555999755859375,208.0
4994275184,Anaxyrus americanus,-68.971275,45.987894,2012,1.8828333616256714,22.260000228881836,-19.535999298095703,244.0
4994083953,Notophthalmus viridescens,-68.629944,44.531981,2024,6.7223334312438965,25.827999114990234,-12.736000061035156,262.0
4994052362,Notophthalmus viridescens,-68.732432,45.817041,2022,4.679499626159668,25.496000289916992,-17.312000274658203,207.0
4993841337,Notophthalmus viridescens,-68.662537,44.888558,2024,6.609499931335449,26.81999969482422,-13.807999610900879,231.0
4993827467,Anaxyrus americanus,-68.34535,44.286008,2024,7.109375,24.795833587646484,-10.866666793823242,257.0
4987820405,Dryophytes versicolor,-70.433307,43.509316,2024,7.809833526611328,26.516000747680664,-11.027999877929688,250.0
4987518696,Anaxyrus americanus,-68.974892,45.785725,2020,4.67716646194458,25.308000564575195,-17.215999603271484,195.0
4987508573,Dryophytes versicolor,-69.860421,44.198384,2024,7.100500106811523,26.355998992919922,-12.664000511169434,253.0
4987492131,Dryophytes versicolor,-70.925278,43.402322,2020,7.514333248138428,27.38800048828125,-12.131999969482422,265.0
4987477805,Notophthalmus viridescens,-70.719443,43.556656,2022,7.306333065032959,26.899999618530273,-12.644000053405762,263.0
4982370261,Anaxyrus americanus,-70.869212,44.189588,2024,6.3125,26.420000076293945,-14.699999809265137,249.0
4982339233,Anaxyrus americanus,-69.49423,44.168509,2023,7.314499855041504,25.895999908447266,-11.720000267028809,252.0
4982334735,Anaxyrus americanus,-70.228181,44.128998,2024,7.008666515350342,26.36400032043457,-13.027999877929688,253.0
4982334550,Anaxyrus americanus,-70.705521,43.962291,2024,6.5901665687561035,26.468000411987305,-14.371999740600586,268.0
4982307184,Anaxyrus americanus,-67.622069,45.183459,2024,5.860499858856201,26.088001251220703,-15.215999603271484,252.0
4982297439,Anaxyrus americanus,-67.838158,46.131531,2024,4.518166542053223,25.631999969482422,-17.672000885009766,216.0
4982258602,Anaxyrus americanus,-68.389349,44.266421,2024,7.122499942779541,24.485000610351562,-10.600000381469727,256.0
4982144862,Anaxyrus americanus,-69.817282,43.950386,2024,,,,
4982106845,Anaxyrus americanus,-70.079453,43.834,2024,7.436166763305664,25.61199951171875,-11.100000381469727,246.0
4982106684,Anaxyrus americanus,-70.707962,44.277687,2024,5.887333393096924,25.719999313354492,-14.887999534606934,250.0
4982103213,Anaxyrus americanus,-70.403752,43.586546,2024,7.627833366394043,26.279998779296875,-11.4399995803833,247.0
4982044393,Anaxyrus americanus,-70.7042,44.4745,2024,5.676833152770996,25.84000015258789,-15.347999572753906,217.0
4982038303,Anaxyrus americanus,-70.66912,43.370603,2024,7.914666652679443,27.211999893188477,-11.071999549865723,256.0
4982033598,Anaxyrus americanus,-69.088501,44.248423,2024,7.1670002937316895,25.107999801635742,-11.227999687194824,255.0
4982033268,Anaxyrus americanus,-70.885522,43.127092,2024,,,,
4981978436,Anaxyrus americanus,-70.839054,43.907483,2024,6.638166427612305,26.799999237060547,-14.572000503540039,275.0
4981963328,Anaxyrus americanus,-70.533981,43.558788,2024,7.5329999923706055,26.607999801635742,-11.86400032043457,249.0
4980504528,Anaxyrus americanus,-68.931314,44.828907,2024,6.423500061035156,26.40399932861328,-14.12399959564209,238.0
4980299495,Anaxyrus americanus,-69.780813,44.238087,2024,7.238166809082031,26.631999969482422,-12.732000350952148,254.0
4980242451,Anaxyrus americanus,-69.157666,44.684506,2024,6.18916654586792,25.851999282836914,-14.104000091552734,251.0
4978659388,Anaxyrus americanus,-69.463447,43.898347,2024,7.535745620727539,24.347368240356445,-9.421052932739258,249.0
4978644446,Anaxyrus americanus,-70.190475,45.136167,2024,3.945666790008545,23.93600082397461,-17.435998916625977,215.0
4978444039,Dryophytes versicolor,-68.744115,44.822167,2024,6.86566686630249,27.06399917602539,-13.619999885559082,242.0
4978443873,Notophthalmus viridescens,-70.651594,43.380894,2024,7.875333309173584,27.131999969482422,-11.248000144958496,254.0
4978437793,Notophthalmus viridescens,-68.63705,44.612346,2024,6.58050012588501,25.93600082397461,-13.187999725341797,263.0
4978414203,Notophthalmus viridescens,-68.658097,44.902305,2024,6.609499931335449,26.81999969482422,-13.807999610900879,231.0
4978369048,Anaxyrus americanus,-68.884875,44.345113,2024,7.161403179168701,24.81052589416504,-10.59999942779541,252.0
4978347630,Notophthalmus viridescens,-68.658425,44.901822,2024,6.609499931335449,26.81999969482422,-13.807999610900879,231.0
4978304987,Notophthalmus viridescens,-69.58229,44.391422,2024,6.910333156585693,26.395999908447266,-13.092000007629395,240.0
4978191168,Anaxyrus americanus,-70.441847,43.929995,2024,6.845666885375977,26.02400016784668,-13.260000228881836,259.0
4976285028,Dryophytes versicolor,-70.854645,43.089356,2024,,,,
4976202900,Dryophytes versicolor,-68.39778,44.569835,2024,6.762499809265137,26.131999969482422,-12.956000328063965,260.0
4974286555,Anaxyrus americanus,-69.310651,44.398401,2024,6.6875,25.643999099731445,-12.776000022888184,263.0
4974182413,Anaxyrus americanus,-69.310462,44.454619,2024,6.458333492279053,25.488000869750977,-13.055999755859375,260.0
4973912915,Dryophytes versicolor,-70.916402,43.126516,2023,,,,
4973884751,Anaxyrus americanus,-69.305285,44.456437,2024,6.458333492279053,25.488000869750977,-13.055999755859375,260.0
4973867132,Dryophytes versicolor,-68.061404,44.333567,2024,6.8611979484558105,23.924999237060547,-10.793749809265137,256.0
4973820294,Dryophytes versicolor,-69.470619,44.588967,2020,6.684333324432373,26.672000885009766,-13.895999908447266,223.0
4973799666,Dryophytes versicolor,-70.813399,43.361483,2024,7.714166641235352,27.27199935913086,-11.48799991607666,264.0
4954758060,Dryophytes versicolor,-69.284589,45.333634,2024,4.80316686630249,25.124000549316406,-16.92799949645996,217.0
4954750197,Anaxyrus americanus,-68.873998,47.096389,2024,2.4098331928253174,23.503999710083008,-20.52400016784668,210.0
4954736203,Anaxyrus americanus,-68.56465,46.115194,2024,3.871666669845581,24.715999603271484,-18.823999404907227,204.0
4954711176,Dryophytes versicolor,-70.198875,44.081043,2024,7.302000045776367,26.736000061035156,-12.460000038146973,253.0
4954707734,Notophthalmus viridescens,-69.48953,44.438386,2024,6.68149995803833,26.11600112915039,-13.255999565124512,243.0
4954695378,Dryophytes versicolor,-70.521332,43.762143,2024,7.12833309173584,26.371999740600586,-12.668000221252441,252.0
4954546343,Dryophytes versicolor,-69.054173,44.757349,2024,6.442500114440918,26.31999969482422,-14.067999839782715,235.0
4954507205,Dryophytes versicolor,-70.792317,43.267745,2024,8.090666770935059,27.61600112915039,-10.9399995803833,256.0
4954507188,Dryophytes versicolor,-68.590484,45.880246,2024,4.756999969482422,25.619998931884766,-17.18000030517578,210.0
4954471785,Dryophytes versicolor,-69.834192,44.085849,2024,7.121833324432373,26.059999465942383,-12.307999610900879,250.0
4954421110,Dryophytes versicolor,-70.103674,43.857543,2024,7.414311408996582,25.791303634643555,-11.343478202819824,247.0
4954369408,Anaxyrus americanus,-70.319857,45.136208,2024,3.0968334674835205,22.756000518798828,-17.763999938964844,248.0
4954337970,Dryophytes versicolor,-70.870038,43.19179,2024,,,,
4954316131,Dryophytes versicolor,-70.556687,43.390312,2024,7.988166809082031,26.847999572753906,-10.723999977111816,250.0
4953128764,Notophthalmus viridescens,-68.056336,44.338783,2024,6.8611979484558105,23.924999237060547,-10.793749809265137,256.0
4953114100,Notophthalmus viridescens,-68.056253,44.338678,2024,6.8611979484558105,23.924999237060547,-10.793749809265137,256.0
4953091101,Anaxyrus americanus,-69.036383,45.874677,2024,4.179499626159668,24.81999969482422,-17.628000259399414,194.0
4953075794,Notophthalmus viridescens,-70.034157,44.496367,2024,6.397500038146973,26.224000930786133,-14.539999961853027,253.0
4953064851,Anaxyrus americanus,-69.469192,44.012439,2024,7.489166736602783,25.27199935913086,-10.53600025177002,251.0
4953064008,Notophthalmus viridescens,-68.059947,44.337436,2024,6.8611979484558105,23.924999237060547,-10.793749809265137,256.0
4953056133,Anaxyrus americanus,-69.287624,45.480798,2024,4.2241668701171875,24.46000099182129,-17.299999237060547,216.0
4953003908,Notophthalmus viridescens,-68.390006,44.28034,2024,7.122499942779541,24.485000610351562,-10.600000381469727,256.0
4952998061,Anaxyrus americanus,-70.425456,44.975875,2024,3.2784998416900635,23.035999298095703,-17.59600067138672,243.0
4952888835,Anaxyrus americanus,-70.292122,43.88772,2024,7.0985002517700195,26.167999267578125,-12.52400016784668,252.0
4952817102,Notophthalmus viridescens,-68.659924,44.902526,2024,6.609499931335449,26.81999969482422,-13.807999610900879,231.0
4952711935,Notophthalmus viridescens,-68.249175,44.293673,2024,6.842187404632568,24.8125,-11.387499809265137,263.0
4952586688,Dryophytes versicolor,-68.662292,44.90778,2024,6.609499931335449,26.81999969482422,-13.807999610900879,231.0
4952412316,Anaxyrus americanus,-70.532539,43.557713,2024,7.5329999923706055,26.607999801635742,-11.86400032043457,249.0
4952360698,Anaxyrus americanus,-70.556328,43.618417,2024,7.396833419799805,26.739999771118164,-12.411999702453613,251.0
4952320793,Anaxyrus americanus,-69.967103,43.891883,2024,7.499833106994629,25.847999572753906,-11.196000099182129,245.0
4952273261,Anaxyrus americanus,-68.721139,45.945504,2024,4.465000152587891,25.200000762939453,-17.275999069213867,202.0
4952226294,Anaxyrus americanus,-69.027161,46.085328,2024,3.4671666622161865,24.26799964904785,-18.940000534057617,190.0
4952216531,Notophthalmus viridescens,-68.206903,44.362156,2024,6.956127166748047,24.92352867126465,-11.376470565795898,260.0
4950611460,Anaxyrus americanus,-70.612938,43.902838,2024,7.1623334884643555,26.559999465942383,-12.604000091552734,257.0
4950601727,Anaxyrus americanus,-68.414458,44.671122,2024,6.70283317565918,26.26799964904785,-13.415999412536621,259.0
4950507962,Notophthalmus viridescens,-69.838875,43.746155,2024,7.704807758331299,24.346153259277344,-8.992307662963867,243.0
4950393199,Dryophytes versicolor,-69.489128,44.434927,2024,6.68149995803833,26.11600112915039,-13.255999565124512,243.0
4950365383,Notophthalmus viridescens,-69.489052,44.435036,2024,6.68149995803833,26.11600112915039,-13.255999565124512,243.0
4950348180,Anaxyrus americanus,-70.084469,43.822592,2024,,,,
4950280893,Anaxyrus americanus,-69.890083,43.932911,2024,7.6147918701171875,25.975000381469727,-11.114999771118164,245.0
4950232463,Notophthalmus viridescens,-69.81545,43.808633,2024,7.709868431091309,24.947368621826172,-9.77368450164795,245.0
4950182764,Anaxyrus americanus,-70.206961,44.876217,2024,4.933500289916992,25.09600067138672,-16.624000549316406,234.0
4950161166,Dryophytes versicolor,-70.859695,44.40063,2024,5.893833637237549,26.139999389648438,-15.119999885559082,215.0
4950055020,Anaxyrus americanus,-70.337677,45.110168,2024,3.8416666984558105,23.856000900268555,-17.328001022338867,216.0
4950010946,Anaxyrus americanus,-70.342567,44.283792,2024,6.500833511352539,26.31599998474121,-14.088000297546387,260.0
4949984973,Anaxyrus americanus,-68.346712,44.253958,2023,7.109375,24.795833587646484,-10.866666793823242,257.0
4949962381,Anaxyrus americanus,-69.426567,45.378472,2024,4.403500080108643,24.736000061035156,-17.299999237060547,212.0
4949943567,Anaxyrus americanus,-70.770387,44.276303,2024,6.042666912078857,26.04800033569336,-14.887999534606934,240.0
4949920592,Anaxyrus americanus,-70.337677,45.110168,2024,3.8416666984558105,23.856000900268555,-17.328001022338867,216.0
4949910302,Dryophytes versicolor,-70.859855,44.400478,2024,5.893833637237549,26.139999389648438,-15.119999885559082,215.0
4949906991,Anaxyrus americanus,-68.900595,45.922323,2024,1.9283332824707031,22.167999267578125,-19.04400062561035,247.0
4946604195,Dryophytes versicolor,-68.96907,44.82067,2024,6.440666675567627,26.420000076293945,-14.140000343322754,234.0
4946528197,Anaxyrus americanus,-69.718242,44.337636,2011,7.04116678237915,26.667999267578125,-13.100000381469727,242.0
4946502963,Notophthalmus viridescens,-68.406736,46.109884,2024,3.9200000762939453,24.81599998474121,-18.604000091552734,204.0
4946488505,Notophthalmus viridescens,-68.538545,44.954083,2024,6.195666790008545,26.351999282836914,-14.300000190734863,240.0
4946439838,Anaxyrus americanus,-70.895421,44.636277,2024,4.026666641235352,23.855998992919922,-16.895999908447266,217.0
4946435919,Notophthalmus viridescens,-70.592605,43.92022,2024,6.918499946594238,26.511999130249023,-13.456000328063965,259.0
4946430902,Dryophytes versicolor,-68.0614,44.332762,2024,,,,
4946430700,Anaxyrus americanus,-68.429639,46.199784,2024,3.4863333702087402,24.47599983215332,-19.20800018310547,202.0
4946404427,Anaxyrus americanus,-69.941875,43.814315,2024,7.696666717529297,24.97333335876465,-9.866666793823242,243.0
4946401776,Notophthalmus viridescens,-69.768367,44.637981,2024,6.343500137329102,26.468000411987305,-14.788000106811523,221.0
4946393442,Anaxyrus americanus,-68.906641,45.924366,2024,1.9283332824707031,22.167999267578125,-19.04400062561035,247.0
4946360196,Notophthalmus viridescens,-69.687223,44.058948,2022,7.246333122253418,25.66400146484375,-11.519999504089355,252.0
4946317623,Notophthalmus viridescens,-70.001843,44.427559,2024,6.507999897003174,26.27199935913086,-14.244000434875488,255.0
4946305536,Anaxyrus americanus,-68.18245,45.311089,2024,5.579500198364258,25.95199966430664,-15.739999771118164,243.0
4946255820,Notophthalmus viridescens,-68.538628,44.953975,2024,6.195666790008545,26.351999282836914,-14.300000190734863,240.0
4946183593,Notophthalmus viridescens,-68.537095,44.954013,2024,6.195666790008545,26.351999282836914,-14.300000190734863,240.0
4946178122,Anaxyrus americanus,-69.62375,44.136631,2024,7.195333003997803,25.855998992919922,-11.776000022888184,253.0
4946156841,Dryophytes versicolor,-70.529678,43.555908,2024,7.5329999923706055,26.607999801635742,-11.86400032043457,249.0
4946134988,Anaxyrus americanus,-70.589037,43.922622,2024,6.918499946594238,26.511999130249023,-13.456000328063965,259.0
4946129983,Notophthalmus viridescens,-70.952628,44.195228,2024,6.549833297729492,26.847999572753906,-14.515999794006348,241.0
4946120001,Anaxyrus americanus,-68.414322,44.671208,2024,6.70283317565918,26.26799964904785,-13.415999412536621,259.0
4946090135,Anaxyrus americanus,-69.417947,45.379587,2024,4.403500080108643,24.736000061035156,-17.299999237060547,212.0
4946059234,Anaxyrus americanus,-68.405329,46.017812,2024,4.265999794006348,25.1200008392334,-18.224000930786133,205.0
4946054778,Notophthalmus viridescens,-68.211037,44.364433,2024,6.523499965667725,24.799999237060547,-12.092000007629395,271.0
4946045674,Anaxyrus americanus,-68.341964,44.234617,2024,,,,
4945967276,Anaxyrus americanus,-70.292045,43.888022,2024,7.0985002517700195,26.167999267578125,-12.52400016784668,252.0
4945890987,Notophthalmus viridescens,-69.413055,45.379983,2024,4.480000019073486,24.760000228881836,-17.20400047302246,213.0
4945852852,Anaxyrus americanus,-70.592803,43.921212,2024,6.918499946594238,26.511999130249023,-13.456000328063965,259.0
4945803375,Dryophytes versicolor,-69.637009,44.18406,2024,7.1545000076293945,26.09600067138672,-12.168000221252441,253.0
4945797389,Anaxyrus americanus,-69.565789,44.667232,2012,6.306666374206543,26.516000747680664,-14.696000099182129,219.0
4945786488,Anaxyrus americanus,-69.532662,44.808322,2024,6.077666759490967,26.219999313354492,-15.032000541687012,217.0
4945754942,Notophthalmus viridescens,-68.477419,46.143374,2024,3.5934998989105225,24.459999084472656,-19.100000381469727,204.0
4945754587,Notophthalmus viridescens,-68.538545,44.954042,2024,6.195666790008545,26.351999282836914,-14.300000190734863,240.0
4945693179,Anaxyrus americanus,-70.936172,44.1839,2024,6.549833297729492,26.847999572753906,-14.515999794006348,241.0
4945655917,Anaxyrus americanus,-68.389625,44.8,2023,6.356666564941406,26.1200008392334,-13.859999656677246,264.0
4945653573,Anaxyrus americanus,-69.049095,45.349731,2024,5.31416654586792,25.63599967956543,-16.187999725341797,213.0
4945628487,Anaxyrus americanus,-70.907005,43.305517,2024,7.94083309173584,27.86400032043457,-11.527999877929688,255.0
4945572394,Anaxyrus americanus,-70.989078,44.779343,2024,4.207499980926514,24.3439998626709,-17.312000274658203,177.0
4945560850,Anaxyrus americanus,-70.815697,44.042503,2024,6.46750020980835,26.555999755859375,-14.644000053405762,265.0
4945544313,Anaxyrus americanus,-68.40845,46.175241,2024,3.7306666374206543,24.667999267578125,-19.020000457763672,197.0
4945539548,Notophthalmus viridescens,-70.934053,44.156345,2024,6.604833602905273,27.052000045776367,-14.596000671386719,245.0
4945504487,Notophthalmus viridescens,-68.32193,44.393753,2020,7.011833190917969,25.464000701904297,-11.715999603271484,257.0
4945489975,Anaxyrus americanus,-68.908676,45.891383,2024,1.7834999561309814,21.92799949645996,-19.06800079345703,257.0
4945471068,Notophthalmus viridescens,-69.661583,43.876436,2024,7.634166717529297,24.78499984741211,-9.765000343322754,245.0
4937256414,Notophthalmus viridescens,-68.195006,44.3667,2024,6.956127166748047,24.92352867126465,-11.376470565795898,260.0
4937232144,Notophthalmus viridescens,-68.073739,44.393106,2024,6.780797004699707,24.57391357421875,-11.565217018127441,257.0
4937230025,Anaxyrus americanus,-69.965194,43.91589,2024,7.499833106994629,25.847999572753906,-11.196000099182129,245.0
4937204418,Notophthalmus viridescens,-68.055328,44.3386,2024,6.8611979484558105,23.924999237060547,-10.793749809265137,256.0
4937191629,Anaxyrus americanus,-67.84107,46.225615,2024,4.332333564758301,25.31999969482422,-17.775999069213867,212.0
4937177125,Dryophytes versicolor,-70.109109,44.013676,2024,7.176833152770996,26.152000427246094,-12.144000053405762,249.0
4937137743,Notophthalmus viridescens,-68.184132,44.33656,2024,6.956127166748047,24.92352867126465,-11.376470565795898,260.0
4937107180,Anaxyrus americanus,-70.707629,44.006411,2021,6.5938334465026855,26.559999465942383,-14.444000244140625,266.0
4937045179,Notophthalmus viridescens,-68.186172,44.342964,2024,6.956127166748047,24.92352867126465,-11.376470565795898,260.0
4937030107,Dryophytes versicolor,-69.4581,44.214221,2024,7.07016658782959,25.81999969482422,-11.932000160217285,257.0
4937011890,Anaxyrus americanus,-70.285728,45.146947,2024,3.1696667671203613,22.823999404907227,-17.743999481201172,248.0
4937010778,Notophthalmus viridescens,-69.905242,44.606945,2024,6.236500263214111,26.139999389648438,-14.812000274658203,241.0
4937008577,Anaxyrus americanus,-68.805631,45.930342,2024,3.6440000534057617,24.143999099731445,-17.86400032043457,215.0
4936963772,Anaxyrus americanus,-70.119208,44.226722,2024,6.75266695022583,26.176000595092773,-13.267999649047852,258.0
4936926803,Anaxyrus americanus,-71.000747,44.557243,2024,4.092166900634766,24.0,-16.851999282836914,218.0
4936911936,Anaxyrus americanus,-70.70485,43.962247,2024,6.5901665687561035,26.468000411987305,-14.371999740600586,268.0
4936902776,Anaxyrus americanus,-69.502358,43.950633,2024,7.555166721343994,24.763999938964844,-9.87600040435791,248.0
4936892160,Anaxyrus americanus,-69.564211,44.146686,2024,7.2143330574035645,25.77199935913086,-11.62399959564209,252.0
4936864867,Anaxyrus americanus,-70.630882,43.40784,2024,7.875333309173584,27.131999969482422,-11.248000144958496,254.0
4936842743,Dryophytes versicolor,-69.636863,44.183717,2024,7.1545000076293945,26.09600067138672,-12.168000221252441,253.0
4936832328,Notophthalmus viridescens,-69.662315,43.873993,2024,7.671229839324951,24.44761848449707,-9.295238494873047,246.0
4936776650,Anaxyrus americanus,-70.224197,45.300612,2024,4.0316667556762695,24.368000030517578,-17.59600067138672,189.0
4936776635,Anaxyrus americanus,-69.836717,43.714797,2024,7.704807758331299,24.346153259277344,-8.992307662963867,243.0
4936760421,Anaxyrus americanus,-70.239176,44.477532,2024,6.029333114624023,25.959999084472656,-14.855999946594238,260.0
4936751619,Notophthalmus viridescens,-68.234308,44.399547,2024,6.991421699523926,25.48235321044922,-11.79411792755127,259.0
4936720007,Anaxyrus americanus,-70.740447,44.847962,2024,3.816499948501587,23.947999954223633,-17.81999969482422,208.0
4936709689,Anaxyrus americanus,-69.064731,44.23644,2024,6.89965295791626,24.762500762939453,-11.337499618530273,260.0
4936707564,Anaxyrus americanus,-70.124047,44.024708,2024,7.176833152770996,26.152000427246094,-12.144000053405762,249.0
4936696769,Notophthalmus viridescens,-68.058669,44.341119,2024,6.8611979484558105,23.924999237060547,-10.793749809265137,256.0
4936668742,Anaxyrus americanus,-69.786092,43.87309,2024,,,,
4936666777,Anaxyrus americanus,-68.586691,44.413897,2024,6.983333110809326,25.555999755859375,-11.847999572753906,258.0
4936666113,Notophthalmus viridescens,-69.812435,43.811273,2024,7.709868431091309,24.947368621826172,-9.77368450164795,245.0
4936654588,Dryophytes versicolor,-69.636917,44.183917,2024,7.1545000076293945,26.09600067138672,-12.168000221252441,253.0
4936635665,Notophthalmus viridescens,-69.814361,43.807312,2024,7.709868431091309,24.947368621826172,-9.77368450164795,245.0
4936634260,Anaxyrus americanus,-70.893611,44.661944,2024,4.026666641235352,23.855998992919922,-16.895999908447266,217.0
4936607306,Anaxyrus americanus,-70.000175,45.678883,2024,3.3423335552215576,23.860000610351562,-18.43199920654297,187.0
4936541680,Anaxyrus americanus,-70.401694,43.85925,2024,7.086166858673096,26.20800018310547,-12.779999732971191,254.0
4936515419,Notophthalmus viridescens,-68.199433,44.363972,2024,6.956127166748047,24.92352867126465,-11.376470565795898,260.0
4936502235,Notophthalmus viridescens,-68.292442,44.418638,2024,7.035277843475342,25.459999084472656,-11.739999771118164,256.0
4936433527,Anaxyrus americanus,-69.106986,44.209822,2024,7.1670002937316895,25.107999801635742,-11.227999687194824,255.0
4936420052,Anaxyrus americanus,-68.850377,45.93624,2021,2.86299991607666,23.20800018310547,-18.31999969482422,222.0
4936410514,Anaxyrus americanus,-69.482514,44.411839,2024,6.719666481018066,26.027999877929688,-12.996000289916992,246.0
4936353439,Notophthalmus viridescens,-67.583529,44.607104,2024,6.418229103088379,24.170833587646484,-12.433333396911621,252.0
4936337318,Anaxyrus americanus,-68.946791,45.954537,2024,0.8833333849906921,20.895999908447266,-19.944000244140625,285.0
4936335934,Anaxyrus americanus,-70.600171,44.964072,2024,3.548166513442993,23.847999572753906,-18.18400001525879,221.0
4936283904,Anaxyrus americanus,-69.151839,44.217292,2024,6.7704997062683105,24.719999313354492,-11.696000099182129,264.0
4936276324,Notophthalmus viridescens,-70.253875,43.670555,2024,7.834469795227051,26.39545440673828,-11.068181991577148,247.0
4936172522,Anaxyrus americanus,-70.234464,43.644519,2024,8.066319465637207,26.241666793823242,-10.366666793823242,245.0
4936155794,Anaxyrus americanus,-70.685638,43.228833,2024,8.121500015258789,26.788000106811523,-10.079999923706055,256.0
4936149795,Anaxyrus americanus,-68.85349,45.919313,2022,2.86299991607666,23.20800018310547,-18.31999969482422,222.0
4936132239,Anaxyrus americanus,-69.523147,43.895262,2024,7.6572465896606445,24.326086044311523,-9.186956405639648,247.0
4936083616,Anaxyrus americanus,-70.695716,44.323235,2024,5.6601667404174805,25.496000289916992,-15.079999923706055,248.0
4936082845,Anaxyrus americanus,-70.303505,44.770485,2024,4.959833145141602,25.091999053955078,-16.40799903869629,238.0
4936056368,Anaxyrus americanus,-70.311739,45.066434,2024,3.6440000534057617,23.59200096130371,-17.399999618530273,231.0
4936051822,Anaxyrus americanus,-70.814771,44.072879,2024,6.46750020980835,26.555999755859375,-14.644000053405762,265.0
4936034744,Anaxyrus americanus,-69.626888,44.661936,2024,6.508166790008545,26.700000762939453,-14.460000038146973,216.0
4936019662,Anaxyrus americanus,-70.575794,43.45163,2024,7.876166820526123,26.868000030517578,-11.112000465393066,249.0
4935998084,Anaxyrus americanus,-70.50968,44.934662,2024,2.686833381652832,22.25200080871582,-17.86400032043457,278.0
4935976233,Anaxyrus americanus,-69.473881,43.902285,2024,7.535745620727539,24.347368240356445,-9.421052932739258,249.0
4935895214,Notophthalmus viridescens,-69.905655,44.607105,2024,6.236500263214111,26.139999389648438,-14.812000274658203,241.0
4935885789,Anaxyrus americanus,-70.455483,43.913403,2024,6.956833362579346,26.13599967956543,-13.104000091552734,257.0
4935882941,Anaxyrus americanus,-70.799023,44.469159,2024,5.67383337020874,25.871999740600586,-15.404000282287598,209.0
4935877211,Anaxyrus americanus,-70.513047,44.258883,2024,6.3451666831970215,26.408000946044922,-14.5,249.0
4935868896,Anaxyrus americanus,-70.611838,43.219987,2024,8.272282600402832,26.65217399597168,-9.547825813293457,248.0
4935816416,Anaxyrus americanus,-69.078064,44.201103,2024,7.273717880249023,25.069231033325195,-10.776923179626465,253.0
4935778741,Anaxyrus americanus,-70.74945,43.745063,2024,6.8379998207092285,26.58799934387207,-13.675999641418457,269.0
4935740150,Anaxyrus americanus,-70.695846,44.323487,2024,5.6601667404174805,25.496000289916992,-15.079999923706055,248.0
4935728826,Notophthalmus viridescens,-68.581427,46.05141,2024,3.866499900817871,24.72800064086914,-18.676000595092773,208.0
4935699050,Anaxyrus americanus,-69.147964,44.217562,2024,6.7704997062683105,24.719999313354492,-11.696000099182129,264.0
4935688346,Anaxyrus americanus,-70.704055,43.961503,2024,6.5901665687561035,26.468000411987305,-14.371999740600586,268.0
4935674135,Notophthalmus viridescens,-68.183083,44.338794,2024,6.956127166748047,24.92352867126465,-11.376470565795898,260.0
4935672997,Anaxyrus americanus,-69.631664,44.659767,2024,6.508166790008545,26.700000762939453,-14.460000038146973,216.0
4935654814,Notophthalmus viridescens,-68.186172,44.342964,2024,6.956127166748047,24.92352867126465,-11.376470565795898,260.0
4929319609,Dryophytes versicolor,-70.85666,44.56362,2024,5.023333549499512,25.011999130249023,-15.96399974822998,207.0
4929319541,Anaxyrus americanus,-70.85654,44.56372,2024,5.023333549499512,25.011999130249023,-15.96399974822998,207.0
4929319457,Anaxyrus americanus,-70.85654,44.56372,2024,5.023333549499512,25.011999130249023,-15.96399974822998,207.0
4926381023,Anaxyrus americanus,-68.874808,45.92113,2024,2.86299991607666,23.20800018310547,-18.31999969482422,222.0
4926366628,Anaxyrus americanus,-68.49561,45.197985,2024,5.890833377838135,26.307998657226562,-15.248000144958496,231.0
4926364127,Anaxyrus americanus,-68.580356,46.188145,2024,3.7843332290649414,24.784000396728516,-19.09200096130371,192.0
4926351627,Anaxyrus americanus,-68.944883,45.947156,2024,0.8833333849906921,20.895999908447266,-19.944000244140625,285.0
4926350754,Anaxyrus americanus,-68.876137,44.45108,2024,,,,
4926336845,Anaxyrus americanus,-70.266037,43.827484,2024,7.257833480834961,25.911998748779297,-11.996000289916992,251.0
4926336792,Anaxyrus americanus,-68.895737,45.921683,2024,1.9283332824707031,22.167999267578125,-19.04400062561035,247.0
4926320846,Anaxyrus americanus,-70.363922,44.042472,2024,6.886666774749756,26.31599998474121,-13.236000061035156,257.0
4926317809,Anaxyrus americanus,-68.492188,46.005495,2024,4.053666591644287,24.8439998626709,-18.38399887084961,205.0
4926310142,Notophthalmus viridescens,-70.21641,43.61058,2024,7.891848087310791,25.826087951660156,-10.265216827392578,244.0
4926295093,Anaxyrus americanus,-70.30541,43.683995,2024,7.831333160400391,26.559999465942383,-11.355999946594238,250.0
4926251638,Dryophytes versicolor,-70.889709,43.164337,2024,,,,
4926240492,Anaxyrus americanus,-70.295717,43.754322,2024,7.285333156585693,25.947999954223633,-12.027999877929688,250.0
4926224188,Anaxyrus americanus,-70.80168,45.001829,2024,3.7096667289733887,23.86400032043457,-17.899999618530273,204.0
4926219012,Anaxyrus americanus,-68.497148,45.201867,2024,5.890833377838135,26.307998657226562,-15.248000144958496,231.0
4926216064,Anaxyrus americanus,-70.593978,43.322105,2024,8.071000099182129,26.84000015258789,-10.260000228881836,252.0
4926207247,Notophthalmus viridescens,-68.224669,44.308856,2024,6.842187404632568,24.8125,-11.387499809265137,263.0
4926202094,Notophthalmus viridescens,-69.055192,44.233033,2024,6.89965295791626,24.762500762939453,-11.337499618530273,260.0
4926188336,Notophthalmus viridescens,-69.813862,43.810787,2024,7.709868431091309,24.947368621826172,-9.77368450164795,245.0
4926186569,Anaxyrus americanus,-69.080308,45.754597,2024,4.387166500091553,24.979999542236328,-17.47599983215332,196.0
4926183780,Anaxyrus americanus,-71.001572,44.237162,2024,,,,
4926172312,Dryophytes versicolor,-68.388019,44.705656,2024,6.70283317565918,26.26799964904785,-13.415999412536621,259.0
4926160687,Anaxyrus americanus,-68.518928,44.267241,2024,,,,
4926159795,Anaxyrus americanus,-70.148022,44.679531,2024,5.76633358001709,26.09200096130371,-15.859999656677246,258.0
4926155514,Anaxyrus americanus,-69.307403,44.465808,2024,6.334333419799805,25.464000701904297,-13.291999816894531,258.0
4926146661,Anaxyrus americanus,-67.516596,44.723563,2024,6.229666709899902,24.892000198364258,-13.416000366210938,251.0
4926129531,Anaxyrus americanus,-70.8814,45.062142,2024,3.509666681289673,23.607999801635742,-18.016000747680664,211.0
4926129335,Anaxyrus americanus,-68.995528,44.338719,2024,6.944999694824219,25.323999404907227,-11.652000427246094,258.0
4926115853,Anaxyrus americanus,-68.993694,44.337208,2024,6.944999694824219,25.323999404907227,-11.652000427246094,258.0
4926107282,Anaxyrus americanus,-69.0468,44.324238,2024,7.104166507720947,25.507999420166016,-11.604000091552734,255.0
4926091974,Anaxyrus americanus,-70.057232,43.999304,2024,7.223833084106445,25.983999252319336,-11.880000114440918,248.0
4926073636,Anaxyrus americanus,-70.149405,44.667367,2024,5.76633358001709,26.09200096130371,-15.859999656677246,258.0
4926072961,Anaxyrus americanus,-69.375405,45.415787,2024,4.480000019073486,24.760000228881836,-17.20400047302246,213.0
4926068779,Anaxyrus americanus,-69.59501,44.347603,2024,7.012333393096924,26.331998825073242,-12.944000244140625,243.0
4926040967,Anaxyrus americanus,-70.814319,44.420614,2024,5.888333320617676,26.148000717163086,-15.263999938964844,211.0
4926019453,Anaxyrus americanus,-70.262695,43.819892,2024,7.257833480834961,25.911998748779297,-11.996000289916992,251.0
4925999392,Anaxyrus americanus,-68.70558,44.229295,2024,,,,
4925995368,Anaxyrus americanus,-69.180078,44.21318,2024,6.935500144958496,25.07200050354004,-11.699999809265137,260.0
4925977123,Anaxyrus americanus,-68.536912,44.287272,2024,,,,
4925970276,Anaxyrus americanus,-70.83844,43.912079,2024,6.638166427612305,26.799999237060547,-14.572000503540039,275.0
4925967467,Dryophytes versicolor,-70.705362,43.09742,2024,8.609000205993652,26.968000411987305,-9.008000373840332,246.0
4925945982,Anaxyrus americanus,-70.292022,43.888012,2024,7.0985002517700195,26.167999267578125,-12.52400016784668,252.0
4925944311,Anaxyrus americanus,-70.76936,45.208954,2024,2.758833408355713,22.43199920654297,-18.420000076293945,248.0
4925932838,Anaxyrus americanus,-70.147744,44.679625,2024,5.76633358001709,26.09200096130371,-15.859999656677246,258.0
4925923287,Anaxyrus americanus,-68.90998,45.917728,2024,1.9283332824707031,22.167999267578125,-19.04400062561035,247.0
4925920750,Anaxyrus americanus,-68.877787,44.363762,2024,7.161403179168701,24.81052589416504,-10.59999942779541,252.0
4925899417,Anaxyrus americanus,-69.80172,44.287483,2024,7.03849983215332,26.45599937438965,-12.935999870300293,255.0
4925893310,Notophthalmus viridescens,-68.326242,44.397697,2024,7.011833190917969,25.464000701904297,-11.715999603271484,257.0
4925891097,Dryophytes versicolor,-70.243728,44.197412,2024,6.800333499908447,26.308000564575195,-13.300000190734863,258.0
4925883599,Anaxyrus americanus,-69.741669,45.692535,2024,3.886833429336548,24.036001205444336,-17.90399932861328,189.0
4925878632,Anaxyrus americanus,-68.425497,46.119398,2024,3.7016665935516357,24.503999710083008,-18.76799964904785,208.0
4925874828,Anaxyrus americanus,-70.8816,45.063736,2024,3.509666681289673,23.607999801635742,-18.016000747680664,211.0
4925863041,Anaxyrus americanus,-67.869911,46.721992,2024,3.7230000495910645,24.604000091552734,-18.260000228881836,183.0
4925857857,Anaxyrus americanus,-69.997283,44.417756,2024,6.501166820526123,26.24799919128418,-14.180000305175781,254.0
4925851611,Notophthalmus viridescens,-70.508618,44.590644,2024,5.55816650390625,25.691999435424805,-15.567999839782715,224.0
4925845191,Anaxyrus americanus,-70.152267,44.680534,2024,5.76633358001709,26.09200096130371,-15.859999656677246,258.0
4925837053,Dryophytes versicolor,-70.603108,43.501414,2024,7.540333271026611,26.756000518798828,-11.984000205993652,255.0
4925831165,Anaxyrus americanus,-68.877433,44.364025,2024,7.161403179168701,24.81052589416504,-10.59999942779541,252.0
4925813701,Anaxyrus americanus,-68.648314,44.229993,2024,7.239673614501953,24.669565200805664,-10.456521987915039,251.0
4924176436,Anaxyrus americanus,-70.63836,44.146598,2024,6.452166557312012,26.38800048828125,-14.51200008392334,257.0
4924172779,Anaxyrus americanus,-70.60301,43.50162,2024,7.540333271026611,26.756000518798828,-11.984000205993652,255.0
4924171048,Anaxyrus americanus,-70.14238,43.971383,2024,7.163166522979736,26.04400062561035,-12.079999923706055,249.0
4924101266,Notophthalmus viridescens,-69.662155,43.873445,2024,7.671229839324951,24.44761848449707,-9.295238494873047,246.0
4924080229,Anaxyrus americanus,-70.028158,44.319276,2024,6.668833255767822,26.13599967956543,-13.612000465393066,262.0
4924067143,Anaxyrus americanus,-68.865907,46.139165,2024,3.7266666889190674,24.45199966430664,-18.871999740600586,193.0
4924063606,Anaxyrus americanus,-69.392333,44.452542,2024,6.376500129699707,25.56399917602539,-13.303999900817871,257.0
4924058320,Anaxyrus americanus,-68.340691,44.25342,2024,7.109375,24.795833587646484,-10.866666793823242,257.0
4924051528,Anaxyrus americanus,-69.292684,43.961895,2024,,,,
4924037480,Anaxyrus americanus,-68.343833,44.245189,2024,,,,
4924013983,Anaxyrus americanus,-70.172661,44.116281,2024,7.293666362762451,26.856000900268555,-12.704000473022461,255.0
4924013706,Notophthalmus viridescens,-68.274285,44.341107,2024,6.7104997634887695,24.97599983215332,-11.85200023651123,268.0
4924001385,Anaxyrus americanus,-70.508622,43.760188,2024,7.12833309173584,26.371999740600586,-12.668000221252441,252.0
4923998970,Dryophytes versicolor,-70.465888,43.845378,2024,7.190333366394043,26.331998825073242,-12.515999794006348,253.0
4923995153,Anaxyrus americanus,-69.081269,45.7557,2024,4.387166500091553,24.979999542236328,-17.47599983215332,196.0
4923992814,Anaxyrus americanus,-70.407517,44.110101,2024,6.769166469573975,26.3799991607666,-13.54800033569336,258.0
4923969873,Anaxyrus americanus,-68.881012,45.921433,2024,1.9283332824707031,22.167999267578125,-19.04400062561035,247.0
4923953565,Anaxyrus americanus,-69.038064,44.335953,2024,6.885833263397217,25.347999572753906,-11.880000114440918,260.0
4923927711,Anaxyrus americanus,-70.396915,43.553435,2024,7.7191667556762695,26.220001220703125,-11.092000007629395,247.0
4923917010,Anaxyrus americanus,-68.306146,44.243059,2024,7.106249809265137,24.600000381469727,-10.649999618530273,254.0
4923911628,Notophthalmus viridescens,-68.238546,44.384459,2023,6.991421699523926,25.48235321044922,-11.79411792755127,259.0
4923904064,Anaxyrus americanus,-70.302114,43.951725,2024,7.020500183105469,26.1560001373291,-12.704000473022461,253.0
4923902217,Dryophytes versicolor,-70.200295,43.804008,2024,7.439930438995361,25.954166412353516,-11.441666603088379,247.0
4923890792,Anaxyrus americanus,-68.357934,44.278771,2024,7.109375,24.795833587646484,-10.866666793823242,257.0
4923885345,Anaxyrus americanus,-69.064784,44.209793,2024,6.89965295791626,24.762500762939453,-11.337499618530273,260.0
4923860430,Anaxyrus americanus,-69.517704,44.052944,2024,,,,
4923859232,Anaxyrus americanus,-69.783867,43.752617,2024,,,,
4923857115,Dryophytes versicolor,-70.066894,43.831142,2024,,,,
4923838685,Notophthalmus viridescens,-68.238856,44.383873,2023,6.991421699523926,25.48235321044922,-11.79411792755127,259.0
4923821730,Anaxyrus americanus,-70.675042,44.1369,2024,6.421833515167236,26.380001068115234,-14.619999885559082,258.0
4923821035,Anaxyrus americanus,-70.510872,43.763222,2024,7.12833309173584,26.371999740600586,-12.668000221252441,252.0
4923790581,Anaxyrus americanus,-67.145058,44.690653,2024,6.150781154632568,23.931249618530273,-12.231249809265137,245.0
4923788192,Anaxyrus americanus,-69.0717,44.335445,2024,6.846166610717773,25.38800048828125,-11.984000205993652,262.0
4923781313,Anaxyrus americanus,-68.306546,44.24351,2024,7.106249809265137,24.600000381469727,-10.649999618530273,254.0
4923778033,Anaxyrus americanus,-70.496445,44.042972,2024,6.818333148956299,26.3439998626709,-13.711999893188477,257.0
4923775670,Notophthalmus viridescens,-68.238904,44.383748,2023,6.991421699523926,25.48235321044922,-11.79411792755127,259.0
4923771669,Anaxyrus americanus,-70.313325,44.965375,2024,2.9064998626708984,22.42799949645996,-17.607999801635742,269.0
4923754228,Dryophytes versicolor,-68.569099,44.627228,2024,6.561833381652832,25.90399932861328,-13.32800006866455,263.0
4923737218,Dryophytes versicolor,-67.444478,44.732816,2024,6.336166858673096,24.847999572753906,-13.15999984741211,251.0
4923736019,Anaxyrus americanus,-70.152367,44.680488,2024,5.76633358001709,26.09200096130371,-15.859999656677246,258.0
4923722811,Anaxyrus americanus,-68.305359,44.242235,2024,7.106249809265137,24.600000381469727,-10.649999618530273,254.0
4923715013,Dryophytes versicolor,-68.060089,44.337381,2024,6.8611979484558105,23.924999237060547,-10.793749809265137,256.0
4923714365,Anaxyrus americanus,-69.395648,43.988306,2024,,,,
4923708201,Anaxyrus americanus,-68.306249,44.24308,2024,7.106249809265137,24.600000381469727,-10.649999618530273,254.0
4923704324,Dryophytes versicolor,-69.661034,43.872912,2024,7.671229839324951,24.44761848449707,-9.295238494873047,246.0
4923699210,Anaxyrus americanus,-70.6466,43.52012,2024,7.513166904449463,26.847999572753906,-12.119999885559082,256.0
4923699132,Dryophytes versicolor,-68.132211,44.382862,2024,,,,
4923698390,Notophthalmus viridescens,-68.238442,44.384632,2023,6.991421699523926,25.48235321044922,-11.79411792755127,259.0
4923690357,Anaxyrus americanus,-68.306205,44.243071,2024,7.106249809265137,24.600000381469727,-10.649999618530273,254.0
4923678080,Anaxyrus americanus,-70.329872,44.965053,2024,2.9064998626708984,22.42799949645996,-17.607999801635742,269.0
4923645272,Anaxyrus americanus,-68.305513,44.242457,2024,7.106249809265137,24.600000381469727,-10.649999618530273,254.0
4923636491,Notophthalmus viridescens,-68.237971,44.38633,2023,6.991421699523926,25.48235321044922,-11.79411792755127,259.0
4923634856,Notophthalmus viridescens,-68.237925,44.386623,2023,6.991421699523926,25.48235321044922,-11.79411792755127,259.0
4923610628,Anaxyrus americanus,-68.305324,44.242199,2024,7.106249809265137,24.600000381469727,-10.649999618530273,254.0
4923597098,Anaxyrus americanus,-70.274162,44.931867,2024,4.083499908447266,23.895999908447266,-17.003999710083008,244.0
4923595164,Notophthalmus viridescens,-68.058014,44.340347,2024,6.8611979484558105,23.924999237060547,-10.793749809265137,256.0
4923582140,Anaxyrus americanus,-69.573733,43.939781,2024,7.636666774749756,24.78999900817871,-9.744999885559082,248.0
4923578538,Notophthalmus viridescens,-70.79477,43.782817,2024,6.719333171844482,26.724000930786133,-14.131999969482422,274.0
4921988347,Anaxyrus americanus,-70.346107,44.80457,2024,5.304500102996826,25.639999389648438,-16.284000396728516,225.0
4921985151,Dryophytes versicolor,-70.378529,43.606143,2024,7.627833366394043,26.279998779296875,-11.4399995803833,247.0
4921961459,Dryophytes versicolor,-70.479499,44.336352,2024,5.912833213806152,25.70800018310547,-14.788000106811523,253.0
4921957740,Dryophytes versicolor,-70.124022,44.024795,2024,7.176833152770996,26.152000427246094,-12.144000053405762,249.0
4921882483,Dryophytes versicolor,-70.850992,43.294012,2024,7.880499839782715,27.59600067138672,-11.407999992370605,260.0
4921754368,Anaxyrus americanus,-69.77406,44.399268,2024,6.774333477020264,26.40399932861328,-13.371999740600586,242.0
4921741717,Anaxyrus americanus,-70.088019,43.823112,2024,,,,
4921707961,Dryophytes versicolor,-70.626839,43.222771,2024,8.21833324432373,26.736000061035156,-9.812000274658203,252.0
4921672506,Anaxyrus americanus,-68.802129,47.037215,2024,2.3878333568573,23.492000579833984,-20.624000549316406,207.0
4921661748,Dryophytes versicolor,-70.8945,44.1283,2024,6.535000324249268,26.91200065612793,-14.64799976348877,248.0
4921633059,Anaxyrus americanus,-70.49203,44.03001,2024,6.7841668128967285,26.211999893188477,-13.744000434875488,259.0
4921618948,Anaxyrus americanus,-67.144583,44.688553,2024,6.150781154632568,23.931249618530273,-12.231249809265137,245.0
4921598090,Dryophytes versicolor,-68.059216,44.3368,2024,6.8611979484558105,23.924999237060547,-10.793749809265137,256.0
4921557534,Notophthalmus viridescens,-69.620155,43.839451,2024,,,,
4921552448,Notophthalmus viridescens,-68.337815,44.225591,2024,,,,
4921540161,Dryophytes versicolor,-70.320975,44.412147,2024,6.188666820526123,26.007999420166016,-14.508000373840332,255.0
4921523160,Dryophytes versicolor,-70.522591,43.757172,2024,7.12833309173584,26.371999740600586,-12.668000221252441,252.0
4921502735,Dryophytes versicolor,-68.612992,44.766831,2024,6.500999927520752,26.288000106811523,-13.708000183105469,259.0
4921502522,Anaxyrus americanus,-67.833567,46.133082,2024,4.518166542053223,25.631999969482422,-17.672000885009766,216.0
4921498462,Anaxyrus americanus,-67.021836,44.864322,2024,6.387744903564453,23.47058868408203,-11.24117660522461,239.0
4921476840,Anaxyrus americanus,-68.643708,44.631083,2024,6.339666843414307,25.76799964904785,-13.503999710083008,269.0
4921466019,Anaxyrus americanus,-70.292013,43.888017,2024,7.0985002517700195,26.167999267578125,-12.52400016784668,252.0
4921444877,Anaxyrus americanus,-69.939863,43.818112,2024,7.696666717529297,24.97333335876465,-9.866666793823242,243.0
4921425691,Dryophytes versicolor,-70.522591,43.757172,2024,7.12833309173584,26.371999740600586,-12.668000221252441,252.0
4919741750,Notophthalmus viridescens,-68.075783,44.357897,2024,6.8611979484558105,23.924999237060547,-10.793749809265137,256.0
4919664560,Dryophytes versicolor,-70.628792,43.220272,2024,8.21833324432373,26.736000061035156,-9.812000274658203,252.0
4919595719,Dryophytes versicolor,-70.869253,44.049262,2024,6.543333530426025,26.836000442504883,-14.636000633239746,262.0
4919573736,Notophthalmus viridescens,-68.314261,44.335635,2013,,,,
4919553546,Dryophytes versicolor,-70.825373,44.173703,2024,6.274666786193848,26.336000442504883,-14.732000350952148,249.0
4919476715,Anaxyrus americanus,-70.093313,44.739917,2024,5.473333358764648,25.59600067138672,-16.040000915527344,254.0
4919323687,Anaxyrus americanus,-70.124153,44.024947,2024,7.176833152770996,26.152000427246094,-12.144000053405762,249.0
4919218677,Dryophytes versicolor,-68.06105,44.332878,2024,,,,
4919198697,Anaxyrus americanus,-69.298272,44.519525,2024,6.397166728973389,25.74799919128418,-13.456000328063965,251.0
4919156986,Anaxyrus americanus,-68.086072,44.629084,2024,6.308833122253418,25.444000244140625,-13.543999671936035,264.0
4919134468,Dryophytes versicolor,-69.069451,44.881564,2024,6.133333206176758,26.13599967956543,-14.723999977111816,229.0
4919133330,Anaxyrus americanus,-70.604287,43.966321,2024,6.833666801452637,26.579999923706055,-13.979999542236328,259.0
4919132492,Anaxyrus americanus,-69.1795,44.684418,2024,6.294666767120361,26.055999755859375,-14.095999717712402,241.0
4919120170,Anaxyrus americanus,-70.348591,43.569388,2020,7.8378472328186035,26.233333587646484,-10.8125,244.0
4919096345,Anaxyrus americanus,-68.164105,46.613649,2024,3.7190001010894775,24.73200035095215,-18.90399932861328,174.0
4911138188,Dryophytes versicolor,-70.518942,43.637858,2023,7.278833389282227,26.576000213623047,-12.567999839782715,249.0
4911100134,Dryophytes versicolor,-67.974606,46.027458,2024,4.2816667556762695,25.11199951171875,-17.687999725341797,219.0
4911056342,Anaxyrus americanus,-70.708333,43.969167,2024,6.5901665687561035,26.468000411987305,-14.371999740600586,268.0
4911012680,Dryophytes versicolor,-70.043113,44.193641,2024,6.796666622161865,26.128000259399414,-13.107999801635742,258.0
4911009408,Anaxyrus americanus,-70.529994,44.433391,2024,5.453833103179932,25.24799919128418,-15.276000022888184,248.0
4910890213,Anaxyrus americanus,-68.536362,44.287903,2024,,,,
4910847375,Anaxyrus americanus,-70.87805,44.114837,2024,6.605000019073486,27.107999801635742,-14.715999603271484,251.0
4910815659,Anaxyrus americanus,-68.676115,45.876471,2024,4.512666702270508,25.284000396728516,-17.288000106811523,204.0
4910784386,Notophthalmus viridescens,-69.61753,43.916755,2024,7.624275207519531,25.04347801208496,-9.960869789123535,247.0
4910754531,Anaxyrus americanus,-69.563091,44.148622,2024,7.2143330574035645,25.77199935913086,-11.62399959564209,252.0
4910749669,Anaxyrus americanus,-68.637467,44.934325,2024,6.517666816711426,26.775999069213867,-14.072000503540039,231.0
4910714031,Dryophytes versicolor,-70.439208,43.747288,2024,7.2769999504089355,26.447999954223633,-12.423999786376953,249.0
4910637517,Anaxyrus americanus,-67.136603,44.712056,2024,6.146833419799805,24.131999969482422,-12.472000122070312,243.0
4910634906,Notophthalmus viridescens,-68.210961,44.366846,2024,6.523499965667725,24.799999237060547,-12.092000007629395,271.0
4909325629,Notophthalmus viridescens,-69.032189,45.882287,2024,3.693333387374878,24.336000442504883,-18.148000717163086,199.0
4909310372,Anaxyrus americanus,-70.25843,43.809525,2024,7.257833480834961,25.911998748779297,-11.996000289916992,251.0
4909287125,Notophthalmus viridescens,-69.590753,44.067353,2024,7.418000221252441,25.711999893188477,-11.13599967956543,249.0
4909273766,Anaxyrus americanus,-70.802942,44.165231,2024,6.347833156585693,26.42799949645996,-14.684000015258789,253.0
4909238990,Dryophytes versicolor,-67.850012,46.566282,2024,3.8563332557678223,24.823999404907227,-17.95199966430664,186.0
4909221074,Dryophytes versicolor,-70.869253,44.049262,2024,6.543333530426025,26.836000442504883,-14.636000633239746,262.0
4909190980,Anaxyrus americanus,-70.871972,44.213945,2024,6.290499687194824,26.375999450683594,-14.760000228881836,244.0
4909178895,Anaxyrus americanus,-69.834327,44.086172,2024,7.121833324432373,26.059999465942383,-12.307999610900879,250.0
4909171817,Dryophytes versicolor,-70.321153,44.412113,2024,6.188666820526123,26.007999420166016,-14.508000373840332,255.0
4909171236,Anaxyrus americanus,-69.763367,44.677605,2024,6.255000114440918,26.468000411987305,-14.96399974822998,218.0
4909170521,Anaxyrus americanus,-70.631014,43.40732,2024,7.875333309173584,27.131999969482422,-11.248000144958496,254.0
4909159859,Dryophytes versicolor,-68.628016,44.61763,2021,6.58050012588501,25.93600082397461,-13.187999725341797,263.0
4909124943,Anaxyrus americanus,-70.363988,44.042553,2024,6.886666774749756,26.31599998474121,-13.236000061035156,257.0
4909085370,Dryophytes versicolor,-70.859467,43.82053,2024,6.817999839782715,27.09200096130371,-14.312000274658203,273.0
4909035344,Dryophytes versicolor,-68.715652,44.900474,2018,6.447999954223633,26.559999465942383,-13.955999374389648,229.0
4908986741,Anaxyrus americanus,-68.877555,44.364137,2024,7.161403179168701,24.81052589416504,-10.59999942779541,252.0
4908977297,Dryophytes versicolor,-70.824524,43.433693,2024,7.465333461761475,27.219999313354492,-12.104000091552734,267.0
4908966292,Anaxyrus americanus,-68.885109,44.590387,2024,6.617500305175781,25.964000701904297,-13.17199993133545,263.0
4908946660,Anaxyrus americanus,-70.988762,44.036147,2024,6.725333213806152,27.35999870300293,-14.604000091552734,263.0
4908943506,Dryophytes versicolor,-68.059242,44.336028,2024,6.8611979484558105,23.924999237060547,-10.793749809265137,256.0
4908903306,Notophthalmus viridescens,-68.059723,44.337761,2024,6.8611979484558105,23.924999237060547,-10.793749809265137,256.0
4908890846,Anaxyrus americanus,-68.603404,44.896351,2018,6.424000263214111,26.579999923706055,-13.979999542236328,234.0
4908854650,Notophthalmus viridescens,-67.154939,44.678845,2024,6.150781154632568,23.931249618530273,-12.231249809265137,245.0
4908829928,Notophthalmus viridescens,-69.8124,43.811256,2024,7.709868431091309,24.947368621826172,-9.77368450164795,245.0
4908811201,Anaxyrus americanus,-70.516197,44.926132,2024,2.686833381652832,22.25200080871582,-17.86400032043457,278.0
4908800659,Anaxyrus americanus,-70.245008,43.744181,2024,7.533522605895996,25.772727966308594,-11.022727012634277,246.0
4908704918,Dryophytes versicolor,-69.662143,43.873577,2024,7.671229839324951,24.44761848449707,-9.295238494873047,246.0
4908660036,Anaxyrus americanus,-70.607367,44.195119,2024,6.35366678237915,26.239999771118164,-14.447999954223633,255.0
4908630943,Anaxyrus americanus,-69.087117,44.201293,2024,7.210999965667725,24.988000869750977,-10.927999496459961,254.0
4908621083,Dryophytes versicolor,-68.059442,44.336042,2024,6.8611979484558105,23.924999237060547,-10.793749809265137,256.0
4908552523,Dryophytes versicolor,-70.587021,43.417281,2024,7.81083345413208,26.964000701904297,-11.371999740600586,251.0
4908509773,Anaxyrus americanus,-70.903941,44.079158,2024,6.637833595275879,27.088001251220703,-14.699999809265137,258.0
4908509658,Anaxyrus americanus,-69.605583,43.940845,2024,7.624275207519531,25.04347801208496,-9.960869789123535,247.0
4908502453,Anaxyrus americanus,-68.94425,45.888692,2024,1.3846666812896729,21.392000198364258,-19.531999588012695,278.0
4908490170,Notophthalmus viridescens,-70.39045,43.457142,2024,7.86566686630249,25.895999908447266,-10.079999923706055,244.0
4908476011,Dryophytes versicolor,-70.46532,43.94336,2024,6.998000144958496,26.336000442504883,-13.284000396728516,255.0
4908441629,Dryophytes versicolor,-68.061578,44.333012,2024,,,,
4908428602,Anaxyrus americanus,-70.864394,44.225429,2024,6.290499687194824,26.375999450683594,-14.760000228881836,244.0
4908349438,Dryophytes versicolor,-68.060942,44.332507,2024,,,,
4908345766,Anaxyrus americanus,-68.7424,44.826675,2024,6.86566686630249,27.06399917602539,-13.619999885559082,242.0
4908342995,Anaxyrus americanus,-69.893036,44.870865,2024,5.804500102996826,26.18000030517578,-16.059999465942383,219.0
4908269942,Anaxyrus americanus,-70.29197,43.887947,2024,7.0985002517700195,26.167999267578125,-12.52400016784668,252.0
4908268412,Anaxyrus americanus,-70.655914,44.291172,2024,6.017333507537842,25.884000778198242,-14.751999855041504,249.0
4908262256,Anaxyrus americanus,-68.536432,44.287619,2024,,,,
4908240671,Dryophytes versicolor,-68.653983,45.094289,2024,6.0908331871032715,26.399999618530273,-14.907999992370605,225.0
4908200758,Notophthalmus viridescens,-67.082292,44.770522,2024,,,,
4908199873,Anaxyrus americanus,-70.815095,44.197405,2024,6.274666786193848,26.336000442504883,-14.732000350952148,249.0
4908166958,Anaxyrus americanus,-69.600334,44.140694,2024,7.195333003997803,25.855998992919922,-11.776000022888184,253.0
4908162426,Anaxyrus americanus,-69.661255,44.625377,2024,6.508166790008545,26.700000762939453,-14.460000038146973,216.0
4908159345,Anaxyrus americanus,-70.283278,44.744739,2024,5.079333305358887,25.124000549316406,-16.176000595092773,249.0
4908113399,Anaxyrus americanus,-68.877533,44.36395,2024,7.161403179168701,24.81052589416504,-10.59999942779541,252.0
4908110320,Anaxyrus americanus,-69.934432,44.292837,2003,6.906833171844482,26.355998992919922,-13.392000198364258,258.0
4908106538,Dryophytes versicolor,-67.20316,44.658233,2023,,,,
4908089603,Anaxyrus americanus,-68.877625,44.363717,2024,7.161403179168701,24.81052589416504,-10.59999942779541,252.0
4908057507,Notophthalmus viridescens,-69.034425,44.328287,2024,7.0291666984558105,25.307998657226562,-11.472000122070312,255.0
4908041206,Notophthalmus viridescens,-68.999625,44.666417,2024,6.510499954223633,26.02400016784668,-13.515999794006348,256.0
4908034704,Dryophytes versicolor,-70.837908,43.362359,2024,7.757333278656006,27.5,-11.592000007629395,262.0
4907984852,Anaxyrus americanus,-68.877708,44.363778,2024,7.161403179168701,24.81052589416504,-10.59999942779541,252.0
4907979142,Anaxyrus americanus,-69.889755,43.934211,2024,7.6147918701171875,25.975000381469727,-11.114999771118164,245.0
4904351585,Dryophytes versicolor,-68.210678,44.897486,2024,5.9664998054504395,25.74799919128418,-14.543999671936035,268.0
4904312631,Anaxyrus americanus,-68.909522,45.92433,2024,1.9283332824707031,22.167999267578125,-19.04400062561035,247.0
4904281444,Notophthalmus viridescens,-70.4366,44.14792,2024,6.565000057220459,26.196001052856445,-13.85200023651123,264.0
4904268268,Dryophytes versicolor,-67.719353,44.544993,2024,6.55555534362793,23.920833587646484,-12.0,252.0
4904249800,Anaxyrus americanus,-70.151895,44.635653,2021,5.921999931335449,26.29599952697754,-15.687999725341797,259.0
4904241393,Notophthalmus viridescens,-68.264045,44.345245,2024,6.7104997634887695,24.97599983215332,-11.85200023651123,268.0
4904143909,Notophthalmus viridescens,-70.835474,44.434104,2024,5.367000102996826,25.308000564575195,-15.479999542236328,223.0
4904135833,Anaxyrus americanus,-70.587021,43.417281,2024,7.81083345413208,26.964000701904297,-11.371999740600586,251.0
4904082465,Anaxyrus americanus,-70.697205,44.095689,2024,6.677666664123535,26.739999771118164,-14.491999626159668,256.0
4904060604,Anaxyrus americanus,-70.695913,43.868865,2024,6.61299991607666,26.308000564575195,-13.915999412536621,272.0
4904045541,Notophthalmus viridescens,-68.19087,44.332223,2024,,,,
4904015507,Notophthalmus viridescens,-68.178719,44.335968,2024,6.956127166748047,24.92352867126465,-11.376470565795898,260.0
4904007175,Anaxyrus americanus,-68.87777,44.363822,2024,7.161403179168701,24.81052589416504,-10.59999942779541,252.0
4903915195,Dryophytes versicolor,-69.293717,45.462722,2024,4.0908331871032715,24.31999969482422,-17.43199920654297,213.0
4903878356,Anaxyrus americanus,-70.934661,44.238947,2024,6.256666660308838,26.336000442504883,-14.628000259399414,242.0
4903815481,Anaxyrus americanus,-68.877617,44.363792,2024,7.161403179168701,24.81052589416504,-10.59999942779541,252.0
4903776450,Dryophytes versicolor,-69.420674,45.380188,2024,4.403500080108643,24.736000061035156,-17.299999237060547,212.0
4903732269,Anaxyrus americanus,-68.088792,44.624973,2024,6.313333511352539,25.20400047302246,-13.251999855041504,267.0
4902095805,Anaxyrus americanus,-68.969812,45.90162,2024,2.928333282470703,23.375999450683594,-18.59200096130371,222.0
4902085047,Notophthalmus viridescens,-68.827269,45.918012,2024,3.6440000534057617,24.143999099731445,-17.86400032043457,215.0
4902040689,Anaxyrus americanus,-68.9091,45.915726,2024,1.7834999561309814,21.92799949645996,-19.06800079345703,257.0
4902006830,Anaxyrus americanus,-70.357227,44.026718,2022,6.89633321762085,26.172000885009766,-13.095999717712402,257.0
4901984558,Anaxyrus americanus,-70.478486,44.099902,2024,6.759666919708252,26.444000244140625,-13.772000312805176,258.0
4901984207,Anaxyrus americanus,-70.513591,43.4845,2024,7.723999977111816,26.652000427246094,-11.263999938964844,249.0
4901979777,Dryophytes versicolor,-68.590033,45.705608,2024,5.250333309173584,26.04400062561035,-16.644001007080078,212.0
4901969727,Anaxyrus americanus,-70.945739,44.214677,2024,6.256666660308838,26.336000442504883,-14.628000259399414,242.0
4901912163,Dryophytes versicolor,-69.632106,44.001961,2024,7.5192461013793945,25.538095474243164,-10.742856979370117,249.0
4901902935,Anaxyrus americanus,-70.792412,44.032886,2024,6.287166595458984,26.187999725341797,-14.680000305175781,280.0
4901859688,Notophthalmus viridescens,-69.81184,43.812832,2024,7.709868431091309,24.947368621826172,-9.77368450164795,245.0
4901838623,Dryophytes versicolor,-70.648898,44.289259,2024,6.017333507537842,25.884000778198242,-14.751999855041504,249.0
4901817499,Anaxyrus americanus,-70.719436,43.556672,2024,7.306333065032959,26.899999618530273,-12.644000053405762,263.0
4901815136,Dryophytes versicolor,-70.199381,44.080358,2024,7.302000045776367,26.736000061035156,-12.460000038146973,253.0
4901766019,Anaxyrus americanus,-68.877542,44.364105,2024,7.161403179168701,24.81052589416504,-10.59999942779541,252.0
4901764150,Notophthalmus viridescens,-68.273335,44.338465,2023,6.7104997634887695,24.97599983215332,-11.85200023651123,268.0
4901760282,Anaxyrus americanus,-69.87838,43.93608,2024,7.6147918701171875,25.975000381469727,-11.114999771118164,245.0
4901758841,Anaxyrus americanus,-70.259537,43.822258,2024,7.257833480834961,25.911998748779297,-11.996000289916992,251.0
4901680053,Anaxyrus americanus,-68.909854,45.921995,2024,1.9283332824707031,22.167999267578125,-19.04400062561035,247.0
4901667580,Anaxyrus americanus,-68.978028,45.9002,2024,2.928333282470703,23.375999450683594,-18.59200096130371,222.0
4901665544,Anaxyrus americanus,-68.877725,44.364138,2024,7.161403179168701,24.81052589416504,-10.59999942779541,252.0
4901639913,Anaxyrus americanus,-68.306167,44.47575,2024,6.888999938964844,25.687999725341797,-12.208000183105469,258.0
4901631547,Dryophytes versicolor,-70.199449,44.080292,2024,7.302000045776367,26.736000061035156,-12.460000038146973,253.0
4901597018,Dryophytes versicolor,-69.660812,43.87207,2024,7.671229839324951,24.44761848449707,-9.295238494873047,246.0
4901589610,Anaxyrus americanus,-69.01542,45.997782,2024,2.618499994277954,23.148000717163086,-19.176000595092773,221.0
4901453458,Notophthalmus viridescens,-69.110609,44.672291,2021,6.130166530609131,25.68000030517578,-14.04800033569336,256.0
4901413167,Dryophytes versicolor,-70.719426,43.556924,2024,7.306333065032959,26.899999618530273,-12.644000053405762,263.0
4901351415,Dryophytes versicolor,-70.864578,43.163161,2024,,,,
4901336017,Dryophytes versicolor,-70.888973,43.330913,2024,7.94083309173584,27.86400032043457,-11.527999877929688,255.0
4901303042,Anaxyrus americanus,-68.877655,44.363888,2024,7.161403179168701,24.81052589416504,-10.59999942779541,252.0
4901253950,Dryophytes versicolor,-70.124364,44.041037,2024,7.176833152770996,26.152000427246094,-12.144000053405762,249.0
4901217722,Anaxyrus americanus,-70.808547,44.217433,2024,6.143166542053223,26.1560001373291,-14.855999946594238,247.0
4901198681,Notophthalmus viridescens,-69.095534,44.448765,2024,6.9006667137146,25.979999542236328,-12.404000282287598,258.0
4901168825,Anaxyrus americanus,-70.070863,43.998042,2024,7.223833084106445,25.983999252319336,-11.880000114440918,248.0
4901166141,Anaxyrus americanus,-68.90918,45.92245,2024,1.9283332824707031,22.167999267578125,-19.04400062561035,247.0
4901159564,Dryophytes versicolor,-70.352944,43.596183,2024,7.789999961853027,26.375999450683594,-11.175999641418457,247.0
4901154005,Anaxyrus americanus,-69.285362,43.99062,2024,7.543750286102295,24.012500762939453,-9.193750381469727,248.0
4901097983,Anaxyrus americanus,-70.083786,43.862063,2024,7.414311408996582,25.791303634643555,-11.343478202819824,247.0
4901079940,Notophthalmus viridescens,-68.648314,44.229993,2024,7.239673614501953,24.669565200805664,-10.456521987915039,251.0
4901070276,Anaxyrus americanus,-68.817345,45.919435,2024,3.6440000534057617,24.143999099731445,-17.86400032043457,215.0
4901064200,Notophthalmus viridescens,-68.240233,44.382371,2023,6.991421699523926,25.48235321044922,-11.79411792755127,259.0
4901051365,Anaxyrus americanus,-70.809197,44.216095,2024,6.143166542053223,26.1560001373291,-14.855999946594238,247.0
4901048672,Dryophytes versicolor,-70.648893,44.289636,2024,6.017333507537842,25.884000778198242,-14.751999855041504,249.0
4901041648,Notophthalmus viridescens,-68.9654,45.869788,2024,4.191666603088379,24.823999404907227,-17.615999221801758,201.0
4901016671,Anaxyrus americanus,-68.749162,45.84903,2024,4.250833511352539,25.04800033569336,-17.691999435424805,213.0
4901007278,Anaxyrus americanus,-70.840404,44.173982,2024,6.3125,26.420000076293945,-14.699999809265137,249.0
4901005976,Dryophytes versicolor,-70.871623,43.509276,2024,7.195666790008545,27.035999298095703,-12.835999488830566,269.0
4900997137,Dryophytes versicolor,-69.208533,43.959454,2024,7.46600866317749,23.947368621826172,-9.310526847839355,247.0
4900977169,Anaxyrus americanus,-68.675837,44.871172,2024,6.613666534423828,26.719999313354492,-13.739999771118164,235.0
4900922912,Anaxyrus americanus,-70.799641,43.602523,2024,7.112333297729492,27.059999465942383,-13.204000473022461,269.0
4900897734,Anaxyrus americanus,-70.703692,43.964845,2024,6.5901665687561035,26.468000411987305,-14.371999740600586,268.0
4892225797,Notophthalmus viridescens,-69.607192,44.092336,2024,7.291666507720947,25.81599998474121,-11.53600025177002,252.0
4892189571,Dryophytes versicolor,-70.545435,43.343496,2024,8.045666694641113,26.70800018310547,-10.303999900817871,248.0
4892151245,Anaxyrus americanus,-70.312425,44.003722,2024,6.954333305358887,26.20400047302246,-12.847999572753906,255.0
4892129194,Notophthalmus viridescens,-69.318863,43.993503,2024,,,,
4892075774,Notophthalmus viridescens,-69.108735,44.650536,2024,6.310666561126709,25.775999069213867,-13.711999893188477,253.0
4892033052,Dryophytes versicolor,-68.71769,45.267227,2024,5.744999885559082,26.163999557495117,-15.496000289916992,219.0
4892004072,Notophthalmus viridescens,-68.075142,44.357128,2024,6.8611979484558105,23.924999237060547,-10.793749809265137,256.0
4892000841,Anaxyrus americanus,-69.074883,44.229612,2024,6.89965295791626,24.762500762939453,-11.337499618530273,260.0
4891970940,Notophthalmus viridescens,-69.662247,43.874092,2024,7.671229839324951,24.44761848449707,-9.295238494873047,246.0
4891965628,Dryophytes versicolor,-67.418877,44.832515,2024,6.192999839782715,25.06800079345703,-13.692000389099121,248.0
4891955305,Anaxyrus americanus,-69.187103,44.373208,2024,6.91616678237915,25.700000762939453,-12.14799976348877,259.0
4891942149,Anaxyrus americanus,-70.100433,45.25042,2024,3.687833309173584,23.804000854492188,-17.788000106811523,217.0
4891919154,Anaxyrus americanus,-68.966499,46.028946,2024,2.695833206176758,23.40399932861328,-19.3439998626709,214.0
4891870248,Anaxyrus americanus,-68.794113,45.914787,2024,4.039999961853027,24.6200008392334,-17.56800079345703,205.0
4891860948,Dryophytes versicolor,-70.846283,44.46605,2024,5.41349983215332,25.52400016784668,-15.519999504089355,211.0
4891851202,Anaxyrus americanus,-70.344758,43.749828,2024,7.359166622161865,26.09600067138672,-11.97599983215332,251.0
4891796363,Dryophytes versicolor,-70.390964,43.454382,2024,7.86566686630249,25.895999908447266,-10.079999923706055,244.0
4891790948,Anaxyrus americanus,-68.753353,45.928774,2024,4.166833400726318,24.847999572753906,-17.555999755859375,208.0
4891744004,Anaxyrus americanus,-70.581459,43.926453,2024,7.019999980926514,26.531999588012695,-13.184000015258789,256.0
4891736581,Anaxyrus americanus,-69.318803,43.993691,2024,,,,
4891717066,Anaxyrus americanus,-69.014471,46.000539,2024,2.809499979019165,23.535999298095703,-19.351999282836914,209.0
4891662897,Anaxyrus americanus,-68.907814,45.989389,2024,2.9559998512268066,23.40399932861328,-18.56800079345703,214.0
4891662390,Anaxyrus americanus,-67.151618,44.695037,2024,6.150781154632568,23.931249618530273,-12.231249809265137,245.0
4891643954,Anaxyrus americanus,-69.003338,46.004949,2024,2.809499979019165,23.535999298095703,-19.351999282836914,209.0
4891625427,Anaxyrus americanus,-68.883343,45.921368,2024,1.9283332824707031,22.167999267578125,-19.04400062561035,247.0
4875548004,Anaxyrus americanus,-70.6487,44.288835,2024,6.017333507537842,25.884000778198242,-14.751999855041504,249.0
4875518403,Dryophytes versicolor,-70.420263,45.137611,2024,4.193166732788086,24.516000747680664,-17.447999954223633,203.0
4875498599,Notophthalmus viridescens,-68.322075,44.393745,2024,7.011833190917969,25.464000701904297,-11.715999603271484,257.0
4875446478,Anaxyrus americanus,-70.258553,43.82402,2024,7.257833480834961,25.911998748779297,-11.996000289916992,251.0
4875418345,Dryophytes versicolor,-68.764542,44.82558,2024,7.00333309173584,27.31999969482422,-13.616000175476074,244.0
4875378771,Anaxyrus americanus,-70.017258,43.893486,2024,7.3520002365112305,25.6560001373291,-11.315999984741211,246.0
4875355607,Anaxyrus americanus,-70.797225,44.757755,2024,3.443000078201294,23.239999771118164,-17.65999984741211,230.0
4875300647,Notophthalmus viridescens,-70.698105,44.154896,2024,6.421833515167236,26.380001068115234,-14.619999885559082,258.0
4875275024,Anaxyrus americanus,-70.948087,44.21402,2024,6.256666660308838,26.336000442504883,-14.628000259399414,242.0
4875271343,Dryophytes versicolor,-70.649633,44.289282,2024,6.017333507537842,25.884000778198242,-14.751999855041504,249.0
4875241422,Anaxyrus americanus,-69.038069,45.943797,2024,2.3434998989105225,22.68400001525879,-19.200000762939453,238.0
4875221202,Anaxyrus americanus,-70.605097,43.377273,2024,7.929999828338623,26.968000411987305,-11.015999794006348,252.0
4875206799,Notophthalmus viridescens,-70.459585,43.877341,2024,7.081833362579346,26.34000015258789,-12.895999908447266,254.0
4875119472,Dryophytes versicolor,-70.213481,43.746754,2024,7.533522605895996,25.772727966308594,-11.022727012634277,246.0
4875106992,Dryophytes versicolor,-68.295082,44.414257,2024,7.011833190917969,25.464000701904297,-11.715999603271484,257.0
4875056297,Anaxyrus americanus,-70.21575,44.452344,2024,6.128499984741211,26.040000915527344,-14.684000015258789,262.0
4875004180,Anaxyrus americanus,-69.020704,45.949593,2024,2.3434998989105225,22.68400001525879,-19.200000762939453,238.0
4872643534,Anaxyrus americanus,-70.039096,43.983162,2024,7.241166591644287,25.959999084472656,-11.82800006866455,247.0
4872628897,Anaxyrus americanus,-68.884493,45.921179,2024,1.9283332824707031,22.167999267578125,-19.04400062561035,247.0
4872615443,Notophthalmus viridescens,-68.056861,44.344242,2024,6.8611979484558105,23.924999237060547,-10.793749809265137,256.0
4872613982,Dryophytes versicolor,-69.661565,43.872559,2024,7.671229839324951,24.44761848449707,-9.295238494873047,246.0
4872595435,Anaxyrus americanus,-69.729482,43.980761,2024,7.476333141326904,25.527999877929688,-10.767999649047852,249.0
4872576529,Dryophytes versicolor,-68.643653,44.631413,2024,6.339666843414307,25.76799964904785,-13.503999710083008,269.0
4872538612,Anaxyrus americanus,-69.800696,43.819402,2024,7.709868431091309,24.947368621826172,-9.77368450164795,245.0
4872518155,Notophthalmus viridescens,-69.595258,43.990763,2024,7.512666702270508,25.215999603271484,-10.407999992370605,248.0
4872515685,Notophthalmus viridescens,-68.532124,45.364362,2024,5.729499816894531,26.299999237060547,-15.776000022888184,228.0
4872494473,Anaxyrus americanus,-68.360824,44.295556,2024,6.921166896820068,24.908000946044922,-11.420000076293945,262.0
4872488141,Anaxyrus americanus,-70.658964,43.620694,2024,7.306833267211914,26.823999404907227,-12.696000099182129,258.0
4872476675,Anaxyrus americanus,-69.8452,43.971714,2024,,,,
4872474812,Anaxyrus americanus,-69.013766,45.955181,2024,2.3434998989105225,22.68400001525879,-19.200000762939453,238.0
4872474529,Notophthalmus viridescens,-70.793672,43.688383,2024,6.944333553314209,26.988000869750977,-13.711999893188477,269.0
4872464038,Anaxyrus americanus,-68.995594,44.338858,2024,6.944999694824219,25.323999404907227,-11.652000427246094,258.0
4872460296,Anaxyrus americanus,-69.411072,45.620045,2024,2.7136666774749756,22.86400032043457,-18.711999893188477,241.0
4872450953,Anaxyrus americanus,-69.04992,45.991824,2024,3.123166561126709,23.8439998626709,-18.899999618530273,205.0
4872433093,Anaxyrus americanus,-70.886215,43.335867,2024,7.756499767303467,27.68000030517578,-11.748000144958496,260.0
4872382239,Anaxyrus americanus,-68.541075,46.076204,2024,3.862333297729492,24.68400001525879,-18.59600067138672,205.0
4872368872,Dryophytes versicolor,-70.265,43.823383,2024,7.257833480834961,25.911998748779297,-11.996000289916992,251.0
4872344214,Anaxyrus americanus,-70.260872,43.820842,2024,7.257833480834961,25.911998748779297,-11.996000289916992,251.0
4872328671,Dryophytes versicolor,-70.139344,44.673062,2024,5.76633358001709,26.09200096130371,-15.859999656677246,258.0
4872293153,Dryophytes versicolor,-69.70583,44.765478,2024,6.23966646194458,26.6560001373291,-15.184000015258789,213.0
4872279796,Notophthalmus viridescens,-70.287538,43.676767,2024,7.834469795227051,26.39545440673828,-11.068181991577148,247.0
4872260051,Notophthalmus viridescens,-68.660355,44.90252,2024,6.609499931335449,26.81999969482422,-13.807999610900879,231.0
4872259070,Notophthalmus viridescens,-68.598454,46.135975,2024,3.933166742324829,24.88800048828125,-18.8439998626709,193.0
4872238865,Anaxyrus americanus,-68.414784,46.02598,2024,4.265999794006348,25.1200008392334,-18.224000930786133,205.0
4872230918,Anaxyrus americanus,-70.846017,44.440883,2024,5.367000102996826,25.308000564575195,-15.479999542236328,223.0
4872216196,Anaxyrus americanus,-70.804354,43.231437,2024,8.292166709899902,27.76799964904785,-10.619999885559082,253.0
4872209202,Dryophytes versicolor,-70.111913,43.839868,2024,7.414311408996582,25.791303634643555,-11.343478202819824,247.0
4872204708,Dryophytes versicolor,-69.754525,43.969324,2024,7.450000286102295,25.676000595092773,-11.104000091552734,248.0
4872202922,Notophthalmus viridescens,-69.01164,45.889467,2024,3.693333387374878,24.336000442504883,-18.148000717163086,199.0
4872189788,Anaxyrus americanus,-68.536833,44.287483,2024,,,,
4872174236,Dryophytes versicolor,-69.415884,44.174573,2024,7.148499965667725,25.652000427246094,-11.607999801635742,254.0
4872168513,Dryophytes versicolor,-70.384852,43.567095,2024,7.7191667556762695,26.220001220703125,-11.092000007629395,247.0
4872152298,Anaxyrus americanus,-69.637153,44.184158,2024,7.1545000076293945,26.09600067138672,-12.168000221252441,253.0
4872142306,Anaxyrus americanus,-68.593063,46.030597,2024,4.232500076293945,25.016000747680664,-18.20800018310547,199.0
4872127558,Anaxyrus americanus,-69.129183,44.906208,2024,6.075333118438721,26.139999389648438,-14.868000030517578,227.0
4872111700,Dryophytes versicolor,-70.758474,43.24079,2024,8.242166519165039,27.468000411987305,-10.404000282287598,254.0
4872105067,Dryophytes versicolor,-70.189163,44.095962,2024,7.293666362762451,26.856000900268555,-12.704000473022461,255.0
4872101010,Notophthalmus viridescens,-70.911622,44.471492,2024,4.755000114440918,24.52400016784668,-15.824000358581543,230.0
4872079759,Dryophytes versicolor,-68.446143,45.996432,2024,4.515999794006348,25.492000579833984,-17.724000930786133,203.0
4872074038,Anaxyrus americanus,-68.409204,46.075263,2024,4.1066670417785645,24.964000701904297,-18.411998748779297,203.0
4872073351,Notophthalmus viridescens,-68.586691,44.413897,2024,6.983333110809326,25.555999755859375,-11.847999572753906,258.0
4872070628,Notophthalmus viridescens,-70.850383,44.232565,2024,6.290499687194824,26.375999450683594,-14.760000228881836,244.0
4872055805,Anaxyrus americanus,-68.877708,44.363905,2024,7.161403179168701,24.81052589416504,-10.59999942779541,252.0
4872035856,Anaxyrus americanus,-68.98139,46.151379,2024,3.6019999980926514,24.492000579833984,-18.95599937438965,189.0
4872030273,Anaxyrus americanus,-70.83041,44.324288,2024,5.793333530426025,25.715999603271484,-15.027999877929688,234.0
4872026830,Dryophytes versicolor,-70.44641,43.74709,2024,7.2769999504089355,26.447999954223633,-12.423999786376953,249.0
4872024353,Anaxyrus americanus,-70.851845,43.470233,2024,7.2843337059021,27.131999969482422,-12.552000045776367,269.0
4868136343,Notophthalmus viridescens,-71.004058,44.28308,2024,,,,
4868111248,Anaxyrus americanus,-70.308403,43.674797,2024,7.831333160400391,26.559999465942383,-11.355999946594238,250.0
4868108113,Dryophytes versicolor,-70.181846,43.65742,2021,,,,
4868087195,Dryophytes versicolor,-70.75848,43.240781,2024,8.242166519165039,27.468000411987305,-10.404000282287598,254.0
4868070364,Notophthalmus viridescens,-69.543136,44.71754,2024,6.2848334312438965,26.483999252319336,-14.791999816894531,215.0
4868059383,Notophthalmus viridescens,-70.399063,43.459349,2024,7.868287086486816,26.205554962158203,-10.466666221618652,244.0
4868019662,Anaxyrus americanus,-70.869253,44.049262,2024,6.543333530426025,26.836000442504883,-14.636000633239746,262.0
4867987308,Anaxyrus americanus,-69.156267,44.209512,2024,6.7704997062683105,24.719999313354492,-11.696000099182129,264.0
4867968997,Anaxyrus americanus,-70.631774,43.381928,2024,7.875333309173584,27.131999969482422,-11.248000144958496,254.0
4867944633,Dryophytes versicolor,-68.820162,44.751933,2024,6.811333179473877,26.88800048828125,-13.595999717712402,246.0
4867883276,Anaxyrus americanus,-68.850679,45.937956,2024,2.86299991607666,23.20800018310547,-18.31999969482422,222.0
4867870932,Dryophytes versicolor,-68.820222,44.751475,2024,6.811333179473877,26.88800048828125,-13.595999717712402,246.0
4867855077,Dryophytes versicolor,-68.820192,44.751197,2024,6.811333179473877,26.88800048828125,-13.595999717712402,246.0
4867703878,Notophthalmus viridescens,-69.063985,45.909918,2024,3.7096667289733887,24.392000198364258,-18.18000030517578,198.0
4867694047,Notophthalmus viridescens,-69.490419,44.434378,2024,6.68149995803833,26.11600112915039,-13.255999565124512,243.0
4867639153,Anaxyrus americanus,-68.969965,45.901495,2024,2.928333282470703,23.375999450683594,-18.59200096130371,222.0
4867632054,Anaxyrus americanus,-69.49414,44.261872,2024,6.956166744232178,25.847999572753906,-12.319999694824219,258.0
4867578241,Anaxyrus americanus,-69.077534,45.755763,2024,4.387166500091553,24.979999542236328,-17.47599983215332,196.0
4867569998,Notophthalmus viridescens,-68.765532,44.826253,2024,7.00333309173584,27.31999969482422,-13.616000175476074,244.0
4863853012,Anaxyrus americanus,-69.729123,43.980738,2020,7.476333141326904,25.527999877929688,-10.767999649047852,249.0
4863760027,Notophthalmus viridescens,-68.559036,46.015297,2024,4.04283332824707,24.823999404907227,-18.392000198364258,206.0
4863728553,Anaxyrus americanus,-68.508767,46.097551,2024,3.757833480834961,24.552000045776367,-18.8439998626709,205.0
4863636701,Anaxyrus americanus,-70.432,43.581858,2024,7.587833404541016,26.25200080871582,-11.392000198364258,250.0
4863596166,Anaxyrus americanus,-68.959913,44.774988,2024,6.484833240509033,26.331998825073242,-13.904000282287598,239.0
4863583311,Notophthalmus viridescens,-70.824845,44.421897,2024,5.888333320617676,26.148000717163086,-15.263999938964844,211.0
4863582579,Notophthalmus viridescens,-68.751505,44.717312,2024,6.747833251953125,26.576000213623047,-13.479999542236328,251.0
4863443317,Notophthalmus viridescens,-68.739609,44.8585,2024,6.577000141143799,26.696001052856445,-13.859999656677246,237.0
4855549713,Anaxyrus americanus,-68.450387,44.246537,2024,,,,
4855270768,Dryophytes versicolor,-70.397592,43.399867,2024,,,,
4855269966,Notophthalmus viridescens,-70.594117,43.322005,2023,8.071000099182129,26.84000015258789,-10.260000228881836,252.0
4855148487,Anaxyrus americanus,-68.88372,44.356808,2024,7.161403179168701,24.81052589416504,-10.59999942779541,252.0
4854897780,Notophthalmus viridescens,-69.024826,44.6502,2024,6.457666397094727,25.916000366210938,-13.52400016784668,256.0
4854872878,Anaxyrus americanus,-69.637122,44.184108,2024,7.1545000076293945,26.09600067138672,-12.168000221252441,253.0
4854844445,Anaxyrus americanus,-70.650898,44.318355,2024,5.928833484649658,25.84000015258789,-14.871999740600586,242.0
4853203056,Notophthalmus viridescens,-69.815613,43.91211,2024,,,,
4853001208,Anaxyrus americanus,-70.029441,43.945542,2024,7.269333362579346,25.775999069213867,-11.619999885559082,248.0
4852929123,Dryophytes versicolor,-70.719871,43.27993,2022,8.107166290283203,27.288000106811523,-10.53600025177002,253.0
4852912789,Dryophytes versicolor,-70.922433,43.188338,2023,,,,
4852842962,Notophthalmus viridescens,-70.287888,43.676345,2024,7.834469795227051,26.39545440673828,-11.068181991577148,247.0
4852655583,Anaxyrus americanus,-70.432013,43.581863,2024,7.587833404541016,26.25200080871582,-11.392000198364258,250.0
4852558805,Anaxyrus americanus,-68.94277,46.027322,2019,2.5945000648498535,23.256000518798828,-19.288000106811523,219.0
4852543480,Anaxyrus americanus,-68.87899,44.205617,2024,,,,
4852294280,Anaxyrus americanus,-70.650898,44.318355,2024,5.928833484649658,25.84000015258789,-14.871999740600586,242.0
4847165733,Anaxyrus americanus,-68.874895,44.36428,2024,,,,
4847150141,Anaxyrus americanus,-70.475905,43.59902,2024,7.436833381652832,26.43199920654297,-11.996000289916992,250.0
4847143673,Anaxyrus americanus,-70.7808,44.417887,2024,5.695499897003174,25.836000442504883,-15.35200023651123,219.0
4847129853,Anaxyrus americanus,-68.888878,44.354905,2024,7.161403179168701,24.81052589416504,-10.59999942779541,252.0
4847113185,Anaxyrus americanus,-68.923425,44.830052,2024,6.423500061035156,26.40399932861328,-14.12399959564209,238.0
4847081286,Notophthalmus viridescens,-68.726058,44.860035,2024,6.577000141143799,26.696001052856445,-13.859999656677246,237.0
4847013228,Notophthalmus viridescens,-68.92283,44.830021,2024,6.423500061035156,26.40399932861328,-14.12399959564209,238.0
4846981591,Notophthalmus viridescens,-70.647523,44.293005,2024,5.928833484649658,25.84000015258789,-14.871999740600586,242.0
4846959111,Notophthalmus viridescens,-70.647599,44.293402,2024,5.928833484649658,25.84000015258789,-14.871999740600586,242.0
4846912410,Notophthalmus viridescens,-70.647103,44.288198,2024,6.017333507537842,25.884000778198242,-14.751999855041504,249.0
4846881052,Anaxyrus americanus,-69.621503,43.979125,2024,7.512666702270508,25.215999603271484,-10.407999992370605,248.0
4846822543,Anaxyrus americanus,-70.141122,44.672005,2024,5.76633358001709,26.09200096130371,-15.859999656677246,258.0
4846794351,Anaxyrus americanus,-69.335831,44.607578,2024,6.595666885375977,26.360000610351562,-13.748000144958496,233.0
4607644172,Anaxyrus americanus,-69.950069,43.877,2024,7.652651786804199,25.950000762939453,-10.940909385681152,245.0
4607144369,Dryophytes versicolor,-70.668965,43.442218,2019,7.795666694641113,27.336000442504883,-11.592000007629395,257.0
4607008880,Anaxyrus americanus,-67.89811,45.973246,2023,4.691999912261963,25.73200035095215,-17.236000061035156,216.0
4606996877,Notophthalmus viridescens,-68.590881,44.430022,2016,6.7786664962768555,25.579999923706055,-12.296000480651855,262.0
4606951812,Anaxyrus americanus,-69.784025,43.87301,2024,,,,
4606626713,Anaxyrus americanus,-70.676063,43.62398,2023,7.287166595458984,26.90799903869629,-12.86400032043457,260.0
4597542127,Notophthalmus viridescens,-69.469694,45.395055,2019,4.255666732788086,24.604000091552734,-17.464000701904297,208.0
4597018840,Dryophytes versicolor,-69.516098,44.39686,2022,6.782833099365234,26.18400001525879,-13.084000587463379,243.0
4596987936,Notophthalmus viridescens,-69.812874,44.307826,2024,7.05316686630249,26.607999801635742,-13.043999671936035,254.0
4535727192,Dryophytes versicolor,-69.278294,44.875086,2012,6.104666709899902,26.284000396728516,-15.14799976348877,221.0
4527922284,Anaxyrus americanus,-70.054726,44.301734,2021,6.735833644866943,26.260000228881836,-13.652000427246094,261.0
4522608494,Anaxyrus americanus,-70.187694,44.261357,2023,6.728166580200195,26.399999618530273,-13.640000343322754,260.0
4522484218,Anaxyrus americanus,-69.33342,44.603261,2023,6.595666885375977,26.360000610351562,-13.748000144958496,233.0
4519253923,Notophthalmus viridescens,-68.730818,44.735989,2023,6.654333114624023,26.420000076293945,-13.539999961853027,256.0
4519182480,Notophthalmus viridescens,-68.253395,44.32343,2023,6.8730902671813965,24.825000762939453,-11.345832824707031,263.0
4519125017,Dryophytes versicolor,-69.7488,44.313691,2022,7.083166599273682,26.652000427246094,-13.015999794006348,248.0
4519051357,Anaxyrus americanus,-68.330867,44.300984,2020,,,,
4516706172,Anaxyrus americanus,-68.958445,45.992322,2019,1.8828333616256714,22.260000228881836,-19.535999298095703,244.0
4516689739,Anaxyrus americanus,-69.660248,43.873615,2023,7.671229839324951,24.44761848449707,-9.295238494873047,246.0
4516653181,Dryophytes versicolor,-70.352133,43.595662,2023,7.789999961853027,26.375999450683594,-11.175999641418457,247.0
4516243895,Notophthalmus viridescens,-68.433331,44.659264,2023,6.656499862670898,26.059999465942383,-13.34000015258789,262.0
4510387052,Notophthalmus viridescens,-68.929505,44.444545,2023,6.905555725097656,25.799999237060547,-12.208333015441895,256.0
4510186077,Anaxyrus americanus,-69.135986,44.208679,2023,6.7704997062683105,24.719999313354492,-11.696000099182129,264.0
4510183081,Anaxyrus americanus,-69.135986,44.208679,2023,6.7704997062683105,24.719999313354492,-11.696000099182129,264.0
4510178818,Dryophytes versicolor,-70.917786,43.725178,2023,6.673666477203369,26.687999725341797,-13.843999862670898,285.0
4510147101,Dryophytes versicolor,-68.95096,46.18157,2023,3.752333402633667,24.59200096130371,-18.90799903869629,182.0
4509998910,Dryophytes versicolor,-69.386307,44.458766,2023,6.460000038146973,25.860000610351562,-13.404000282287598,248.0
4507654978,Notophthalmus viridescens,-68.809325,44.386642,2023,,,,
4506443186,Anaxyrus americanus,-69.067899,44.224541,2023,6.89965295791626,24.762500762939453,-11.337499618530273,260.0
4506423924,Dryophytes versicolor,-68.963642,44.495427,2023,6.820000171661377,25.86400032043457,-12.531999588012695,259.0
4506419337,Anaxyrus americanus,-69.049125,45.887842,2019,3.7096667289733887,24.392000198364258,-18.18000030517578,198.0
4506415078,Anaxyrus americanus,-70.242858,45.158058,2023,3.6005001068115234,23.440000534057617,-17.559999465942383,228.0
4506414888,Dryophytes versicolor,-70.015261,44.791133,2023,5.517000198364258,25.63599967956543,-16.035999298095703,245.0
4506412054,Anaxyrus americanus,-69.084192,44.252895,2023,7.117166519165039,25.332000732421875,-11.54800033569336,257.0
4506410116,Anaxyrus americanus,-68.580958,47.250129,2023,2.994499921798706,24.399999618530273,-20.652000427246094,195.0
4506408994,Anaxyrus americanus,-70.746789,44.69491,2023,4.929333209991455,25.139999389648438,-16.27199935913086,195.0
4506396126,Anaxyrus americanus,-70.276443,43.878242,2023,7.1610002517700195,26.07200050354004,-12.284000396728516,249.0
4506393078,Anaxyrus americanus,-70.271627,44.487791,2023,6.169166564941406,26.163999557495117,-14.776000022888184,252.0
4506392851,Anaxyrus americanus,-70.159211,43.827362,2023,7.479545593261719,25.82272720336914,-11.159090995788574,245.0
4506390962,Anaxyrus americanus,-70.847192,44.461497,2023,5.41349983215332,25.52400016784668,-15.519999504089355,211.0
4506389078,Dryophytes versicolor,-68.350478,44.467983,2023,,,,
4506388137,Anaxyrus americanus,-70.297819,44.485849,2023,6.169333457946777,26.20400047302246,-14.85200023651123,248.0
4506388066,Anaxyrus americanus,-70.274396,43.630184,2023,8.122618675231934,26.60952377319336,-10.671428680419922,248.0
4506384958,Anaxyrus americanus,-70.688764,43.36466,2023,7.914666652679443,27.211999893188477,-11.071999549865723,256.0
4506378019,Anaxyrus americanus,-68.591037,44.550881,2023,6.695666790008545,25.940000534057617,-12.979999542236328,262.0
4506253842,Dryophytes versicolor,-70.261126,43.832913,2023,7.257833480834961,25.911998748779297,-11.996000289916992,251.0
4506247853,Dryophytes versicolor,-70.190789,43.954366,2023,7.1551666259765625,25.959999084472656,-12.079999923706055,250.0
4506238961,Anaxyrus americanus,-70.858558,43.998272,2023,6.676499843597412,26.983999252319336,-14.600000381469727,267.0
4506238089,Dryophytes versicolor,-69.063422,45.145089,2023,5.566333293914795,25.72800064086914,-15.699999809265137,223.0
4506236053,Anaxyrus americanus,-70.083511,44.008153,2023,7.176833152770996,26.152000427246094,-12.144000053405762,249.0
4506235994,Anaxyrus americanus,-67.158054,44.698667,2023,6.150781154632568,23.931249618530273,-12.231249809265137,245.0
4506227145,Anaxyrus americanus,-70.789881,44.404373,2023,5.93916654586792,26.236000061035156,-15.196000099182129,220.0
4506224071,Anaxyrus americanus,-69.7855,43.844312,2023,,,,
4506218987,Anaxyrus americanus,-70.902757,43.915319,2023,6.578000068664551,26.691999435424805,-14.5,282.0
4506212084,Dryophytes versicolor,-69.815062,43.797381,2023,7.709868431091309,24.947368621826172,-9.77368450164795,245.0
4506209952,Anaxyrus americanus,-70.287011,44.736268,2023,5.079333305358887,25.124000549316406,-16.176000595092773,249.0
4506206054,Anaxyrus americanus,-70.837351,43.361947,2023,7.757333278656006,27.5,-11.592000007629395,262.0
4506205035,Anaxyrus americanus,-69.253146,44.116925,2023,7.324833393096924,25.176000595092773,-10.803999900817871,252.0
4506202889,Anaxyrus americanus,-68.999275,45.886275,2023,2.928333282470703,23.375999450683594,-18.59200096130371,222.0
4506201007,Anaxyrus americanus,-69.863194,44.93488,2023,5.683333396911621,26.016000747680664,-16.016000747680664,212.0
4506200993,Anaxyrus americanus,-70.519061,44.768368,2023,3.2063333988189697,22.711999893188477,-17.2239990234375,275.0
4506199031,Anaxyrus americanus,-67.104583,44.736058,2023,6.153273582458496,23.985713958740234,-12.214285850524902,242.0
4506198988,Anaxyrus americanus,-70.20929,44.522998,2023,6.162166595458984,26.256000518798828,-14.968000411987305,254.0
4506198030,Anaxyrus americanus,-70.276054,44.482163,2023,6.169166564941406,26.163999557495117,-14.776000022888184,252.0
4506197067,Anaxyrus americanus,-70.044228,43.800731,2023,,,,
4500795362,Dryophytes versicolor,-70.814408,44.420708,2023,5.888333320617676,26.148000717163086,-15.263999938964844,211.0
4500765463,Dryophytes versicolor,-70.814624,44.420749,2023,5.888333320617676,26.148000717163086,-15.263999938964844,211.0
4500765225,Anaxyrus americanus,-70.810529,44.419205,2023,5.888333320617676,26.148000717163086,-15.263999938964844,211.0
4500730182,Anaxyrus americanus,-70.712868,44.054802,2015,6.552000045776367,26.607999801635742,-14.652000427246094,263.0
4500670225,Anaxyrus americanus,-70.712868,44.054802,2015,6.552000045776367,26.607999801635742,-14.652000427246094,263.0
4500668230,Anaxyrus americanus,-70.911101,44.554195,2023,4.391166687011719,24.06399917602539,-16.24799919128418,227.0
4500533506,Anaxyrus americanus,-70.815788,44.420578,2023,5.888333320617676,26.148000717163086,-15.263999938964844,211.0
4500522414,Dryophytes versicolor,-70.816672,44.420722,2023,5.888333320617676,26.148000717163086,-15.263999938964844,211.0
4500502110,Anaxyrus americanus,-70.6026,44.284293,2023,6.271999835968018,26.236000061035156,-14.607999801635742,245.0
4500488219,Anaxyrus americanus,-70.741067,44.075589,2018,6.552000045776367,26.607999801635742,-14.652000427246094,263.0
4500478232,Anaxyrus americanus,-70.745103,44.077958,2017,6.552000045776367,26.607999801635742,-14.652000427246094,263.0
4500474273,Anaxyrus americanus,-70.745339,44.077039,2021,6.552000045776367,26.607999801635742,-14.652000427246094,263.0
4465597071,Anaxyrus americanus,-67.504853,45.156845,2023,6.02133321762085,26.124000549316406,-14.984000205993652,250.0
4465485899,Notophthalmus viridescens,-68.288573,44.332331,2012,6.8730902671813965,24.825000762939453,-11.345832824707031,263.0
4465453988,Notophthalmus viridescens,-68.671114,44.168193,2017,7.2838544845581055,24.383333206176758,-10.141666412353516,249.0
4458780368,Dryophytes versicolor,-69.855858,45.031814,2023,5.355666637420654,25.631999969482422,-16.327999114990234,212.0
4458725322,Anaxyrus americanus,-68.931036,44.828753,2023,6.423500061035156,26.40399932861328,-14.12399959564209,238.0
4458678021,Anaxyrus americanus,-67.926739,46.747092,2023,3.74399995803833,24.719999313354492,-18.211999893188477,176.0
4458596878,Dryophytes versicolor,-69.78544,43.844455,2023,,,,
4458592365,Dryophytes versicolor,-68.75549,44.720831,2019,6.747833251953125,26.576000213623047,-13.479999542236328,251.0
4458481934,Anaxyrus americanus,-67.925555,46.746257,2023,3.74399995803833,24.719999313354492,-18.211999893188477,176.0
4458454001,Anaxyrus americanus,-67.926743,46.747037,2023,3.74399995803833,24.719999313354492,-18.211999893188477,176.0
4458349927,Dryophytes versicolor,-69.63142,44.48464,2023,6.785666465759277,26.624000549316406,-13.631999969482422,226.0
4454083695,Notophthalmus viridescens,-69.617037,44.1368,2023,7.195333003997803,25.855998992919922,-11.776000022888184,253.0
4453919528,Anaxyrus americanus,-69.355196,45.492765,2022,3.927000045776367,24.191999435424805,-17.61199951171875,216.0
4453907906,Notophthalmus viridescens,-70.821057,44.325789,2023,5.793333530426025,25.715999603271484,-15.027999877929688,234.0
4453861868,Anaxyrus americanus,-70.746565,44.695789,2023,4.929333209991455,25.139999389648438,-16.27199935913086,195.0
4453668811,Dryophytes versicolor,-67.003771,44.850295,2023,6.387744903564453,23.47058868408203,-11.24117660522461,239.0
4443207302,Dryophytes versicolor,-69.812484,45.158769,2023,4.283999919891357,24.56800079345703,-17.395999908447266,215.0
4442714432,Notophthalmus viridescens,-69.438336,45.782183,2023,2.993499994277954,23.38800048828125,-18.748001098632812,221.0
4442699413,Dryophytes versicolor,-70.240142,43.706158,2022,7.707639217376709,25.883333206176758,-10.75,244.0
4442687798,Notophthalmus viridescens,-68.671941,44.883113,2023,6.562333106994629,26.719999313354492,-13.807999610900879,232.0
4442635754,Anaxyrus americanus,-68.031219,44.384945,2023,6.825781345367432,24.668750762939453,-11.574999809265137,254.0
4442624740,Anaxyrus americanus,-68.375412,44.294342,2023,7.01649284362793,24.674999237060547,-11.041666984558105,259.0
4442613833,Dryophytes versicolor,-70.83963,44.200112,2023,6.3125,26.420000076293945,-14.699999809265137,249.0
4442612602,Anaxyrus americanus,-69.930383,44.155814,2023,7.019000053405762,26.100000381469727,-12.583999633789062,254.0
4442576812,Anaxyrus americanus,-69.482644,43.903336,2022,7.535745620727539,24.347368240356445,-9.421052932739258,249.0
4442548966,Anaxyrus americanus,-69.156494,44.220703,2023,6.7704997062683105,24.719999313354492,-11.696000099182129,264.0
4442511912,Anaxyrus americanus,-69.923103,44.157161,2023,7.019000053405762,26.100000381469727,-12.583999633789062,254.0
4442489797,Dryophytes versicolor,-69.074558,44.305201,2023,7.104166507720947,25.507999420166016,-11.604000091552734,255.0
4442475718,Dryophytes versicolor,-69.902545,44.373194,2023,6.676166534423828,26.20800018310547,-13.552000045776367,255.0
4442405971,Dryophytes versicolor,-70.63059,43.706437,2023,7.141666412353516,26.90399932861328,-13.300000190734863,256.0
4442394707,Dryophytes versicolor,-69.431054,44.918966,2023,5.5960001945495605,25.644001007080078,-15.692000389099121,227.0
4442370753,Dryophytes versicolor,-68.500949,44.651426,2023,6.625999927520752,26.088001251220703,-13.331999778747559,262.0
4442359003,Anaxyrus americanus,-67.587945,44.48448,2023,,,,
4442350947,Anaxyrus americanus,-70.417183,43.420687,2023,7.8468337059021,26.100000381469727,-10.359999656677246,247.0
4442347848,Anaxyrus americanus,-69.808975,45.250137,2023,4.026000022888184,24.395999908447266,-17.799999237060547,208.0
4441001564,Anaxyrus americanus,-69.358518,45.516802,2023,3.7071666717529297,23.968000411987305,-17.803998947143555,221.0
4440894558,Notophthalmus viridescens,-68.076425,44.370347,2023,6.8611979484558105,23.924999237060547,-10.793749809265137,256.0
4440850687,Dryophytes versicolor,-68.904026,44.812947,2017,6.488666534423828,26.496000289916992,-14.027999877929688,238.0
4440753918,Anaxyrus americanus,-70.628182,43.842758,2023,6.880666732788086,26.559999465942383,-13.520000457763672,261.0
4440747347,Notophthalmus viridescens,-68.762615,44.823407,2023,7.00333309173584,27.31999969482422,-13.616000175476074,244.0
4440680650,Anaxyrus americanus,-68.872803,44.36568,2023,,,,
4440650960,Dryophytes versicolor,-69.645577,43.881427,2023,7.634166717529297,24.78499984741211,-9.765000343322754,245.0
4440623804,Dryophytes versicolor,-69.945624,44.025691,2023,7.211666584014893,25.892000198364258,-11.904000282287598,249.0
4440115449,Anaxyrus americanus,-69.967284,45.336162,2005,4.26966667175293,24.724000930786133,-17.564001083374023,187.0
4440115343,Anaxyrus americanus,-69.967284,45.336162,2005,4.26966667175293,24.724000930786133,-17.564001083374023,187.0
4440114323,Anaxyrus americanus,-69.748983,44.708589,2022,6.093500137329102,26.312000274658203,-15.180000305175781,222.0
4440114090,Dryophytes versicolor,-70.359616,45.112025,2020,3.8416666984558105,23.856000900268555,-17.328001022338867,216.0
4440112656,Dryophytes versicolor,-69.74896,44.70836,2020,6.093500137329102,26.312000274658203,-15.180000305175781,222.0
4440111846,Anaxyrus americanus,-69.967284,45.336162,2005,4.26966667175293,24.724000930786133,-17.564001083374023,187.0
4440111360,Anaxyrus americanus,-69.967284,45.336162,2005,4.26966667175293,24.724000930786133,-17.564001083374023,187.0
4440111020,Anaxyrus americanus,-69.967284,45.336162,2005,4.26966667175293,24.724000930786133,-17.564001083374023,187.0
4440110596,Anaxyrus americanus,-69.967284,45.336162,2005,4.26966667175293,24.724000930786133,-17.564001083374023,187.0
4440110360,Anaxyrus americanus,-69.967284,45.336162,2005,4.26966667175293,24.724000930786133,-17.564001083374023,187.0
4440110103,Anaxyrus americanus,-69.967284,45.336162,2005,4.26966667175293,24.724000930786133,-17.564001083374023,187.0
4440109943,Dryophytes versicolor,-70.040608,44.999189,2020,5.115499973297119,25.29599952697754,-16.559999465942383,223.0
4440109556,Anaxyrus americanus,-69.967284,45.336162,2005,4.26966667175293,24.724000930786133,-17.564001083374023,187.0
4438848074,Dryophytes versicolor,-69.38443,44.448558,2023,6.376500129699707,25.56399917602539,-13.303999900817871,257.0
4438669975,Anaxyrus americanus,-70.361029,45.041182,2023,2.3589999675750732,21.8439998626709,-18.04400062561035,276.0
4438669974,Anaxyrus americanus,-70.534904,44.734753,2023,4.608833312988281,24.6200008392334,-16.447999954223633,229.0
4436453357,Anaxyrus americanus,-69.930825,43.961466,2023,7.389999866485596,25.959999084472656,-11.595999717712402,246.0
4436446322,Anaxyrus americanus,-68.548178,46.054221,2023,3.866499900817871,24.72800064086914,-18.676000595092773,208.0
4436400145,Anaxyrus americanus,-68.500495,46.044446,2023,3.862333297729492,24.68400001525879,-18.59600067138672,205.0
4436395570,Anaxyrus americanus,-68.430169,46.170527,2023,3.4863333702087402,24.47599983215332,-19.20800018310547,202.0
4436389472,Anaxyrus americanus,-68.4409,46.017126,2023,4.181333541870117,25.055999755859375,-18.332000732421875,203.0
4436332842,Anaxyrus americanus,-68.405068,46.031566,2023,4.265999794006348,25.1200008392334,-18.224000930786133,205.0
4436307211,Anaxyrus americanus,-68.50968,46.057638,2023,3.862333297729492,24.68400001525879,-18.59600067138672,205.0
4436294015,Anaxyrus americanus,-69.79427,44.341826,2023,6.9738335609436035,26.68400001525879,-13.236000061035156,246.0
4436255120,Anaxyrus americanus,-68.528839,46.049565,2023,3.862333297729492,24.68400001525879,-18.59600067138672,205.0
4436214879,Notophthalmus viridescens,-68.579852,46.177228,2023,3.7843332290649414,24.784000396728516,-19.09200096130371,192.0
4436195120,Anaxyrus americanus,-69.932368,44.155742,2023,7.019000053405762,26.100000381469727,-12.583999633789062,254.0
4436172982,Notophthalmus viridescens,-70.452483,43.682088,2023,7.3466668128967285,26.444000244140625,-12.319999694824219,250.0
4436164855,Anaxyrus americanus,-68.443055,46.198106,2023,3.4863333702087402,24.47599983215332,-19.20800018310547,202.0
4436139464,Notophthalmus viridescens,-68.497508,46.15117,2023,3.5934998989105225,24.459999084472656,-19.100000381469727,204.0
4436110659,Anaxyrus americanus,-68.428777,46.058721,2023,3.9665000438690186,24.79599952697754,-18.54400062561035,206.0
4436100123,Anaxyrus americanus,-70.892303,43.349005,2023,7.756499767303467,27.68000030517578,-11.748000144958496,260.0
4436092025,Anaxyrus americanus,-69.845876,43.972571,2023,,,,
4436090154,Anaxyrus americanus,-70.384375,45.140425,2023,3.634333372116089,23.61199951171875,-17.58799934387207,224.0
4436069965,Dryophytes versicolor,-69.385116,44.099937,2023,7.248610973358154,25.38749885559082,-11.133333206176758,253.0
4430964508,Dryophytes versicolor,-70.809818,43.125706,2023,8.576587677001953,27.571428298950195,-9.790475845336914,250.0
4430959810,Dryophytes versicolor,-70.287132,43.70552,2023,7.834469795227051,26.39545440673828,-11.068181991577148,247.0
4430958583,Dryophytes versicolor,-70.236785,44.243711,2023,6.604666709899902,26.187999725341797,-13.595999717712402,262.0
4430953755,Dryophytes versicolor,-67.453332,44.721037,2023,6.336166858673096,24.847999572753906,-13.15999984741211,251.0
4430950597,Dryophytes versicolor,-70.26319,44.218043,2023,6.640833377838135,26.25200080871582,-13.664000511169434,260.0
4430949496,Dryophytes versicolor,-70.809818,43.125706,2023,8.576587677001953,27.571428298950195,-9.790475845336914,250.0
4430944963,Dryophytes versicolor,-70.551833,43.38426,2023,7.988166809082031,26.847999572753906,-10.723999977111816,250.0
4430935528,Dryophytes versicolor,-70.134082,44.674944,2023,5.76633358001709,26.09200096130371,-15.859999656677246,258.0
4430934467,Dryophytes versicolor,-68.96363,44.494878,2023,6.820000171661377,25.86400032043457,-12.531999588012695,259.0
4430933723,Dryophytes versicolor,-70.595674,43.279799,2023,8.165398597717285,26.73043441772461,-9.92173957824707,249.0
4430922462,Dryophytes versicolor,-68.64737,44.921088,2023,6.517666816711426,26.775999069213867,-14.072000503540039,231.0
4430919661,Dryophytes versicolor,-70.800575,43.791456,2023,6.719333171844482,26.724000930786133,-14.131999969482422,274.0
4430918008,Dryophytes versicolor,-70.174072,43.764097,2023,,,,
4430887594,Dryophytes versicolor,-67.806422,45.200426,2021,5.734833240509033,25.92799949645996,-15.460000038146973,256.0
4430862919,Dryophytes versicolor,-69.978952,44.399207,2022,6.595333099365234,26.304000854492188,-13.9399995803833,256.0
4430852592,Dryophytes versicolor,-70.128854,44.158147,2021,6.872166633605957,26.172000885009766,-12.944000244140625,257.0
4430837932,Dryophytes versicolor,-70.554077,43.545197,2022,7.503166675567627,26.720001220703125,-12.064000129699707,251.0
4430781048,Anaxyrus americanus,-68.919363,46.133437,2023,3.7274999618530273,24.527999877929688,-18.8439998626709,187.0
4430693858,Notophthalmus viridescens,-69.035417,44.33307,2023,7.0291666984558105,25.307998657226562,-11.472000122070312,255.0
4430489653,Anaxyrus americanus,-68.152186,45.780198,2023,4.9118332862854,25.831998825073242,-16.892000198364258,222.0
4430486631,Dryophytes versicolor,-69.805553,45.650885,2023,3.6654999256134033,24.079999923706055,-18.2760009765625,192.0
4430482917,Dryophytes versicolor,-70.837829,43.362241,2023,7.757333278656006,27.5,-11.592000007629395,262.0
4430482530,Dryophytes versicolor,-70.262634,44.233033,2023,6.640833377838135,26.25200080871582,-13.664000511169434,260.0
4430465627,Dryophytes versicolor,-68.780766,44.789772,2023,6.9691667556762695,27.15999984741211,-13.532000541687012,248.0
4430464906,Dryophytes versicolor,-70.669595,43.113895,2023,8.609000205993652,26.968000411987305,-9.008000373840332,246.0
4430464529,Dryophytes versicolor,-68.616413,44.6844,2023,6.5269999504089355,26.055999755859375,-13.4399995803833,265.0
4430463636,Dryophytes versicolor,-70.348134,43.696597,2023,7.69350004196167,26.503999710083008,-11.640000343322754,249.0
4430459565,Dryophytes versicolor,-70.864925,43.09208,2023,,,,
4430457528,Dryophytes versicolor,-70.134279,44.674887,2023,5.76633358001709,26.09200096130371,-15.859999656677246,258.0
4430454583,Dryophytes versicolor,-68.809151,44.743469,2023,6.744333267211914,26.59600067138672,-13.435999870300293,248.0
4430442502,Dryophytes versicolor,-70.513934,44.397208,2023,5.56583309173584,25.26799964904785,-15.055999755859375,254.0
4430436539,Dryophytes versicolor,-70.289418,44.135749,2023,6.869166851043701,26.20400047302246,-13.140000343322754,257.0
4430432865,Dryophytes versicolor,-70.527288,44.380215,2023,5.56583309173584,25.26799964904785,-15.055999755859375,254.0
4430411604,Dryophytes versicolor,-69.945435,44.415607,2021,6.615333080291748,26.31999969482422,-13.84000015258789,254.0
4424703386,Anaxyrus americanus,-69.026908,45.945278,2023,2.3434998989105225,22.68400001525879,-19.200000762939453,238.0
4424640451,Notophthalmus viridescens,-69.114547,44.229764,2023,7.1670002937316895,25.107999801635742,-11.227999687194824,255.0
4424534875,Dryophytes versicolor,-70.615067,43.34343,2023,7.983333110809326,26.875999450683594,-10.628000259399414,253.0
4424505809,Anaxyrus americanus,-69.623899,44.889759,2014,5.820333480834961,26.06800079345703,-15.576000213623047,214.0
4424457944,Anaxyrus americanus,-69.9314,44.155401,2023,7.019000053405762,26.100000381469727,-12.583999633789062,254.0
4424337837,Anaxyrus americanus,-70.938737,43.923095,2023,6.585666656494141,26.868000030517578,-14.532000541687012,277.0
4424330814,Notophthalmus viridescens,-69.603002,44.142602,2023,7.195333003997803,25.855998992919922,-11.776000022888184,253.0
4424108952,Anaxyrus americanus,-70.979601,44.252046,2023,5.476166725158691,25.20400047302246,-15.03600025177002,250.0
4421279352,Notophthalmus viridescens,-68.075111,44.352955,2021,6.8611979484558105,23.924999237060547,-10.793749809265137,256.0
4421203843,Anaxyrus americanus,-69.04349,45.882702,2023,3.7096667289733887,24.392000198364258,-18.18000030517578,198.0
4421041260,Notophthalmus viridescens,-69.943668,44.169962,2023,7.047833442687988,26.211999893188477,-12.727999687194824,255.0
4420989702,Anaxyrus americanus,-71.028405,44.746362,2023,4.45383358001709,24.760000228881836,-17.1200008392334,172.0
4420935701,Anaxyrus americanus,-70.45277,43.681403,2023,7.3466668128967285,26.444000244140625,-12.319999694824219,250.0
4420903892,Anaxyrus americanus,-69.651942,44.855828,2023,5.853000164031982,26.076000213623047,-15.520000457763672,215.0
4420891367,Anaxyrus americanus,-69.178295,45.76641,2023,4.081666946411133,24.68000030517578,-17.803998947143555,193.0
4420890347,Notophthalmus viridescens,-68.211097,44.364517,2023,6.523499965667725,24.799999237060547,-12.092000007629395,271.0
4420888760,Notophthalmus viridescens,-69.076582,44.284924,2023,6.795333385467529,24.875999450683594,-11.631999969482422,263.0
4420873562,Anaxyrus americanus,-70.296162,45.510225,2023,3.7674999237060547,24.327999114990234,-18.016000747680664,185.0
4420861934,Anaxyrus americanus,-69.619322,43.950237,2023,7.624275207519531,25.04347801208496,-9.960869789123535,247.0
4420845852,Notophthalmus viridescens,-70.240581,44.460579,2023,6.029333114624023,25.959999084472656,-14.855999946594238,260.0
4420837273,Anaxyrus americanus,-70.731396,43.643966,2023,7.191666603088379,27.07200050354004,-13.211999893188477,261.0
4420823448,Anaxyrus americanus,-70.927563,43.926753,2023,6.585666656494141,26.868000030517578,-14.532000541687012,277.0
4420723771,Dryophytes versicolor,-69.082472,44.249634,2023,6.89965295791626,24.762500762939453,-11.337499618530273,260.0
4420699926,Anaxyrus americanus,-69.064067,44.22981,2023,6.89965295791626,24.762500762939453,-11.337499618530273,260.0
4420676766,Anaxyrus americanus,-69.925276,43.990293,2023,7.389999866485596,25.959999084472656,-11.595999717712402,246.0
4417205550,Dryophytes versicolor,-69.419403,45.379537,2023,4.403500080108643,24.736000061035156,-17.299999237060547,212.0
4417204549,Anaxyrus americanus,-69.330659,44.604288,2023,6.544333457946777,26.284000396728516,-13.779999732971191,236.0
4417142781,Anaxyrus americanus,-70.7508,44.107667,2023,6.460999965667725,26.492000579833984,-14.624000549316406,260.0
4417132739,Dryophytes versicolor,-69.918813,44.184015,2023,7.047833442687988,26.211999893188477,-12.727999687194824,255.0
4417116671,Anaxyrus americanus,-70.953262,44.062633,2023,6.67383337020874,27.27199935913086,-14.67199993133545,258.0
4416957333,Anaxyrus americanus,-70.747948,43.432376,2023,7.827166557312012,27.576000213623047,-11.739999771118164,258.0
4416926664,Dryophytes versicolor,-70.138764,44.673408,2023,5.76633358001709,26.09200096130371,-15.859999656677246,258.0
4416905760,Anaxyrus americanus,-69.185371,45.603924,2023,3.6004998683929443,23.899999618530273,-17.91200065612793,218.0
4416887817,Anaxyrus americanus,-69.525539,45.857989,2023,3.7643332481384277,24.503999710083008,-18.416000366210938,188.0
4416885752,Anaxyrus americanus,-69.23407,45.561367,2023,2.820500135421753,22.856000900268555,-18.27199935913086,242.0
4416825208,Anaxyrus americanus,-69.395983,44.472761,2023,6.460000038146973,25.860000610351562,-13.404000282287598,248.0
4416741708,Anaxyrus americanus,-68.888378,45.921106,2023,1.9283332824707031,22.167999267578125,-19.04400062561035,247.0
4416730844,Notophthalmus viridescens,-70.45292,43.682208,2023,7.3466668128967285,26.444000244140625,-12.319999694824219,250.0
4416687994,Anaxyrus americanus,-70.081177,43.861367,2023,7.436166763305664,25.61199951171875,-11.100000381469727,246.0
4416673901,Anaxyrus americanus,-69.333771,44.602507,2023,6.595666885375977,26.360000610351562,-13.748000144958496,233.0
4414426340,Dryophytes versicolor,-69.943723,44.170037,2023,7.047833442687988,26.211999893188477,-12.727999687194824,255.0
4414408412,Anaxyrus americanus,-69.303169,44.454515,2023,6.458333492279053,25.488000869750977,-13.055999755859375,260.0
4414374963,Dryophytes versicolor,-70.978713,44.020339,2023,6.725333213806152,27.35999870300293,-14.604000091552734,263.0
4414345242,Anaxyrus americanus,-69.752701,45.26878,2023,3.387666702270508,23.516000747680664,-18.09200096130371,231.0
4414344680,Dryophytes versicolor,-69.57827,43.935453,2023,7.636666774749756,24.78999900817871,-9.744999885559082,248.0
4414343355,Dryophytes versicolor,-70.014591,44.458475,2023,6.397500038146973,26.224000930786133,-14.539999961853027,253.0
4414319366,Anaxyrus americanus,-69.300028,44.456007,2023,6.458333492279053,25.488000869750977,-13.055999755859375,260.0
4414203308,Anaxyrus americanus,-68.474913,44.831937,2023,6.180500030517578,25.93600082397461,-14.0,271.0
4414161335,Anaxyrus americanus,-69.044527,44.26712,2023,6.795333385467529,24.875999450683594,-11.631999969482422,263.0
4414138332,Anaxyrus americanus,-70.448349,43.682318,2023,7.3466668128967285,26.444000244140625,-12.319999694824219,250.0
4414123963,Dryophytes versicolor,-68.67098,44.900572,2023,6.562333106994629,26.719999313354492,-13.807999610900879,232.0
4414089756,Anaxyrus americanus,-68.906835,45.996456,2023,2.9559998512268066,23.40399932861328,-18.56800079345703,214.0
4414072214,Notophthalmus viridescens,-69.048722,45.893258,2023,3.7096667289733887,24.392000198364258,-18.18000030517578,198.0
4414057672,Notophthalmus viridescens,-69.21167,43.972995,2023,7.46600866317749,23.947368621826172,-9.310526847839355,247.0
4414047492,Notophthalmus viridescens,-69.81759,43.809861,2023,7.709868431091309,24.947368621826172,-9.77368450164795,245.0
4414018250,Notophthalmus viridescens,-67.925137,46.746734,2023,3.74399995803833,24.719999313354492,-18.211999893188477,176.0
4413964879,Anaxyrus americanus,-67.588011,44.4845,2023,,,,
4413944795,Notophthalmus viridescens,-69.955397,44.160489,2023,7.019000053405762,26.100000381469727,-12.583999633789062,254.0
4413936738,Dryophytes versicolor,-68.056839,44.34433,2023,6.8611979484558105,23.924999237060547,-10.793749809265137,256.0
4413933980,Anaxyrus americanus,-69.141937,44.601357,2023,6.293833255767822,25.70800018310547,-13.664000511169434,254.0
4413924827,Anaxyrus americanus,-70.187455,44.257053,2023,6.728166580200195,26.399999618530273,-13.640000343322754,260.0
4413922394,Anaxyrus americanus,-70.637308,44.945084,2023,3.7801668643951416,23.908000946044922,-17.875999450683594,215.0
4413921950,Anaxyrus americanus,-70.522233,45.044661,2023,3.4521665573120117,23.520000457763672,-17.972000122070312,233.0
4413885860,Anaxyrus americanus,-70.904182,43.920319,2023,6.6533331871032715,26.923999786376953,-14.604000091552734,275.0
4413884163,Anaxyrus americanus,-70.341705,43.767238,2023,7.260000228881836,26.027999877929688,-12.208000183105469,251.0
4413857515,Anaxyrus americanus,-70.22332,44.100353,2023,7.26966667175293,26.70800018310547,-12.692000389099121,256.0
4413843769,Anaxyrus americanus,-67.458931,44.680335,2023,6.30916690826416,24.748001098632812,-13.032000541687012,251.0
4413841566,Notophthalmus viridescens,-70.820345,44.131329,2023,6.347833156585693,26.42799949645996,-14.684000015258789,253.0
4413837272,Anaxyrus americanus,-70.556896,44.300504,2023,6.101500034332275,26.09600067138672,-14.711999893188477,245.0
4413816784,Anaxyrus americanus,-69.075919,44.59035,2023,6.49066686630249,25.855998992919922,-13.383999824523926,255.0
4413798658,Notophthalmus viridescens,-70.5084,43.376575,2023,7.984833240509033,26.648000717163086,-10.460000038146973,248.0
4413797544,Dryophytes versicolor,-68.960425,45.865913,2023,4.191666603088379,24.823999404907227,-17.615999221801758,201.0
4413794111,Anaxyrus americanus,-69.075444,44.590161,2023,6.49066686630249,25.855998992919922,-13.383999824523926,255.0
4413784170,Anaxyrus americanus,-67.573786,44.483064,2023,,,,
4413777705,Notophthalmus viridescens,-69.232832,44.823296,2023,6.320666313171387,26.351999282836914,-14.628000259399414,225.0
4413741076,Anaxyrus americanus,-69.058814,44.263367,2023,6.795333385467529,24.875999450683594,-11.631999969482422,263.0
4413736977,Dryophytes versicolor,-70.450203,43.684162,2023,7.3466668128967285,26.444000244140625,-12.319999694824219,250.0
4413712107,Anaxyrus americanus,-70.229492,43.639797,2023,8.066319465637207,26.241666793823242,-10.366666793823242,245.0
4413671347,Notophthalmus viridescens,-67.299478,45.163545,2023,,,,
4413663186,Anaxyrus americanus,-70.7915,44.008002,2023,6.478833198547363,26.52400016784668,-14.684000015258789,270.0
4413652399,Anaxyrus americanus,-70.089752,44.516174,2023,6.210500240325928,26.26799964904785,-14.923999786376953,254.0
4413642181,Anaxyrus americanus,-69.819231,43.800271,2023,7.709868431091309,24.947368621826172,-9.77368450164795,245.0
4413641857,Anaxyrus americanus,-68.323601,47.123596,2023,3.181666612625122,24.331998825073242,-20.355998992919922,194.0
4413630043,Anaxyrus americanus,-70.776496,44.932217,2023,3.883666753768921,23.916000366210938,-17.756000518798828,203.0
4413628270,Anaxyrus americanus,-70.786601,44.349966,2023,5.928999900817871,26.100000381469727,-15.119999885559082,226.0
4413623934,Anaxyrus americanus,-69.287238,45.454113,2023,3.996999979019165,24.100000381469727,-17.38800048828125,225.0
4413619597,Anaxyrus americanus,-69.889292,43.933343,2023,7.6147918701171875,25.975000381469727,-11.114999771118164,245.0
4413607068,Anaxyrus americanus,-69.503662,43.865797,2023,,,,
4413595535,Anaxyrus americanus,-69.585248,44.766311,2023,6.144000053405762,26.280000686645508,-15.031999588012695,219.0
4413592212,Anaxyrus americanus,-70.124092,44.024925,2023,7.176833152770996,26.152000427246094,-12.144000053405762,249.0
4413592147,Anaxyrus americanus,-70.351658,44.04151,2023,6.89633321762085,26.172000885009766,-13.095999717712402,257.0
4413570033,Notophthalmus viridescens,-70.980762,44.250135,2023,5.476166725158691,25.20400047302246,-15.03600025177002,250.0
4413563866,Anaxyrus americanus,-69.480749,44.157374,2023,7.399166584014893,25.779998779296875,-11.4399995803833,250.0
4413559917,Anaxyrus americanus,-68.031219,44.384945,2023,6.825781345367432,24.668750762939453,-11.574999809265137,254.0
4413556997,Anaxyrus americanus,-67.454105,44.701427,2023,6.328000068664551,24.663999557495117,-12.87600040435791,252.0
4413546239,Dryophytes versicolor,-70.793672,43.688383,2023,6.944333553314209,26.988000869750977,-13.711999893188477,269.0
4413545159,Anaxyrus americanus,-69.38517,43.998587,2023,,,,
4413518218,Anaxyrus americanus,-69.933365,44.514534,2023,6.331333160400391,26.131999969482422,-14.508000373840332,250.0
4413516294,Anaxyrus americanus,-70.2632,43.819337,2023,7.257833480834961,25.911998748779297,-11.996000289916992,251.0
4413502930,Anaxyrus americanus,-69.113792,45.394976,2023,5.1501665115356445,25.459999084472656,-16.375999450683594,212.0
4413496669,Anaxyrus americanus,-70.889854,44.643333,2023,4.026666641235352,23.855998992919922,-16.895999908447266,217.0
4413491664,Anaxyrus americanus,-70.622965,43.868721,2023,7.201833248138428,26.588001251220703,-12.496000289916992,255.0
4413480749,Anaxyrus americanus,-67.112992,44.894092,2023,,,,
4413477605,Anaxyrus americanus,-70.698435,44.117661,2023,6.677666664123535,26.739999771118164,-14.491999626159668,256.0
4413475225,Anaxyrus americanus,-69.114848,44.258028,2023,7.117166519165039,25.332000732421875,-11.54800033569336,257.0
4413471899,Anaxyrus americanus,-70.182564,43.824951,2023,7.439930438995361,25.954166412353516,-11.441666603088379,247.0
4413469906,Dryophytes versicolor,-70.686361,43.162015,2023,8.510833740234375,27.09600067138672,-9.432000160217285,247.0
4413444931,Anaxyrus americanus,-70.843548,43.912729,2023,6.638166427612305,26.799999237060547,-14.572000503540039,275.0
4413444778,Anaxyrus americanus,-69.684806,45.460448,2023,3.429499864578247,23.583999633789062,-18.191999435424805,216.0
4413439731,Anaxyrus americanus,-70.244629,44.518654,2023,6.162166595458984,26.256000518798828,-14.968000411987305,254.0
4413434558,Anaxyrus americanus,-69.671897,45.457341,2023,3.5338332653045654,23.719999313354492,-18.079999923706055,217.0
4413431019,Anaxyrus americanus,-70.709872,44.970042,2023,3.6579997539520264,23.899999618530273,-18.107999801635742,210.0
4413422825,Anaxyrus americanus,-68.476544,45.424393,2022,5.603499889373779,26.220001220703125,-15.97599983215332,222.0
4413418023,Anaxyrus americanus,-69.076644,45.756028,2023,4.387166500091553,24.979999542236328,-17.47599983215332,196.0
4413404292,Anaxyrus americanus,-70.321983,44.592406,2023,5.377666473388672,25.299999237060547,-15.760000228881836,254.0
4413404274,Anaxyrus americanus,-70.283371,44.565419,2023,5.910833358764648,25.983999252319336,-15.288000106811523,252.0
4413401688,Anaxyrus americanus,-67.445013,44.655069,2023,6.3847222328186035,24.03333282470703,-12.106666564941406,251.0
4413396818,Dryophytes versicolor,-68.061136,44.332572,2023,,,,
4413394010,Anaxyrus americanus,-70.893181,44.667812,2023,4.01533317565918,23.908000946044922,-17.148000717163086,212.0
4413376342,Anaxyrus americanus,-69.02331,45.883752,2019,3.693333387374878,24.336000442504883,-18.148000717163086,199.0
4413373082,Anaxyrus americanus,-69.568642,45.46325,2023,3.697333574295044,23.940000534057617,-18.08799934387207,214.0
4413367897,Anaxyrus americanus,-69.066942,44.240708,2023,6.89965295791626,24.762500762939453,-11.337499618530273,260.0
4407670332,Anaxyrus americanus,-70.338683,43.758995,2023,7.260000228881836,26.027999877929688,-12.208000183105469,251.0
4407653601,Dryophytes versicolor,-70.685055,44.180726,2023,6.329666614532471,26.312000274658203,-14.619999885559082,251.0
4407544337,Anaxyrus americanus,-70.627939,43.842589,2023,6.880666732788086,26.559999465942383,-13.520000457763672,261.0
4407451359,Dryophytes versicolor,-69.801891,43.95552,2023,,,,
4407446224,Anaxyrus americanus,-68.390232,44.800461,2023,6.356666564941406,26.1200008392334,-13.859999656677246,264.0
4407386184,Anaxyrus americanus,-70.374931,44.548513,2023,5.495999813079834,25.47599983215332,-15.47599983215332,250.0
4407363990,Anaxyrus americanus,-70.741888,43.96212,2023,6.4651665687561035,26.408000946044922,-14.5600004196167,272.0
4407338944,Dryophytes versicolor,-70.814622,44.420712,2023,5.888333320617676,26.148000717163086,-15.263999938964844,211.0
4407267752,Anaxyrus americanus,-70.599964,43.915656,2023,7.1623334884643555,26.559999465942383,-12.604000091552734,257.0
4407265713,Anaxyrus americanus,-70.886681,44.638981,2023,4.026666641235352,23.855998992919922,-16.895999908447266,217.0
4407232795,Anaxyrus americanus,-69.089508,44.248718,2023,7.1670002937316895,25.107999801635742,-11.227999687194824,255.0
4407231615,Anaxyrus americanus,-70.341338,44.995792,2023,2.632833242416382,22.124000549316406,-17.892000198364258,279.0
4407220809,Notophthalmus viridescens,-68.819953,44.65397,2023,6.708499908447266,26.148000717163086,-13.076000213623047,259.0
4405527295,Notophthalmus viridescens,-70.856702,44.003667,2023,6.497499942779541,26.695999145507812,-14.631999969482422,269.0
4405482031,Dryophytes versicolor,-68.930861,44.828681,2023,6.423500061035156,26.40399932861328,-14.12399959564209,238.0
4405448355,Anaxyrus americanus,-70.837672,43.36228,2023,7.757333278656006,27.5,-11.592000007629395,262.0
4405410466,Notophthalmus viridescens,-69.127671,44.195447,2023,7.0395002365112305,24.871999740600586,-11.211999893188477,258.0
4405354902,Anaxyrus americanus,-69.005181,45.93798,2023,2.3434998989105225,22.68400001525879,-19.200000762939453,238.0
4405308754,Dryophytes versicolor,-70.833795,43.673847,2023,6.926000118255615,27.003999710083008,-13.708000183105469,271.0
4405269099,Notophthalmus viridescens,-67.964339,44.404931,2017,6.841288089752197,24.263635635375977,-11.336363792419434,253.0
4405241710,Anaxyrus americanus,-70.837658,43.36227,2023,7.757333278656006,27.5,-11.592000007629395,262.0
4405215230,Anaxyrus americanus,-68.886192,45.986272,2023,2.9559998512268066,23.40399932861328,-18.56800079345703,214.0
4405185121,Dryophytes versicolor,-70.755612,43.090817,2023,8.785515785217285,27.595237731933594,-9.328571319580078,250.0
4405170229,Dryophytes versicolor,-70.322318,43.703286,2023,7.831333160400391,26.559999465942383,-11.355999946594238,250.0
4405153114,Anaxyrus americanus,-69.172263,44.382285,2023,6.9608330726623535,25.88800048828125,-12.315999984741211,258.0
4405110280,Anaxyrus americanus,-69.035369,45.94453,2023,2.3434998989105225,22.68400001525879,-19.200000762939453,238.0
4405077614,Anaxyrus americanus,-70.050747,44.300451,2023,6.735833644866943,26.260000228881836,-13.652000427246094,261.0
4405063998,Anaxyrus americanus,-70.646583,43.520292,2023,7.513166904449463,26.847999572753906,-12.119999885559082,256.0
4405030549,Anaxyrus americanus,-70.279942,43.788506,2023,7.379166603088379,25.964000701904297,-11.755999565124512,249.0
4400490965,Dryophytes versicolor,-69.314703,44.522366,2017,6.397166728973389,25.74799919128418,-13.456000328063965,251.0
4400455976,Anaxyrus americanus,-68.639896,44.922772,2023,6.517666816711426,26.775999069213867,-14.072000503540039,231.0
4400433139,Anaxyrus americanus,-70.666986,44.126634,2023,6.421833515167236,26.380001068115234,-14.619999885559082,258.0
4400390204,Anaxyrus americanus,-69.779116,44.520065,2023,6.63100004196167,26.507999420166016,-14.164000511169434,228.0
4400359814,Anaxyrus americanus,-68.840612,46.075443,2023,2.2044999599456787,23.02400016784668,-19.70800018310547,239.0
4400304668,Anaxyrus americanus,-69.836911,44.729961,2023,6.122833251953125,26.45599937438965,-15.399999618530273,223.0
4400299915,Anaxyrus americanus,-68.64021,44.923169,2023,6.517666816711426,26.775999069213867,-14.072000503540039,231.0
4400282121,Anaxyrus americanus,-70.852503,43.141319,2023,,,,
4400256968,Notophthalmus viridescens,-68.433412,44.139701,2023,7.208333492279053,23.616666793823242,-9.61111068725586,253.0
4400251421,Anaxyrus americanus,-68.2847,45.514603,2023,5.421833515167236,26.064001083374023,-16.1560001373291,223.0
4400237047,Notophthalmus viridescens,-69.66096,43.872767,2023,7.671229839324951,24.44761848449707,-9.295238494873047,246.0
4400218095,Notophthalmus viridescens,-70.21785,43.610428,2023,7.891848087310791,25.826087951660156,-10.265216827392578,244.0
4400209359,Anaxyrus americanus,-70.897537,43.98462,2020,6.763166427612305,27.144001007080078,-14.631999969482422,265.0
4400208506,Anaxyrus americanus,-70.966003,44.246353,2023,6.218166828155518,26.356000900268555,-14.64799976348877,238.0
4400150674,Dryophytes versicolor,-69.366768,44.2854,2023,6.95883321762085,25.696001052856445,-12.084000587463379,257.0
4400100572,Anaxyrus americanus,-68.640198,44.923217,2023,6.517666816711426,26.775999069213867,-14.072000503540039,231.0
4400092816,Anaxyrus americanus,-67.824888,46.141145,2023,4.542333602905273,25.73200035095215,-17.61199951171875,215.0
4400075978,Dryophytes versicolor,-70.241907,44.49823,2023,6.029333114624023,25.959999084472656,-14.855999946594238,260.0
4400051487,Anaxyrus americanus,-70.848335,44.008346,2023,6.497499942779541,26.695999145507812,-14.631999969482422,269.0
4400049135,Dryophytes versicolor,-70.239914,44.499096,2023,6.029333114624023,25.959999084472656,-14.855999946594238,260.0
4400048861,Notophthalmus viridescens,-69.660955,43.872759,2023,7.671229839324951,24.44761848449707,-9.295238494873047,246.0
4400025670,Notophthalmus viridescens,-69.660968,43.872764,2023,7.671229839324951,24.44761848449707,-9.295238494873047,246.0
4400009523,Notophthalmus viridescens,-68.438387,46.061175,2023,3.9665000438690186,24.79599952697754,-18.54400062561035,206.0
4399986032,Anaxyrus americanus,-68.978412,47.027565,2023,2.6595001220703125,23.76799964904785,-20.22800064086914,199.0
4399946732,Anaxyrus americanus,-68.640093,44.923049,2023,6.517666816711426,26.775999069213867,-14.072000503540039,231.0
4399925098,Dryophytes versicolor,-68.4971,44.79293,2023,6.180500030517578,25.93600082397461,-14.0,271.0
4399912231,Dryophytes versicolor,-70.247655,44.507881,2023,6.162166595458984,26.256000518798828,-14.968000411987305,254.0
4399908584,Anaxyrus americanus,-70.502725,43.369817,2023,8.057539939880371,26.542858123779297,-10.09523868560791,247.0
4399898894,Dryophytes versicolor,-68.641489,44.922717,2023,6.517666816711426,26.775999069213867,-14.072000503540039,231.0
4399872676,Dryophytes versicolor,-70.597213,43.967995,2023,6.833666801452637,26.579999923706055,-13.979999542236328,259.0
4399872173,Anaxyrus americanus,-70.844285,44.009542,2023,6.497499942779541,26.695999145507812,-14.631999969482422,269.0
4399863862,Dryophytes versicolor,-69.314741,44.522389,2023,6.397166728973389,25.74799919128418,-13.456000328063965,251.0
4399861565,Anaxyrus americanus,-70.58542,43.912963,2023,7.1623334884643555,26.559999465942383,-12.604000091552734,257.0
4177587800,Anaxyrus americanus,-70.527295,43.83449,2023,7.247499942779541,26.284000396728516,-12.0600004196167,252.0
4177509059,Dryophytes versicolor,-70.34265,43.926767,2023,6.967833518981934,26.131999969482422,-12.904000282287598,255.0
4177480730,Anaxyrus americanus,-70.751975,44.438267,2023,5.695499897003174,25.836000442504883,-15.35200023651123,219.0
4177444770,Anaxyrus americanus,-69.942155,43.818753,2023,7.696666717529297,24.97333335876465,-9.866666793823242,243.0
4177410633,Anaxyrus americanus,-70.346011,44.80459,2023,5.304500102996826,25.639999389648438,-16.284000396728516,225.0
4177398399,Dryophytes versicolor,-70.667205,43.075958,2023,,,,
4177327577,Notophthalmus viridescens,-69.819573,43.80125,2023,7.709868431091309,24.947368621826172,-9.77368450164795,245.0
4177324647,Notophthalmus viridescens,-70.864672,44.232567,2023,6.290499687194824,26.375999450683594,-14.760000228881836,244.0
4177313949,Anaxyrus americanus,-69.01545,45.874182,2023,4.179499626159668,24.81999969482422,-17.628000259399414,194.0
4177284956,Dryophytes versicolor,-68.931342,44.828672,2023,6.423500061035156,26.40399932861328,-14.12399959564209,238.0
4177269907,Anaxyrus americanus,-70.30361,44.77037,2023,4.959833145141602,25.091999053955078,-16.40799903869629,238.0
4177248824,Dryophytes versicolor,-70.491675,44.212857,2023,6.2856669425964355,26.09600067138672,-14.355999946594238,260.0
4177235008,Anaxyrus americanus,-70.638376,44.038803,2023,6.795833587646484,26.715999603271484,-14.204000473022461,260.0
4177231603,Anaxyrus americanus,-69.709197,44.135283,2023,7.184999942779541,26.07200050354004,-12.208000183105469,252.0
4177164834,Dryophytes versicolor,-68.473703,45.497003,2022,5.457333087921143,26.100000381469727,-16.15999984741211,223.0
4177161764,Dryophytes versicolor,-68.473638,45.497023,2023,5.457333087921143,26.100000381469727,-16.15999984741211,223.0
4177157845,Dryophytes versicolor,-70.203036,44.121232,2023,7.293666362762451,26.856000900268555,-12.704000473022461,255.0
4177093985,Dryophytes versicolor,-67.465332,44.607135,2023,,,,
4177080580,Anaxyrus americanus,-70.218357,43.72785,2023,7.533522605895996,25.772727966308594,-11.022727012634277,246.0
4177048147,Dryophytes versicolor,-70.496496,44.042926,2023,6.818333148956299,26.3439998626709,-13.711999893188477,257.0
4177036682,Dryophytes versicolor,-68.475159,45.495362,2023,5.457333087921143,26.100000381469727,-16.15999984741211,223.0
4177012259,Anaxyrus americanus,-69.130887,44.196479,2023,7.0395002365112305,24.871999740600586,-11.211999893188477,258.0
4177004269,Dryophytes versicolor,-70.119463,44.824009,2023,5.0916666984558105,25.224000930786133,-16.38399887084961,247.0
4176961066,Anaxyrus americanus,-67.495422,45.05637,2023,5.872000217437744,25.628000259399414,-14.791999816894531,254.0
4176940910,Anaxyrus americanus,-70.20535,43.916521,2023,7.204833030700684,25.875999450683594,-11.916000366210938,248.0
4172250480,Anaxyrus americanus,-69.274208,44.385086,2023,6.793166637420654,25.788000106811523,-12.539999961853027,261.0
4172243498,Dryophytes versicolor,-68.688669,45.166148,2023,5.980500221252441,26.327999114990234,-15.052000045776367,218.0
4172215557,Dryophytes versicolor,-67.955136,44.855147,2023,6.0261664390563965,25.576000213623047,-14.435999870300293,260.0
4172207619,Notophthalmus viridescens,-69.24868,45.555153,2023,2.820500135421753,22.856000900268555,-18.27199935913086,242.0
4172201063,Notophthalmus viridescens,-69.513583,44.963545,2023,5.634666919708252,25.875999450683594,-15.824000358581543,213.0
4172168595,Dryophytes versicolor,-70.470905,43.976665,2023,6.802999973297119,26.152000427246094,-13.628000259399414,260.0
4172139041,Dryophytes versicolor,-69.38,44.21,2023,7.0,25.70400047302246,-11.928000450134277,258.0
4172109696,Anaxyrus americanus,-70.417066,44.716491,2023,5.113333225250244,25.284000396728516,-16.148000717163086,224.0
4172065996,Dryophytes versicolor,-69.244705,44.895281,2023,6.063000202178955,26.168001174926758,-15.092000007629395,224.0
4172020434,Anaxyrus americanus,-67.010369,44.78965,2023,6.132500171661377,23.650001525878906,-11.880000114440918,243.0
4171996484,Anaxyrus americanus,-68.553828,46.053098,2023,3.866499900817871,24.72800064086914,-18.676000595092773,208.0
4171992948,Dryophytes versicolor,-69.805625,45.650983,2023,3.6654999256134033,24.079999923706055,-18.2760009765625,192.0
4171984480,Anaxyrus americanus,-69.594997,43.990844,2023,7.512666702270508,25.215999603271484,-10.407999992370605,248.0
4171981949,Notophthalmus viridescens,-68.060844,44.379545,2023,6.780797004699707,24.57391357421875,-11.565217018127441,257.0
4171898646,Anaxyrus americanus,-69.889181,43.933482,2023,7.6147918701171875,25.975000381469727,-11.114999771118164,245.0
4171887748,Anaxyrus americanus,-69.032065,45.881843,2023,3.693333387374878,24.336000442504883,-18.148000717163086,199.0
4171838172,Notophthalmus viridescens,-68.060642,44.339132,2023,6.8611979484558105,23.924999237060547,-10.793749809265137,256.0
4171832411,Anaxyrus americanus,-67.026825,44.78783,2023,6.132500171661377,23.650001525878906,-11.880000114440918,243.0
4171796795,Anaxyrus americanus,-70.394949,45.144704,2023,3.634333372116089,23.61199951171875,-17.58799934387207,224.0
4171778338,Dryophytes versicolor,-68.992233,44.494188,2023,6.820000171661377,25.86400032043457,-12.531999588012695,259.0
4171758897,Anaxyrus americanus,-70.479508,43.971458,2023,6.802999973297119,26.152000427246094,-13.628000259399414,260.0
4171724785,Anaxyrus americanus,-70.669778,43.37038,2023,7.914666652679443,27.211999893188477,-11.071999549865723,256.0
4171692409,Anaxyrus americanus,-70.890084,44.019232,2023,6.7266669273376465,27.124000549316406,-14.616000175476074,262.0
4171661114,Anaxyrus americanus,-70.378835,45.110886,2023,3.740166664123535,23.788000106811523,-17.52400016784668,220.0
4171633979,Anaxyrus americanus,-69.257797,45.456538,2023,3.996999979019165,24.100000381469727,-17.38800048828125,225.0
4171631214,Anaxyrus americanus,-70.139458,44.673172,2023,5.76633358001709,26.09200096130371,-15.859999656677246,258.0
4171557941,Anaxyrus americanus,-70.505686,44.095261,2023,6.597499847412109,26.29599952697754,-13.97599983215332,263.0
4171466064,Dryophytes versicolor,-68.059465,44.338246,2023,6.8611979484558105,23.924999237060547,-10.793749809265137,256.0
4171429450,Anaxyrus americanus,-70.397619,45.147413,2023,3.634333372116089,23.61199951171875,-17.58799934387207,224.0
4171411843,Anaxyrus americanus,-67.956011,45.750616,2023,5.0960001945495605,26.059999465942383,-16.700000762939453,226.0
4171381761,Dryophytes versicolor,-70.137742,44.673858,2023,5.76633358001709,26.09200096130371,-15.859999656677246,258.0
4171370850,Anaxyrus americanus,-70.195195,45.135294,2023,3.945666790008545,23.93600082397461,-17.435998916625977,215.0
4171290050,Anaxyrus americanus,-69.920023,43.933171,2023,7.578666687011719,26.128000259399414,-11.359999656677246,246.0
4171284101,Anaxyrus americanus,-70.103457,44.597767,2023,6.047500133514404,26.284000396728516,-15.387999534606934,253.0
4165860322,Dryophytes versicolor,-67.97103,44.844661,2023,6.051000118255615,25.56800079345703,-14.432000160217285,260.0
4165836086,Anaxyrus americanus,-70.720771,44.179603,2023,6.141833305358887,26.059999465942383,-14.711999893188477,254.0
4165831451,Dryophytes versicolor,-68.501504,44.413704,2023,,,,
4165826955,Anaxyrus americanus,-70.411155,43.895108,2023,7.017166614532471,26.107999801635742,-12.95199966430664,256.0
4165822434,Anaxyrus americanus,-70.786192,44.350106,2023,5.928999900817871,26.100000381469727,-15.119999885559082,226.0
4165806802,Dryophytes versicolor,-68.473698,45.496985,2022,5.457333087921143,26.100000381469727,-16.15999984741211,223.0
4165801693,Anaxyrus americanus,-67.966255,44.838704,2023,6.051000118255615,25.56800079345703,-14.432000160217285,260.0
4165797800,Dryophytes versicolor,-69.391056,44.429417,2023,6.376500129699707,25.56399917602539,-13.303999900817871,257.0
4165796318,Anaxyrus americanus,-69.1138,44.254733,2023,7.117166519165039,25.332000732421875,-11.54800033569336,257.0
4165778336,Anaxyrus americanus,-69.111947,44.251525,2023,7.117166519165039,25.332000732421875,-11.54800033569336,257.0
4165763944,Anaxyrus americanus,-70.124059,44.025249,2023,7.176833152770996,26.152000427246094,-12.144000053405762,249.0
4165729838,Anaxyrus americanus,-70.123961,44.024639,2023,7.176833152770996,26.152000427246094,-12.144000053405762,249.0
4165699997,Anaxyrus americanus,-69.065146,44.239838,2023,6.89965295791626,24.762500762939453,-11.337499618530273,260.0
4165688179,Dryophytes versicolor,-68.474921,45.495622,2023,5.457333087921143,26.100000381469727,-16.15999984741211,223.0
4165680436,Anaxyrus americanus,-68.546952,44.250385,2023,7.139484405517578,24.72381019592285,-10.65238094329834,253.0
4165641930,Notophthalmus viridescens,-68.475647,45.494565,2022,5.457333087921143,26.100000381469727,-16.15999984741211,223.0
4165637273,Dryophytes versicolor,-68.93127,44.828819,2023,6.423500061035156,26.40399932861328,-14.12399959564209,238.0
4165598414,Notophthalmus viridescens,-70.32128,44.412167,2023,6.188666820526123,26.007999420166016,-14.508000373840332,255.0
4165594146,Notophthalmus viridescens,-69.495413,43.924769,2015,7.508333206176758,24.72800064086914,-9.843999862670898,249.0
4165513684,Notophthalmus viridescens,-68.491251,45.366533,2022,5.788332939147949,26.351999282836914,-15.819999694824219,227.0
4165506051,Notophthalmus viridescens,-70.634,43.795094,2023,6.920333385467529,26.691999435424805,-13.588000297546387,260.0
4165487655,Anaxyrus americanus,-69.0513,44.232272,2023,6.89965295791626,24.762500762939453,-11.337499618530273,260.0
4165467219,Dryophytes versicolor,-69.629519,43.725472,2023,,,,
4165440100,Anaxyrus americanus,-68.630683,44.649758,2023,6.339666843414307,25.76799964904785,-13.503999710083008,269.0
4165434947,Dryophytes versicolor,-68.418535,44.539224,2023,6.885666847229004,25.856000900268555,-12.336000442504883,259.0
4165413933,Notophthalmus viridescens,-68.475016,45.495523,2023,5.457333087921143,26.100000381469727,-16.15999984741211,223.0
4165397619,Notophthalmus viridescens,-68.475464,45.49499,2022,5.457333087921143,26.100000381469727,-16.15999984741211,223.0
4165382965,Notophthalmus viridescens,-68.471535,45.499495,2022,5.457333087921143,26.100000381469727,-16.15999984741211,223.0
4165364126,Anaxyrus americanus,-70.616791,43.796912,2023,6.97866678237915,26.559999465942383,-13.156000137329102,258.0
4164131322,Dryophytes versicolor,-67.422,44.8744,2023,6.201000213623047,25.211999893188477,-13.855999946594238,248.0
4164131321,Dryophytes versicolor,-67.422,44.8744,2023,6.201000213623047,25.211999893188477,-13.855999946594238,248.0
4164131309,Notophthalmus viridescens,-67.1718,44.85538,2023,6.197999954223633,24.711999893188477,-12.895999908447266,244.0
4164131301,Dryophytes versicolor,-67.1718,44.85538,2023,6.197999954223633,24.711999893188477,-12.895999908447266,244.0
4162599538,Anaxyrus americanus,-70.586514,44.755995,2023,3.686333417892456,23.535999298095703,-17.347999572753906,247.0
4162569558,Dryophytes versicolor,-70.215233,43.87867,2023,7.198333263397217,25.996000289916992,-12.124000549316406,249.0
4162566423,Anaxyrus americanus,-68.585327,47.20435,2023,2.983166456222534,24.243999481201172,-20.57200050354004,192.0
4162547504,Dryophytes versicolor,-68.475836,45.494371,2023,5.457333087921143,26.100000381469727,-16.15999984741211,223.0
4162503221,Dryophytes versicolor,-68.555525,44.976823,2023,6.215666770935059,26.472000122070312,-14.45199966430664,233.0
4162497994,Dryophytes versicolor,-68.46893,45.502524,2022,5.372499942779541,26.011999130249023,-16.192001342773438,222.0
4162491686,Dryophytes versicolor,-68.675837,44.870912,2023,6.613666534423828,26.719999313354492,-13.739999771118164,235.0
4162490388,Notophthalmus viridescens,-68.2286,44.382672,2023,6.991421699523926,25.48235321044922,-11.79411792755127,259.0
4162477335,Dryophytes versicolor,-68.2242,44.518268,2023,6.771041393280029,25.28999900817871,-12.300000190734863,258.0
4162443100,Notophthalmus viridescens,-67.936695,45.771914,2023,5.0960001945495605,26.059999465942383,-16.700000762939453,226.0
4162420992,Dryophytes versicolor,-67.944694,45.734957,2023,5.071333408355713,26.027999877929688,-16.724000930786133,230.0
4162417232,Dryophytes versicolor,-68.476498,45.493349,2023,5.457333087921143,26.100000381469727,-16.15999984741211,223.0
4162391594,Anaxyrus americanus,-68.476544,45.4927,2023,5.457333087921143,26.100000381469727,-16.15999984741211,223.0
4162391218,Notophthalmus viridescens,-67.897926,45.791057,2023,4.98633337020874,25.88399887084961,-16.77199935913086,232.0
4162390773,Dryophytes versicolor,-68.475948,45.494136,2022,5.457333087921143,26.100000381469727,-16.15999984741211,223.0
4162390050,Dryophytes versicolor,-68.473795,45.496877,2022,5.457333087921143,26.100000381469727,-16.15999984741211,223.0
4162388468,Dryophytes versicolor,-68.476336,45.49347,2023,5.457333087921143,26.100000381469727,-16.15999984741211,223.0
4162385478,Anaxyrus americanus,-67.157841,44.805481,2023,,,,
4162379451,Anaxyrus americanus,-67.091867,44.846797,2023,,,,
4162357729,Dryophytes versicolor,-68.475962,45.494175,2022,5.457333087921143,26.100000381469727,-16.15999984741211,223.0
4162345886,Notophthalmus viridescens,-68.472535,45.498316,2023,5.457333087921143,26.100000381469727,-16.15999984741211,223.0
4162339384,Dryophytes versicolor,-68.472283,45.498712,2023,5.457333087921143,26.100000381469727,-16.15999984741211,223.0
4162300575,Dryophytes versicolor,-68.982491,44.810936,2023,6.440666675567627,26.420000076293945,-14.140000343322754,234.0
4162299126,Dryophytes versicolor,-68.476528,45.493248,2022,5.457333087921143,26.100000381469727,-16.15999984741211,223.0
4162286951,Anaxyrus americanus,-70.58291,44.75891,2023,3.493833303451538,23.275999069213867,-17.347999572753906,254.0
4162284988,Dryophytes versicolor,-70.548033,43.91653,2023,7.2804999351501465,26.468000411987305,-12.067999839782715,253.0
4162257296,Anaxyrus americanus,-67.159898,44.804506,2023,,,,
4162239287,Anaxyrus americanus,-67.952435,45.792538,2023,5.047999858856201,26.079999923706055,-16.720001220703125,222.0
4162211701,Dryophytes versicolor,-68.475301,45.495097,2022,5.457333087921143,26.100000381469727,-16.15999984741211,223.0
4162208795,Dryophytes versicolor,-68.474911,45.495704,2022,5.457333087921143,26.100000381469727,-16.15999984741211,223.0
4162156230,Anaxyrus americanus,-68.476155,45.4939,2023,5.457333087921143,26.100000381469727,-16.15999984741211,223.0
4162149003,Notophthalmus viridescens,-67.959375,45.79742,2023,5.043333530426025,26.06800079345703,-16.779998779296875,223.0
4162117905,Anaxyrus americanus,-70.69507,44.150447,2023,6.421833515167236,26.380001068115234,-14.619999885559082,258.0
4162117090,Dryophytes versicolor,-68.443596,44.484483,2023,,,,
4162106858,Dryophytes versicolor,-68.68872,44.585013,2023,6.751500129699707,26.148000717163086,-13.01200008392334,260.0
4162101160,Dryophytes versicolor,-68.475141,45.495313,2023,5.457333087921143,26.100000381469727,-16.15999984741211,223.0
4162085972,Notophthalmus viridescens,-68.470411,45.500776,2022,5.372499942779541,26.011999130249023,-16.192001342773438,222.0
4162079586,Dryophytes versicolor,-70.511322,44.036245,2023,6.7245001792907715,26.279998779296875,-13.932000160217285,260.0
4162078179,Anaxyrus americanus,-70.306943,43.810898,2023,7.2158331871032715,26.0,-12.239999771118164,252.0
4162069885,Anaxyrus americanus,-70.816349,43.217759,2023,8.292166709899902,27.76799964904785,-10.619999885559082,253.0
4162024204,Notophthalmus viridescens,-69.719782,43.993713,2023,7.476333141326904,25.527999877929688,-10.767999649047852,249.0
4161986198,Dryophytes versicolor,-68.461001,45.506935,2022,5.372499942779541,26.011999130249023,-16.192001342773438,222.0
4153960438,Anaxyrus americanus,-69.29007,44.553347,2022,6.49399995803833,26.06399917602539,-13.555999755859375,246.0
4153906516,Anaxyrus americanus,-69.317895,45.461395,2023,4.0908331871032715,24.31999969482422,-17.43199920654297,213.0
4153904433,Anaxyrus americanus,-69.691378,44.560172,2022,6.686166763305664,26.79199981689453,-14.116000175476074,218.0
4153887462,Anaxyrus americanus,-69.889356,43.93483,2023,7.6147918701171875,25.975000381469727,-11.114999771118164,245.0
4153882955,Dryophytes versicolor,-67.266194,44.74835,2023,6.179166793823242,24.327999114990234,-12.847999572753906,247.0
4153882436,Anaxyrus americanus,-70.963181,44.140003,2022,6.5269999504089355,26.95199966430664,-14.616000175476074,246.0
4153871697,Anaxyrus americanus,-70.13311,44.674097,2023,5.76633358001709,26.09200096130371,-15.859999656677246,258.0
4153854373,Anaxyrus americanus,-69.935658,44.369922,2021,6.780666828155518,26.368000030517578,-13.631999969482422,253.0
4153770403,Anaxyrus americanus,-70.739857,44.527597,2022,5.0886664390563965,24.972000122070312,-15.883999824523926,225.0
4153759529,Anaxyrus americanus,-70.65889,43.649536,2023,7.187666893005371,26.871999740600586,-13.027999877929688,257.0
4153746949,Anaxyrus americanus,-70.222838,44.185695,2023,6.800333499908447,26.308000564575195,-13.300000190734863,258.0
4153737217,Anaxyrus americanus,-67.616653,44.528622,2023,,,,
4153725161,Anaxyrus americanus,-69.848511,45.271575,2023,3.9083333015441895,24.171998977661133,-17.875999450683594,211.0
4153723763,Anaxyrus americanus,-69.118861,44.256292,2023,7.117166519165039,25.332000732421875,-11.54800033569336,257.0
4153709379,Anaxyrus americanus,-69.889763,43.93303,2022,7.6147918701171875,25.975000381469727,-11.114999771118164,245.0
4153700782,Anaxyrus americanus,-68.453943,45.4379,2022,5.567999839782715,26.167999267578125,-16.076000213623047,228.0
4153670374,Anaxyrus americanus,-69.078468,45.762761,2023,4.387166500091553,24.979999542236328,-17.47599983215332,196.0
4153655535,Anaxyrus americanus,-69.84855,45.271731,2023,3.9083333015441895,24.171998977661133,-17.875999450683594,211.0
4153651417,Anaxyrus americanus,-69.629342,44.532455,2022,6.932000160217285,27.04400062561035,-13.708000183105469,220.0
4153644581,Dryophytes versicolor,-69.943365,44.025057,2023,7.211666584014893,25.892000198364258,-11.904000282287598,249.0
4153641569,Anaxyrus americanus,-70.22581,43.73047,2023,7.533522605895996,25.772727966308594,-11.022727012634277,246.0
4153636570,Anaxyrus americanus,-68.995481,44.338722,2023,6.944999694824219,25.323999404907227,-11.652000427246094,258.0
4153617545,Anaxyrus americanus,-69.364785,44.345304,2023,6.625500202178955,25.47599983215332,-12.664000511169434,266.0
4153607878,Anaxyrus americanus,-69.57743,45.282692,2023,4.626333236694336,24.935998916625977,-17.076000213623047,213.0
4153571537,Anaxyrus americanus,-69.077935,45.762818,2023,4.387166500091553,24.979999542236328,-17.47599983215332,196.0
4153570759,Notophthalmus viridescens,-70.377388,43.714161,2023,7.323166847229004,26.29199981689453,-12.220000267028809,249.0
4153561898,Anaxyrus americanus,-69.135933,44.207655,2023,7.0395002365112305,24.871999740600586,-11.211999893188477,258.0
4153507472,Anaxyrus americanus,-70.084469,43.822592,2023,,,,
4153492543,Anaxyrus americanus,-68.63418,44.573154,2020,6.709333419799805,25.944000244140625,-12.928000450134277,261.0
4153488456,Anaxyrus americanus,-70.304456,43.684577,2022,7.831333160400391,26.559999465942383,-11.355999946594238,250.0
4153487526,Anaxyrus americanus,-68.823436,45.916661,2023,4.039999961853027,24.6200008392334,-17.56800079345703,205.0
4153473450,Dryophytes versicolor,-68.462006,45.435275,2022,5.603499889373779,26.220001220703125,-15.97599983215332,222.0
4153468544,Anaxyrus americanus,-69.240949,45.045982,2023,5.3358330726623535,25.355998992919922,-15.98799991607666,234.0
4153467704,Anaxyrus americanus,-70.13813,44.673553,2023,5.76633358001709,26.09200096130371,-15.859999656677246,258.0
4153438663,Anaxyrus americanus,-70.819227,43.362039,2023,7.714166641235352,27.27199935913086,-11.48799991607666,264.0
4153408440,Anaxyrus americanus,-69.382561,44.205456,2022,7.148499965667725,25.652000427246094,-11.607999801635742,254.0
4153405774,Notophthalmus viridescens,-69.208836,43.96033,2023,7.46600866317749,23.947368621826172,-9.310526847839355,247.0
4153397657,Anaxyrus americanus,-69.921883,43.93385,2023,7.578666687011719,26.128000259399414,-11.359999656677246,246.0
4153397549,Anaxyrus americanus,-69.84285,44.048261,2023,7.247833251953125,25.992000579833984,-11.956000328063965,249.0
4153375437,Anaxyrus americanus,-70.136148,44.674188,2023,5.76633358001709,26.09200096130371,-15.859999656677246,258.0
4153374807,Anaxyrus americanus,-70.989477,44.235609,2023,6.218166828155518,26.356000900268555,-14.64799976348877,238.0
4153365266,Anaxyrus americanus,-68.845206,44.744631,2023,6.64033317565918,26.468000411987305,-13.552000045776367,247.0
4153364206,Anaxyrus americanus,-69.594939,43.991256,2023,7.512666702270508,25.215999603271484,-10.407999992370605,248.0
4153363646,Dryophytes versicolor,-70.905915,43.128502,2023,,,,
4153359152,Anaxyrus americanus,-70.858564,43.998433,2023,6.676499843597412,26.983999252319336,-14.600000381469727,267.0
4145814812,Anaxyrus americanus,-70.549617,43.79578,2023,7.1875,26.420000076293945,-12.399999618530273,254.0
4145779443,Dryophytes versicolor,-69.418578,45.379587,2023,4.403500080108643,24.736000061035156,-17.299999237060547,212.0
4145747701,Notophthalmus viridescens,-69.404367,45.377342,2023,4.480000019073486,24.760000228881836,-17.20400047302246,213.0
4145743678,Dryophytes versicolor,-68.180953,44.47237,2023,,,,
4145708411,Dryophytes versicolor,-70.49042,43.491318,2023,7.818833351135254,26.559999465942383,-11.0,250.0
4145659717,Dryophytes versicolor,-68.060167,44.337478,2023,6.8611979484558105,23.924999237060547,-10.793749809265137,256.0
4145609777,Dryophytes versicolor,-70.864892,43.092033,2023,,,,
4145598891,Dryophytes versicolor,-70.971007,44.010004,2023,6.725333213806152,27.35999870300293,-14.604000091552734,263.0
4145578340,Dryophytes versicolor,-69.579996,45.503594,2023,3.869833469390869,24.107999801635742,-18.016000747680664,204.0
4145552646,Dryophytes versicolor,-70.877816,43.347652,2023,7.756499767303467,27.68000030517578,-11.748000144958496,260.0
4145550088,Anaxyrus americanus,-70.496392,44.042911,2023,6.818333148956299,26.3439998626709,-13.711999893188477,257.0
4145513926,Anaxyrus americanus,-68.851058,45.938337,2023,2.86299991607666,23.20800018310547,-18.31999969482422,222.0
4145457465,Anaxyrus americanus,-70.732376,44.063629,2022,6.552000045776367,26.607999801635742,-14.652000427246094,263.0
4145425788,Anaxyrus americanus,-70.669289,44.303394,2023,5.6601667404174805,25.496000289916992,-15.079999923706055,248.0
4145384962,Anaxyrus americanus,-67.127083,44.71272,2023,6.146833419799805,24.131999969482422,-12.472000122070312,243.0
4145331862,Dryophytes versicolor,-70.456839,43.485377,2023,7.889999866485596,26.43199920654297,-10.684000015258789,248.0
4145250794,Dryophytes versicolor,-69.631103,44.484511,2023,6.785666465759277,26.624000549316406,-13.631999969482422,226.0
4145239789,Anaxyrus americanus,-68.849817,45.932622,2023,2.86299991607666,23.20800018310547,-18.31999969482422,222.0
4145230271,Notophthalmus viridescens,-69.150506,44.157694,2023,7.0995001792907715,24.763999938964844,-10.892000198364258,256.0
4145225214,Notophthalmus viridescens,-69.153555,44.152561,2023,7.0995001792907715,24.763999938964844,-10.892000198364258,256.0
4145222676,Dryophytes versicolor,-69.211761,44.04141,2023,7.467763423919678,24.30526351928711,-9.652631759643555,250.0
4145219663,Dryophytes versicolor,-70.359031,43.696479,2023,7.69350004196167,26.503999710083008,-11.640000343322754,249.0
4145219405,Dryophytes versicolor,-70.785794,43.070069,2023,,,,
4145216736,Anaxyrus americanus,-70.13935,44.673255,2023,5.76633358001709,26.09200096130371,-15.859999656677246,258.0
4145187808,Dryophytes versicolor,-68.406848,44.828254,2023,6.356666564941406,26.1200008392334,-13.859999656677246,264.0
4138607368,Dryophytes versicolor,-68.335213,44.316558,2023,6.921166896820068,24.908000946044922,-11.420000076293945,262.0
4138555807,Anaxyrus americanus,-69.118419,44.259558,2023,7.117166519165039,25.332000732421875,-11.54800033569336,257.0
4138477614,Notophthalmus viridescens,-67.136017,44.88628,2023,6.338988304138184,24.299999237060547,-12.178571701049805,242.0
4138416832,Anaxyrus americanus,-70.307053,43.81099,2023,7.2158331871032715,26.0,-12.239999771118164,252.0
4138389106,Anaxyrus americanus,-70.829038,44.129373,2023,6.347833156585693,26.42799949645996,-14.684000015258789,253.0
4138379270,Dryophytes versicolor,-67.289386,45.168835,2023,6.188541889190674,26.15416717529297,-14.266666412353516,257.0
4138373495,Anaxyrus americanus,-70.922202,43.130672,2023,,,,
4138345305,Notophthalmus viridescens,-69.573128,43.881775,2023,7.741666316986084,24.549999237060547,-9.208333969116211,246.0
4138311708,Notophthalmus viridescens,-69.642468,43.929751,2023,7.626704692840576,24.940908432006836,-9.92272663116455,246.0
4138294640,Dryophytes versicolor,-70.809684,43.12565,2023,8.576587677001953,27.571428298950195,-9.790475845336914,250.0
4138283483,Dryophytes versicolor,-68.0607,44.332615,2023,,,,
4138272208,Notophthalmus viridescens,-69.026558,44.319692,2023,7.0291666984558105,25.307998657226562,-11.472000122070312,255.0
4138156865,Anaxyrus americanus,-69.391905,44.0006,2017,,,,
4138145806,Anaxyrus americanus,-69.215528,44.313642,2023,6.9008331298828125,25.600000381469727,-12.095999717712402,260.0
4138142415,Dryophytes versicolor,-69.66097,43.872694,2023,7.671229839324951,24.44761848449707,-9.295238494873047,246.0
4138115795,Anaxyrus americanus,-70.747285,43.861096,2023,6.481333255767822,26.236000061035156,-14.144000053405762,278.0
4138077917,Dryophytes versicolor,-70.43143,43.412159,2023,7.9071431159973145,26.08095359802246,-10.061904907226562,244.0
4138044064,Notophthalmus viridescens,-70.456719,43.801828,2023,7.138999938964844,26.45199966430664,-12.776000022888184,251.0
4138032983,Dryophytes versicolor,-69.646477,44.556734,2023,6.94350004196167,27.18400001525879,-13.927999496459961,221.0
4138014351,Anaxyrus americanus,-68.854545,45.920008,2023,2.86299991607666,23.20800018310547,-18.31999969482422,222.0
4138001839,Anaxyrus americanus,-70.555469,43.327071,2023,8.149106979370117,26.78571319580078,-10.04285717010498,248.0
4137991729,Anaxyrus americanus,-70.985,44.235538,2023,6.218166828155518,26.356000900268555,-14.64799976348877,238.0
4137939368,Dryophytes versicolor,-70.118994,44.226653,2023,6.75266695022583,26.176000595092773,-13.267999649047852,258.0
4137901336,Notophthalmus viridescens,-68.075133,44.375642,2023,6.780797004699707,24.57391357421875,-11.565217018127441,257.0
4137885264,Dryophytes versicolor,-67.840167,46.143582,2023,4.518166542053223,25.631999969482422,-17.672000885009766,216.0
4137834665,Dryophytes versicolor,-70.490539,43.49177,2023,7.818833351135254,26.559999465942383,-11.0,250.0
4137818628,Anaxyrus americanus,-69.1006,45.738358,2023,4.332833290100098,24.91200065612793,-17.520000457763672,196.0
4137791478,Anaxyrus americanus,-70.640384,43.75337,2023,7.005499839782715,26.851999282836914,-13.579999923706055,256.0
4137752958,Notophthalmus viridescens,-70.24153,44.443922,2023,6.128499984741211,26.040000915527344,-14.684000015258789,262.0
4137751060,Dryophytes versicolor,-70.741188,43.173305,2023,8.345333099365234,27.163999557495117,-9.960000038146973,252.0
4137709357,Anaxyrus americanus,-70.351387,44.039795,2021,6.89633321762085,26.172000885009766,-13.095999717712402,257.0
4137678890,Dryophytes versicolor,-70.910525,44.327432,2023,5.358999729156494,25.076000213623047,-15.232000350952148,248.0
4137668712,Dryophytes versicolor,-70.468265,43.373612,2023,8.032675743103027,26.336841583251953,-9.942105293273926,246.0
4137660856,Dryophytes versicolor,-69.970658,44.363628,2023,6.677000045776367,26.27199935913086,-13.715999603271484,259.0
4137612617,Anaxyrus americanus,-70.971006,44.157444,2023,6.5269999504089355,26.95199966430664,-14.616000175476074,246.0
4137599264,Dryophytes versicolor,-68.307009,46.008014,2023,4.4011664390563965,25.27199935913086,-18.09600067138672,203.0
4134233600,Anaxyrus americanus,-70.449828,43.982214,2023,6.875500202178955,26.13599967956543,-13.395999908447266,258.0
4134156358,Anaxyrus americanus,-70.5412,45.035508,2023,3.2158334255218506,23.187999725341797,-18.083999633789062,242.0
4134124455,Dryophytes versicolor,-70.636811,43.529597,2023,7.513166904449463,26.847999572753906,-12.119999885559082,256.0
4134088216,Anaxyrus americanus,-70.449759,43.982232,2023,6.875500202178955,26.13599967956543,-13.395999908447266,258.0
4134064729,Notophthalmus viridescens,-69.350443,44.960761,2023,5.751999855041504,25.944000244140625,-15.65999984741211,222.0
4134053729,Anaxyrus americanus,-70.846464,43.583286,2023,7.104166507720947,27.003999710083008,-13.03600025177002,272.0
4133969591,Notophthalmus viridescens,-69.81198,43.805813,2023,7.709868431091309,24.947368621826172,-9.77368450164795,245.0
4133967000,Anaxyrus americanus,-69.089401,44.246887,2023,7.1670002937316895,25.107999801635742,-11.227999687194824,255.0
4133901726,Dryophytes versicolor,-68.300936,44.403271,2023,7.011833190917969,25.464000701904297,-11.715999603271484,257.0
4133899663,Notophthalmus viridescens,-68.995891,44.337499,2023,6.944999694824219,25.323999404907227,-11.652000427246094,258.0
4133874847,Dryophytes versicolor,-69.91815,43.936569,2023,7.578666687011719,26.128000259399414,-11.359999656677246,246.0
4133855654,Dryophytes versicolor,-70.2112,44.018556,2023,7.000500202178955,26.083999633789062,-12.527999877929688,253.0
4133839608,Anaxyrus americanus,-69.037858,45.873225,2022,4.179499626159668,24.81999969482422,-17.628000259399414,194.0
4133831166,Notophthalmus viridescens,-68.643379,44.630532,2023,6.339666843414307,25.76799964904785,-13.503999710083008,269.0
4133804727,Dryophytes versicolor,-70.91896,43.12128,2023,,,,
4133769676,Dryophytes versicolor,-69.704362,44.674108,2023,6.297499656677246,26.435998916625977,-14.807999610900879,219.0
4133762980,Dryophytes versicolor,-67.432487,44.609886,2023,,,,
4133749835,Dryophytes versicolor,-68.281983,44.784251,2023,6.230666637420654,25.86400032043457,-13.95199966430664,263.0
4133696727,Dryophytes versicolor,-70.649352,44.289083,2023,6.017333507537842,25.884000778198242,-14.751999855041504,249.0
4133600770,Anaxyrus americanus,-69.621703,44.101261,2023,7.291666507720947,25.81599998474121,-11.53600025177002,252.0
4130321893,Anaxyrus americanus,-67.42743,45.55301,2017,5.444000244140625,26.25200080871582,-15.812000274658203,248.0
4130305351,Dryophytes versicolor,-69.57711,45.924362,2021,3.6008331775665283,24.535999298095703,-18.61199951171875,184.0
4130178742,Dryophytes versicolor,-68.978752,45.034607,2023,6.03000020980835,26.284000396728516,-15.039999961853027,222.0
4130140313,Notophthalmus viridescens,-68.573868,44.362953,2023,7.116886138916016,25.36842155456543,-11.384210586547852,255.0
4130108527,Dryophytes versicolor,-70.390472,43.454662,2023,7.86566686630249,25.895999908447266,-10.079999923706055,244.0
4130074181,Dryophytes versicolor,-69.574608,45.933461,2023,3.6008331775665283,24.535999298095703,-18.61199951171875,184.0
4130073479,Dryophytes versicolor,-70.928458,43.221425,2023,,,,
4129998426,Anaxyrus americanus,-69.154419,44.324055,2023,6.75,25.152000427246094,-12.064000129699707,263.0
4129992517,Anaxyrus americanus,-69.927086,44.818841,2022,5.735666751861572,25.968000411987305,-15.9399995803833,229.0
4129962861,Anaxyrus americanus,-70.65005,44.286886,2023,6.017333507537842,25.884000778198242,-14.751999855041504,249.0
4129940986,Anaxyrus americanus,-70.637126,43.403091,2023,7.875333309173584,27.131999969482422,-11.248000144958496,254.0
4129920034,Dryophytes versicolor,-70.869253,44.049262,2023,6.543333530426025,26.836000442504883,-14.636000633239746,262.0
4129760244,Anaxyrus americanus,-69.5766,45.929386,2023,3.6008331775665283,24.535999298095703,-18.61199951171875,184.0
4129743639,Anaxyrus americanus,-69.814019,43.799502,2023,7.709868431091309,24.947368621826172,-9.77368450164795,245.0
4129716846,Anaxyrus americanus,-70.200421,43.91604,2023,7.204833030700684,25.875999450683594,-11.916000366210938,248.0
4129679699,Anaxyrus americanus,-70.633589,43.138559,2023,8.4769926071167,26.92608642578125,-9.317391395568848,246.0
4127431186,Notophthalmus viridescens,-69.662255,43.874067,2023,7.671229839324951,24.44761848449707,-9.295238494873047,246.0
4127371293,Dryophytes versicolor,-70.69232,43.222565,2023,8.121500015258789,26.788000106811523,-10.079999923706055,256.0
4127307945,Anaxyrus americanus,-69.680193,43.880189,2023,,,,
4127283381,Dryophytes versicolor,-70.210409,44.012751,2023,7.000500202178955,26.083999633789062,-12.527999877929688,253.0
4127154759,Dryophytes versicolor,-70.369854,43.757799,2023,7.260000228881836,26.027999877929688,-12.208000183105469,251.0
4127153758,Dryophytes versicolor,-70.869163,44.04932,2023,6.543333530426025,26.836000442504883,-14.636000633239746,262.0
4126976378,Dryophytes versicolor,-69.80521,43.96563,2023,7.539791584014893,25.795000076293945,-11.130000114440918,246.0
4121455548,Notophthalmus viridescens,-70.39918,43.459339,2023,7.868287086486816,26.205554962158203,-10.466666221618652,244.0
4121453079,Dryophytes versicolor,-68.569516,44.442687,2023,6.809999942779541,25.555999755859375,-12.220000267028809,260.0
4121439661,Anaxyrus americanus,-70.304457,43.683307,2023,7.831333160400391,26.559999465942383,-11.355999946594238,250.0
4121373238,Dryophytes versicolor,-69.495057,44.111252,2023,7.413000106811523,25.61600112915039,-11.239999771118164,250.0
4121164064,Notophthalmus viridescens,-69.29383,44.587156,2023,6.544333457946777,26.284000396728516,-13.779999732971191,236.0
4121062302,Dryophytes versicolor,-69.808762,43.80608,2023,7.709868431091309,24.947368621826172,-9.77368450164795,245.0
4120941565,Anaxyrus americanus,-70.640585,43.753567,2023,7.005499839782715,26.851999282836914,-13.579999923706055,256.0
4120913365,Notophthalmus viridescens,-69.882149,44.546814,2023,6.476333141326904,26.312000274658203,-14.51200008392334,240.0
4120885153,Anaxyrus americanus,-70.719014,43.102781,2023,,,,
4116557969,Notophthalmus viridescens,-69.87292,45.057226,2023,5.074333667755127,25.368000030517578,-16.643999099731445,215.0
4116480891,Dryophytes versicolor,-68.98433,44.863187,2023,6.307666778564453,26.323999404907227,-14.368000030517578,231.0
4116216171,Dryophytes versicolor,-69.001258,44.402205,2023,7.017666816711426,25.803998947143555,-11.9399995803833,255.0
4116178486,Anaxyrus americanus,-69.33307,44.601058,2019,6.544333457946777,26.284000396728516,-13.779999732971191,236.0
4116139926,Dryophytes versicolor,-70.47698,43.354846,2023,8.032675743103027,26.336841583251953,-9.942105293273926,246.0
4111973703,Notophthalmus viridescens,-68.47336,45.494357,2022,5.457333087921143,26.100000381469727,-16.15999984741211,223.0
4111645820,Notophthalmus viridescens,-69.842788,44.048503,2023,7.247833251953125,25.992000579833984,-11.956000328063965,249.0
4111622036,Notophthalmus viridescens,-68.460286,46.107164,2023,3.3259999752044678,24.152000427246094,-19.059999465942383,214.0
4103235257,Dryophytes versicolor,-68.809089,44.929652,2023,6.328499794006348,26.40399932861328,-14.34000015258789,226.0
4103227608,Notophthalmus viridescens,-68.491057,46.177547,2023,3.448500156402588,24.41200065612793,-19.27199935913086,203.0
4103171541,Notophthalmus viridescens,-68.66626,44.90436,2023,6.609499931335449,26.81999969482422,-13.807999610900879,231.0
4103165005,Anaxyrus americanus,-70.902533,44.178245,2022,6.575833320617676,26.851999282836914,-14.555999755859375,241.0
4103012583,Anaxyrus americanus,-68.477353,46.057124,2023,3.9056665897369385,24.668001174926758,-18.56800079345703,204.0
4103001636,Notophthalmus viridescens,-68.536421,46.172715,2023,3.554666757583618,24.52400016784668,-19.236000061035156,197.0
4102848129,Notophthalmus viridescens,-68.47279,46.190976,2023,3.448500156402588,24.41200065612793,-19.27199935913086,203.0
4102673203,Anaxyrus americanus,-69.331175,44.60416,2023,6.544333457946777,26.284000396728516,-13.779999732971191,236.0
4102560189,Anaxyrus americanus,-70.233958,43.641723,2023,8.066319465637207,26.241666793823242,-10.366666793823242,245.0
4096867031,Notophthalmus viridescens,-70.131728,44.679447,2023,5.76633358001709,26.09200096130371,-15.859999656677246,258.0
4096661730,Anaxyrus americanus,-69.331695,44.606521,2023,6.544333457946777,26.284000396728516,-13.779999732971191,236.0
4091967607,Dryophytes versicolor,-69.929817,43.935587,2023,7.578666687011719,26.128000259399414,-11.359999656677246,246.0
4091955251,Anaxyrus americanus,-70.860732,44.217153,2023,6.290499687194824,26.375999450683594,-14.760000228881836,244.0
4091953763,Anaxyrus americanus,-70.647514,44.288119,2023,6.017333507537842,25.884000778198242,-14.751999855041504,249.0
4091943663,Notophthalmus viridescens,-69.84192,44.051761,2023,7.247833251953125,25.992000579833984,-11.956000328063965,249.0
4091898665,Notophthalmus viridescens,-69.841928,44.0517,2023,7.247833251953125,25.992000579833984,-11.956000328063965,249.0
4091814680,Notophthalmus viridescens,-69.386817,44.448067,2023,6.376500129699707,25.56399917602539,-13.303999900817871,257.0
4091802620,Notophthalmus viridescens,-69.84198,44.051139,2023,7.247833251953125,25.992000579833984,-11.956000328063965,249.0
4091787492,Notophthalmus viridescens,-68.71304,45.027041,2023,6.172999858856201,26.435998916625977,-14.640000343322754,224.0
4091692479,Notophthalmus viridescens,-68.92321,44.830009,2023,6.423500061035156,26.40399932861328,-14.12399959564209,238.0
4091665636,Anaxyrus americanus,-69.637189,44.109913,2023,7.203999996185303,25.75200080871582,-11.699999809265137,253.0
4091662627,Notophthalmus viridescens,-68.654445,44.899508,2023,6.609499931335449,26.81999969482422,-13.807999610900879,231.0
4091660639,Notophthalmus viridescens,-68.791007,45.121788,2023,5.994999885559082,26.331998825073242,-15.084000587463379,221.0
4091635691,Notophthalmus viridescens,-69.841805,44.052008,2023,7.247833251953125,25.992000579833984,-11.956000328063965,249.0
4091632606,Notophthalmus viridescens,-68.69399,45.051115,2023,6.138499736785889,26.40799903869629,-14.779999732971191,224.0
4091621613,Notophthalmus viridescens,-69.842178,44.049739,2023,7.247833251953125,25.992000579833984,-11.956000328063965,249.0
4091612588,Anaxyrus americanus,-68.923776,44.830559,2023,6.423500061035156,26.40399932861328,-14.12399959564209,238.0
4091586079,Notophthalmus viridescens,-68.763735,44.822861,2023,7.00333309173584,27.31999969482422,-13.616000175476074,244.0
4091584656,Notophthalmus viridescens,-68.20658,44.371972,2023,6.956127166748047,24.92352867126465,-11.376470565795898,260.0
4091520485,Dryophytes versicolor,-70.708428,44.053619,2022,6.552000045776367,26.607999801635742,-14.652000427246094,263.0
4091485691,Notophthalmus viridescens,-70.647075,44.288642,2023,6.017333507537842,25.884000778198242,-14.751999855041504,249.0
4091480634,Notophthalmus viridescens,-68.240086,44.38299,2023,6.991421699523926,25.48235321044922,-11.79411792755127,259.0
4091469646,Anaxyrus americanus,-69.335358,44.60735,2023,6.595666885375977,26.360000610351562,-13.748000144958496,233.0
4091453586,Notophthalmus viridescens,-68.20627,44.372055,2023,6.956127166748047,24.92352867126465,-11.376470565795898,260.0
4091421536,Anaxyrus americanus,-68.930719,44.825069,2023,6.423500061035156,26.40399932861328,-14.12399959564209,238.0
4091402469,Dryophytes versicolor,-70.70845,44.053617,2022,6.552000045776367,26.607999801635742,-14.652000427246094,263.0
4091392737,Anaxyrus americanus,-69.385833,44.447575,2023,6.376500129699707,25.56399917602539,-13.303999900817871,257.0
4091375917,Anaxyrus americanus,-70.31378,45.233476,2022,3.7840001583099365,23.95199966430664,-17.719999313354492,212.0
4080457264,Notophthalmus viridescens,-70.38129,43.451293,2023,7.86566686630249,25.895999908447266,-10.079999923706055,244.0
4076301655,Notophthalmus viridescens,-69.050697,45.891089,2021,3.7096667289733887,24.392000198364258,-18.18000030517578,198.0
4075943887,Anaxyrus americanus,-70.988894,44.557457,2022,3.3511667251586914,22.663999557495117,-16.851999282836914,280.0
4075888666,Anaxyrus americanus,-68.8578,45.920364,2021,2.86299991607666,23.20800018310547,-18.31999969482422,222.0
4075785158,Anaxyrus americanus,-70.438713,45.140237,2018,4.193166732788086,24.516000747680664,-17.447999954223633,203.0
4075726768,Anaxyrus americanus,-69.462744,43.902819,2022,7.535745620727539,24.347368240356445,-9.421052932739258,249.0
4075717764,Anaxyrus americanus,-70.688797,44.110783,2022,6.677666664123535,26.739999771118164,-14.491999626159668,256.0
4067345618,Anaxyrus americanus,-68.161204,46.715338,2022,3.755833387374878,24.899999618530273,-18.90399932861328,170.0
4062914786,Anaxyrus americanus,-70.6488,44.288949,2008,6.017333507537842,25.884000778198242,-14.751999855041504,249.0
4062833394,Anaxyrus americanus,-69.482422,44.41204,2021,6.719666481018066,26.027999877929688,-12.996000289916992,246.0
4062775745,Anaxyrus americanus,-70.992119,44.356044,2019,5.436166763305664,25.384000778198242,-15.232000350952148,225.0
4062749412,Anaxyrus americanus,-69.481963,44.412044,2022,6.719666481018066,26.027999877929688,-12.996000289916992,246.0
4055066978,Anaxyrus americanus,-69.663931,44.556869,2022,6.94350004196167,27.18400001525879,-13.927999496459961,221.0
4055059301,Anaxyrus americanus,-70.6488,44.288949,2016,6.017333507537842,25.884000778198242,-14.751999855041504,249.0
4039411867,Anaxyrus americanus,-69.702994,45.475558,2022,3.429499864578247,23.583999633789062,-18.191999435424805,216.0
4039270835,Notophthalmus viridescens,-69.644714,45.466928,2022,3.809000015258789,23.996000289916992,-17.91200065612793,209.0
4034996908,Dryophytes versicolor,-69.416922,43.979202,2022,7.5020833015441895,24.911109924316406,-10.022222518920898,249.0
4029180059,Notophthalmus viridescens,-68.855608,45.927946,2014,2.86299991607666,23.20800018310547,-18.31999969482422,222.0
4029023850,Notophthalmus viridescens,-68.848,46.125545,2020,3.7266666889190674,24.45199966430664,-18.871999740600586,193.0
4028964660,Notophthalmus viridescens,-69.000014,44.398922,2022,7.017666816711426,25.803998947143555,-11.9399995803833,255.0
4028841979,Dryophytes versicolor,-70.708467,44.053647,2022,6.552000045776367,26.607999801635742,-14.652000427246094,263.0
4028757910,Anaxyrus americanus,-68.041382,44.813557,2022,6.102166652679443,25.583999633789062,-14.307999610900879,262.0
4028674888,Dryophytes versicolor,-68.061036,44.332428,2022,,,,
4028648007,Anaxyrus americanus,-69.814257,43.807074,2022,7.709868431091309,24.947368621826172,-9.77368450164795,245.0
4022368411,Anaxyrus americanus,-70.228998,43.643264,2022,8.066319465637207,26.241666793823242,-10.366666793823242,245.0
4018254810,Anaxyrus americanus,-69.445469,45.253783,2012,5.005666732788086,25.375999450683594,-16.72800064086914,209.0
4014864058,Anaxyrus americanus,-70.917975,43.155575,2022,,,,
4011865176,Anaxyrus americanus,-69.66915,45.526719,2022,3.890333414077759,24.168001174926758,-17.95599937438965,199.0
4011683754,Notophthalmus viridescens,-69.418878,43.983383,2022,7.5020833015441895,24.911109924316406,-10.022222518920898,249.0
3988763505,Anaxyrus americanus,-69.979225,43.974701,2022,7.333333492279053,26.016000747680664,-11.723999977111816,247.0
3988729510,Anaxyrus americanus,-70.499744,43.788132,2022,7.0916666984558105,26.3799991607666,-12.772000312805176,250.0
3988716529,Anaxyrus americanus,-69.469632,43.901623,2022,7.535745620727539,24.347368240356445,-9.421052932739258,249.0
3988637486,Anaxyrus americanus,-69.457624,44.028586,2022,7.448500156402588,25.083999633789062,-10.435999870300293,249.0
3988631548,Dryophytes versicolor,-70.715103,43.850525,2022,6.481333255767822,26.236000061035156,-14.144000053405762,278.0
3988625613,Anaxyrus americanus,-69.005669,44.34141,2022,6.885833263397217,25.347999572753906,-11.880000114440918,260.0
3988625023,Anaxyrus americanus,-70.894994,44.424974,2022,4.766166687011719,24.351999282836914,-15.723999977111816,245.0
3988615551,Anaxyrus americanus,-69.464858,43.899661,2022,7.535745620727539,24.347368240356445,-9.421052932739258,249.0
3988608548,Anaxyrus americanus,-68.741775,44.815006,2022,6.86566686630249,27.06399917602539,-13.619999885559082,242.0
3988607515,Anaxyrus americanus,-69.469632,43.901623,2022,7.535745620727539,24.347368240356445,-9.421052932739258,249.0
3988604532,Anaxyrus americanus,-70.737673,44.049956,2022,6.552000045776367,26.607999801635742,-14.652000427246094,263.0
3988598499,Anaxyrus americanus,-69.469632,43.901623,2022,7.535745620727539,24.347368240356445,-9.421052932739258,249.0
3988576550,Anaxyrus americanus,-70.050777,43.939981,2022,7.17983341217041,25.74799919128418,-11.763999938964844,248.0
3988528516,Anaxyrus americanus,-70.239294,43.765642,2022,7.390000343322754,25.832000732421875,-11.435999870300293,248.0
3988519524,Anaxyrus americanus,-69.469632,43.901623,2022,7.535745620727539,24.347368240356445,-9.421052932739258,249.0
3988517515,Anaxyrus americanus,-69.086929,44.154877,2022,7.2244791984558105,24.79166603088379,-10.666666984558105,253.0
3988513574,Anaxyrus americanus,-70.302754,43.830966,2022,7.2158331871032715,26.0,-12.239999771118164,252.0
3988510541,Anaxyrus americanus,-70.694369,44.120169,2022,6.677666664123535,26.739999771118164,-14.491999626159668,256.0
3988503543,Anaxyrus americanus,-71.001731,44.237513,2022,,,,
3988481563,Anaxyrus americanus,-70.819087,44.959138,2022,3.864166736602783,23.992000579833984,-17.827999114990234,198.0
3988468545,Anaxyrus americanus,-69.73167,44.458839,2022,6.684500217437744,26.583999633789062,-13.831999778747559,230.0
3988465507,Anaxyrus americanus,-70.705643,44.228115,2022,6.18416690826416,26.176000595092773,-14.704000473022461,248.0
3988457499,Dryophytes versicolor,-70.362474,44.027081,2022,6.89633321762085,26.172000885009766,-13.095999717712402,257.0
3988452519,Anaxyrus americanus,-70.986938,44.091136,2022,6.5911664962768555,27.168001174926758,-14.744000434875488,251.0
3988450544,Anaxyrus americanus,-70.346317,44.804878,2022,5.304500102996826,25.639999389648438,-16.284000396728516,225.0
3988447535,Dryophytes versicolor,-68.809738,44.743465,2022,6.744333267211914,26.59600067138672,-13.435999870300293,248.0
3988443539,Anaxyrus americanus,-70.901878,44.571656,2022,4.391166687011719,24.06399917602539,-16.24799919128418,227.0
3986293251,Anaxyrus americanus,-69.013397,45.955181,2022,2.3434998989105225,22.68400001525879,-19.200000762939453,238.0
3986270860,Anaxyrus americanus,-69.700828,45.475206,2022,3.429499864578247,23.583999633789062,-18.191999435424805,216.0
3986240393,Anaxyrus americanus,-70.310906,44.977283,2022,2.9064998626708984,22.42799949645996,-17.607999801635742,269.0
3986038060,Notophthalmus viridescens,-69.570044,45.458967,2022,3.697333574295044,23.940000534057617,-18.08799934387207,214.0
3985929405,Notophthalmus viridescens,-68.617655,44.295408,2022,7.094791889190674,25.200000762939453,-11.254166603088379,255.0
3985784891,Anaxyrus americanus,-69.387589,45.614189,2022,2.7136666774749756,22.86400032043457,-18.711999893188477,241.0
3985629988,Anaxyrus americanus,-69.443517,45.778168,2022,2.993499994277954,23.38800048828125,-18.748001098632812,221.0
3985627752,Anaxyrus americanus,-69.684619,45.461625,2022,3.429499864578247,23.583999633789062,-18.191999435424805,216.0
3966747714,Anaxyrus americanus,-69.062245,45.942073,2022,2.798166513442993,23.288000106811523,-18.91200065612793,221.0
3966725692,Anaxyrus americanus,-68.676177,45.925417,2022,4.249166488647461,24.920000076293945,-17.488000869750977,209.0
3966678271,Dryophytes versicolor,-69.222839,45.467736,2022,4.441999912261963,24.695999145507812,-17.115999221801758,217.0
3966578655,Anaxyrus americanus,-68.695925,45.921822,2022,4.249166488647461,24.920000076293945,-17.488000869750977,209.0
3966560701,Anaxyrus americanus,-69.064622,45.945943,2022,2.798166513442993,23.288000106811523,-18.91200065612793,221.0
3966551651,Anaxyrus americanus,-69.06523,45.946788,2022,2.798166513442993,23.288000106811523,-18.91200065612793,221.0
3966541651,Anaxyrus americanus,-69.065348,45.947598,2022,2.798166513442993,23.288000106811523,-18.91200065612793,221.0
3966538673,Anaxyrus americanus,-69.062023,45.936792,2022,2.798166513442993,23.288000106811523,-18.91200065612793,221.0
3966532808,Anaxyrus americanus,-69.03263,45.062572,2019,5.857833385467529,26.064001083374023,-15.284000396728516,224.0
3966502307,Anaxyrus americanus,-69.28687,45.260899,2018,5.322999954223633,25.52400016784668,-16.371999740600586,212.0
3966416520,Anaxyrus americanus,-68.711452,45.801746,2022,4.679499626159668,25.496000289916992,-17.312000274658203,207.0
3966350847,Dryophytes versicolor,-69.032592,45.062542,2019,5.857833385467529,26.064001083374023,-15.284000396728516,224.0
3963652830,Anaxyrus americanus,-70.692237,43.222064,2010,8.121500015258789,26.788000106811523,-10.079999923706055,256.0
3963525157,Anaxyrus americanus,-68.738088,45.911866,2022,4.12333345413208,24.875999450683594,-17.639999389648438,212.0
3963468951,Notophthalmus viridescens,-68.59102,46.056202,2022,4.091833114624023,24.892000198364258,-18.472000122070312,199.0
3963424329,Dryophytes versicolor,-68.530589,46.046873,2022,3.862333297729492,24.68400001525879,-18.59600067138672,205.0
3963389236,Anaxyrus americanus,-68.517056,46.060202,2022,3.862333297729492,24.68400001525879,-18.59600067138672,205.0
3963243212,Anaxyrus americanus,-68.41151,46.104869,2022,3.9200000762939453,24.81599998474121,-18.604000091552734,204.0
3961501619,Anaxyrus americanus,-68.551283,46.080994,2022,3.866499900817871,24.72800064086914,-18.676000595092773,208.0
3961474571,Dryophytes versicolor,-68.637895,44.9462,2022,6.517666816711426,26.775999069213867,-14.072000503540039,231.0
3961418586,Dryophytes versicolor,-68.428566,46.097505,2022,3.7016665935516357,24.503999710083008,-18.76799964904785,208.0
3961330565,Dryophytes versicolor,-70.71505,43.850494,2022,6.481333255767822,26.236000061035156,-14.144000053405762,278.0
3961316552,Anaxyrus americanus,-68.468954,46.015612,2022,4.053666591644287,24.8439998626709,-18.38399887084961,205.0
3961197593,Anaxyrus americanus,-68.594,46.137229,2022,3.933166742324829,24.88800048828125,-18.8439998626709,193.0
3961191477,Notophthalmus viridescens,-68.520711,46.182952,2022,3.554666757583618,24.52400016784668,-19.236000061035156,197.0
3961093051,Dryophytes versicolor,-68.519867,46.121144,2022,3.757833480834961,24.552000045776367,-18.8439998626709,205.0
3961029654,Notophthalmus viridescens,-70.073494,43.944718,2022,7.17983341217041,25.74799919128418,-11.763999938964844,248.0
3960879320,Anaxyrus americanus,-69.748983,44.708589,2022,6.093500137329102,26.312000274658203,-15.180000305175781,222.0
3947826436,Anaxyrus americanus,-69.9327,44.53535,2022,6.331333160400391,26.131999969482422,-14.508000373840332,250.0
3947726547,Notophthalmus viridescens,-70.348956,43.584979,2022,7.789999961853027,26.375999450683594,-11.175999641418457,247.0
3947480747,Anaxyrus americanus,-69.38053,46.055187,2022,3.636166572570801,24.52400016784668,-18.79199981689453,187.0
3947472831,Anaxyrus americanus,-69.197528,44.332077,2022,6.9076666831970215,25.5,-11.98799991607666,260.0
3947245713,Anaxyrus americanus,-69.625322,44.170442,2022,7.1545000076293945,26.09600067138672,-12.168000221252441,253.0
3947240669,Anaxyrus americanus,-69.008126,45.745639,2022,4.725333213806152,25.36400032043457,-17.144001007080078,196.0
3947175157,Anaxyrus americanus,-68.613663,44.309406,2022,7.094791889190674,25.200000762939453,-11.254166603088379,255.0
3947052189,Anaxyrus americanus,-68.370667,44.309883,2022,6.921166896820068,24.908000946044922,-11.420000076293945,262.0
3925460190,Dryophytes versicolor,-69.032619,45.067571,2019,5.857833385467529,26.064001083374023,-15.284000396728516,224.0
3925457221,Anaxyrus americanus,-69.08645,44.251464,2022,7.117166519165039,25.332000732421875,-11.54800033569336,257.0
3925451795,Dryophytes versicolor,-69.760501,44.498766,2022,6.676000118255615,26.45599937438965,-13.932000160217285,232.0
3925439029,Notophthalmus viridescens,-69.166033,44.501701,2022,6.466000080108643,25.63599967956543,-13.204000473022461,265.0
3925425069,Notophthalmus viridescens,-69.166049,44.501715,2022,6.466000080108643,25.63599967956543,-13.204000473022461,265.0
3925419492,Notophthalmus viridescens,-69.242337,45.251129,2022,5.281000137329102,25.520000457763672,-16.40799903869629,215.0
3925413849,Anaxyrus americanus,-69.114848,44.258028,2014,7.117166519165039,25.332000732421875,-11.54800033569336,257.0
3925372436,Notophthalmus viridescens,-70.408425,43.981151,2022,6.794666767120361,25.964000701904297,-13.236000061035156,261.0
3925186182,Notophthalmus viridescens,-69.000083,44.399053,2022,7.017666816711426,25.803998947143555,-11.9399995803833,255.0
3925172045,Notophthalmus viridescens,-69.166039,44.50172,2022,6.466000080108643,25.63599967956543,-13.204000473022461,265.0
3925058174,Anaxyrus americanus,-69.08625,44.251933,2022,7.117166519165039,25.332000732421875,-11.54800033569336,257.0
3925051054,Notophthalmus viridescens,-69.166059,44.501741,2022,6.466000080108643,25.63599967956543,-13.204000473022461,265.0
3925049056,Dryophytes versicolor,-69.327169,45.36888,2019,4.767333507537842,25.040000915527344,-16.972000122070312,218.0
3923678025,Anaxyrus americanus,-69.709153,44.135442,2022,7.184999942779541,26.07200050354004,-12.208000183105469,252.0
3923638952,Anaxyrus americanus,-68.414192,44.671292,2022,6.70283317565918,26.26799964904785,-13.415999412536621,259.0
3923597596,Notophthalmus viridescens,-70.299832,43.833064,2022,7.2158331871032715,26.0,-12.239999771118164,252.0
3923592635,Anaxyrus americanus,-70.299435,44.575562,2022,5.707833290100098,25.70400047302246,-15.343999862670898,251.0
3923532259,Dryophytes versicolor,-70.316735,43.919484,2015,7.020500183105469,26.1560001373291,-12.704000473022461,253.0
3923450642,Anaxyrus americanus,-69.785513,43.87405,2022,,,,
3923409485,Anaxyrus americanus,-67.764828,44.621305,2022,6.561174392700195,24.622726440429688,-12.550000190734863,254.0
3923403255,Anaxyrus americanus,-70.309958,43.937011,2015,7.020500183105469,26.1560001373291,-12.704000473022461,253.0
3923368210,Anaxyrus americanus,-68.878303,44.441658,2020,,,,
3923309754,Anaxyrus americanus,-68.778183,46.050675,2022,4.246833324432373,24.871999740600586,-18.18400001525879,195.0
3915686331,Anaxyrus americanus,-70.747673,44.921514,2022,3.889833450317383,24.04800033569336,-17.84000015258789,203.0
3915670478,Notophthalmus viridescens,-70.644558,44.285074,2022,6.017333507537842,25.884000778198242,-14.751999855041504,249.0
3915622953,Anaxyrus americanus,-70.717287,44.823595,2022,3.3244998455047607,23.20800018310547,-17.788000106811523,236.0
3915568327,Dryophytes versicolor,-70.564991,44.571661,2022,5.852833271026611,26.09600067138672,-15.223999977111816,219.0
3915480793,Anaxyrus americanus,-70.859812,44.410775,2022,5.893833637237549,26.139999389648438,-15.119999885559082,215.0
3915464671,Anaxyrus americanus,-69.982336,43.883513,2022,7.499833106994629,25.847999572753906,-11.196000099182129,245.0
3915384646,Anaxyrus americanus,-70.083679,43.821747,2022,,,,
3915368522,Anaxyrus americanus,-70.083342,43.822511,2022,,,,
3915360809,Anaxyrus americanus,-70.726483,43.227757,2022,8.189332962036133,27.143999099731445,-10.223999977111816,254.0
3912474794,Anaxyrus americanus,-68.798186,45.80601,2022,4.747000217437744,25.423999786376953,-17.139999389648438,201.0
3912423611,Dryophytes versicolor,-68.803682,45.629559,2019,5.01800012588501,25.652000427246094,-16.76799964904785,211.0
3912410800,Anaxyrus americanus,-68.645833,45.888297,2022,4.673666477203369,25.440000534057617,-17.18000030517578,205.0
3912384643,Anaxyrus americanus,-70.901118,43.914322,2022,6.578000068664551,26.691999435424805,-14.5,282.0
3912381826,Notophthalmus viridescens,-68.209429,44.363685,2022,6.523499965667725,24.799999237060547,-12.092000007629395,271.0
3912210293,Anaxyrus americanus,-70.642517,44.163667,2022,6.452166557312012,26.38800048828125,-14.51200008392334,257.0
3912083820,Dryophytes versicolor,-68.457492,44.54443,2022,6.786166667938232,26.11600112915039,-12.86400032043457,259.0
3911981939,Anaxyrus americanus,-70.715164,43.850494,2022,6.481333255767822,26.236000061035156,-14.144000053405762,278.0
3911970609,Notophthalmus viridescens,-68.044649,44.366451,2022,6.8611979484558105,23.924999237060547,-10.793749809265137,256.0
3903647174,Anaxyrus americanus,-70.070118,43.931223,2022,7.17983341217041,25.74799919128418,-11.763999938964844,248.0
3903614849,Anaxyrus americanus,-70.685383,43.976318,2022,6.5901665687561035,26.468000411987305,-14.371999740600586,268.0
3903602398,Anaxyrus americanus,-69.785362,43.844437,2022,,,,
3903592187,Dryophytes versicolor,-70.240106,43.706221,2022,7.707639217376709,25.883333206176758,-10.75,244.0
3903566801,Anaxyrus americanus,-68.850358,45.936192,2022,2.86299991607666,23.20800018310547,-18.31999969482422,222.0
3903556040,Notophthalmus viridescens,-69.81431,43.811305,2022,7.709868431091309,24.947368621826172,-9.77368450164795,245.0
3903531721,Anaxyrus americanus,-70.304512,43.679425,2022,7.831333160400391,26.559999465942383,-11.355999946594238,250.0
3903515522,Dryophytes versicolor,-70.755612,43.090817,2022,8.785515785217285,27.595237731933594,-9.328571319580078,250.0
3903510888,Notophthalmus viridescens,-68.253814,44.378362,2022,6.910666465759277,25.472000122070312,-11.907999992370605,261.0
3903489619,Notophthalmus viridescens,-69.278655,45.600905,2022,3.2821667194366455,23.607999801635742,-18.243999481201172,224.0
3903422306,Notophthalmus viridescens,-70.79269,43.38656,2022,7.561166763305664,27.219999313354492,-11.803999900817871,265.0
3903363464,Anaxyrus americanus,-70.498503,43.759768,2022,7.0916666984558105,26.3799991607666,-12.772000312805176,250.0
3903347329,Anaxyrus americanus,-70.420224,44.977313,2022,3.2784998416900635,23.035999298095703,-17.59600067138672,243.0
3903343865,Dryophytes versicolor,-69.188842,45.015267,2022,5.688833236694336,25.81599998474121,-15.664000511169434,228.0
3903339122,Anaxyrus americanus,-69.958253,43.899655,2022,7.652651786804199,25.950000762939453,-10.940909385681152,245.0
3903246136,Notophthalmus viridescens,-69.186967,44.372538,2018,6.91616678237915,25.700000762939453,-12.14799976348877,259.0
3903233948,Anaxyrus americanus,-68.904111,45.925005,2022,1.9283332824707031,22.167999267578125,-19.04400062561035,247.0
3903208713,Dryophytes versicolor,-69.186378,44.353088,2018,6.91616678237915,25.700000762939453,-12.14799976348877,259.0
3903192752,Anaxyrus americanus,-70.4607,43.683425,2022,7.269833564758301,26.54800033569336,-12.564000129699707,250.0
3903175726,Anaxyrus americanus,-68.279361,44.5014,2022,,,,
3903155709,Notophthalmus viridescens,-68.45885,46.170437,2022,3.448500156402588,24.41200065612793,-19.27199935913086,203.0
3903080411,Anaxyrus americanus,-70.299435,44.575562,2022,5.707833290100098,25.70400047302246,-15.343999862670898,251.0
3903032085,Notophthalmus viridescens,-68.993038,44.483374,2022,6.820000171661377,25.86400032043457,-12.531999588012695,259.0
3903010074,Dryophytes versicolor,-69.443789,44.533666,2022,6.659333229064941,26.360000610351562,-13.564000129699707,234.0
3902980487,Anaxyrus americanus,-70.76525,45.198191,2022,2.8914999961853027,22.68400001525879,-18.3799991607666,247.0
3902978949,Anaxyrus americanus,-70.39027,43.668178,2022,7.487333297729492,26.42799949645996,-12.008000373840332,249.0
3902978064,Anaxyrus americanus,-68.745442,44.812697,2022,6.86566686630249,27.06399917602539,-13.619999885559082,242.0
3902932184,Anaxyrus americanus,-69.316742,45.461075,2022,4.0908331871032715,24.31999969482422,-17.43199920654297,213.0
3902909638,Notophthalmus viridescens,-70.558188,44.731605,2022,4.17549991607666,24.04400062561035,-16.823999404907227,235.0
3902887459,Anaxyrus americanus,-67.826376,46.135308,2022,4.542333602905273,25.73200035095215,-17.61199951171875,215.0
3902873344,Anaxyrus americanus,-70.302746,43.830962,2022,7.2158331871032715,26.0,-12.239999771118164,252.0
3902816222,Anaxyrus americanus,-69.403768,45.376959,2022,4.480000019073486,24.760000228881836,-17.20400047302246,213.0
3902813432,Anaxyrus americanus,-68.576808,45.776655,2022,5.123500347137451,26.0,-16.812000274658203,208.0
3902812319,Dryophytes versicolor,-70.598806,43.916069,2022,7.1623334884643555,26.559999465942383,-12.604000091552734,257.0
3902801201,Notophthalmus viridescens,-68.992747,44.489719,2022,6.820000171661377,25.86400032043457,-12.531999588012695,259.0
3902778223,Anaxyrus americanus,-69.467108,43.897233,2022,7.535745620727539,24.347368240356445,-9.421052932739258,249.0
3902769650,Anaxyrus americanus,-68.710173,45.884006,2022,4.12333345413208,24.875999450683594,-17.639999389648438,212.0
3902680767,Notophthalmus viridescens,-69.211892,43.973147,2022,7.46600866317749,23.947368621826172,-9.310526847839355,247.0
3902605616,Dryophytes versicolor,-70.708375,43.277442,2022,8.107166290283203,27.288000106811523,-10.53600025177002,253.0
3902578706,Notophthalmus viridescens,-68.633524,45.959958,2022,4.573833465576172,25.440000534057617,-17.488000869750977,200.0
3902563692,Anaxyrus americanus,-69.709388,44.135239,2022,7.184999942779541,26.07200050354004,-12.208000183105469,252.0
3902562541,Anaxyrus americanus,-69.075134,44.229101,2022,6.89965295791626,24.762500762939453,-11.337499618530273,260.0
3902533351,Notophthalmus viridescens,-68.993254,44.487112,2022,6.820000171661377,25.86400032043457,-12.531999588012695,259.0
3902520117,Anaxyrus americanus,-70.577473,45.44866,2022,2.36816668510437,22.055999755859375,-18.663999557495117,248.0
3902500612,Anaxyrus americanus,-70.050019,43.936233,2022,7.17983341217041,25.74799919128418,-11.763999938964844,248.0
3902420410,Dryophytes versicolor,-69.64235,44.546993,2022,6.94350004196167,27.18400001525879,-13.927999496459961,221.0
3902418272,Anaxyrus americanus,-68.909387,45.92405,2022,1.9283332824707031,22.167999267578125,-19.04400062561035,247.0
3902405398,Anaxyrus americanus,-70.675828,43.623813,2022,7.287166595458984,26.90799903869629,-12.86400032043457,260.0
3902401169,Anaxyrus americanus,-70.647901,44.57561,2022,5.152500152587891,25.187999725341797,-15.831999778747559,227.0
3902398256,Notophthalmus viridescens,-68.993298,44.487288,2022,6.820000171661377,25.86400032043457,-12.531999588012695,259.0
3902383975,Anaxyrus americanus,-69.295202,45.479141,2022,4.0908331871032715,24.31999969482422,-17.43199920654297,213.0
3902383024,Anaxyrus americanus,-70.532495,44.74578,2022,4.608833312988281,24.6200008392334,-16.447999954223633,229.0
3902372783,Anaxyrus americanus,-70.207703,44.494267,2022,6.290833473205566,26.371999740600586,-14.692000389099121,257.0
3902364881,Anaxyrus americanus,-70.351174,44.728188,2022,4.340666770935059,24.076000213623047,-16.583999633789062,253.0
3902346158,Anaxyrus americanus,-69.286863,45.480388,2022,4.2241668701171875,24.46000099182129,-17.299999237060547,216.0
3902345862,Anaxyrus americanus,-69.52561,45.540154,2022,3.8286666870117188,24.22800064086914,-18.104000091552734,206.0
3902341256,Notophthalmus viridescens,-69.093064,44.23657,2022,7.1670002937316895,25.107999801635742,-11.227999687194824,255.0
3902323084,Anaxyrus americanus,-69.296624,43.963592,2022,,,,
3902302047,Notophthalmus viridescens,-68.993355,44.48462,2022,6.820000171661377,25.86400032043457,-12.531999588012695,259.0
3902275150,Anaxyrus americanus,-70.706878,43.961795,2022,6.5901665687561035,26.468000411987305,-14.371999740600586,268.0
3902234687,Anaxyrus americanus,-70.155342,45.025003,2022,4.334499835968018,24.332000732421875,-17.07200050354004,233.0
3902207962,Dryophytes versicolor,-67.231619,44.756033,2022,6.193166732788086,24.507999420166016,-12.98799991607666,245.0
3902188050,Dryophytes versicolor,-68.855788,45.711626,2022,4.942333221435547,25.559999465942383,-16.979999542236328,203.0
3902141014,Anaxyrus americanus,-70.756775,43.394028,2022,7.711166858673096,27.26799964904785,-11.616000175476074,261.0
3892621827,Anaxyrus americanus,-69.709253,44.135395,2022,7.184999942779541,26.07200050354004,-12.208000183105469,252.0
3892584833,Anaxyrus americanus,-70.663471,43.931902,2022,6.6526665687561035,26.375999450683594,-13.968000411987305,266.0
3892568757,Anaxyrus americanus,-70.869108,44.049266,2022,6.543333530426025,26.836000442504883,-14.636000633239746,262.0
3892541830,Dryophytes versicolor,-68.05943,44.337272,2022,6.8611979484558105,23.924999237060547,-10.793749809265137,256.0
3892540742,Anaxyrus americanus,-69.71087,44.114956,2022,7.260166645050049,25.983999252319336,-11.944000244140625,251.0
3892504845,Anaxyrus americanus,-70.842575,44.444405,2021,5.367000102996826,25.308000564575195,-15.479999542236328,223.0
3892475848,Dryophytes versicolor,-70.869339,44.175625,2022,6.3125,26.420000076293945,-14.699999809265137,249.0
3892426868,Anaxyrus americanus,-70.663782,43.932067,2022,6.6526665687561035,26.375999450683594,-13.968000411987305,266.0
3892398669,Anaxyrus americanus,-68.65063,45.949097,2022,4.843166351318359,25.68000030517578,-17.07200050354004,201.0
3892394744,Anaxyrus americanus,-69.016206,44.518567,2022,6.715333461761475,25.831998825073242,-12.779999732971191,262.0
3892320807,Dryophytes versicolor,-69.232641,44.821147,2022,6.320666313171387,26.351999282836914,-14.628000259399414,225.0
3892273821,Anaxyrus americanus,-70.05122,44.301249,2022,6.735833644866943,26.260000228881836,-13.652000427246094,261.0
3892268127,Dryophytes versicolor,-67.019569,44.885803,2022,,,,
3889277652,Anaxyrus americanus,-70.046669,43.868295,2022,7.436166763305664,25.61199951171875,-11.100000381469727,246.0
3889238306,Notophthalmus viridescens,-69.81505,43.80514,2022,7.709868431091309,24.947368621826172,-9.77368450164795,245.0
3889208462,Notophthalmus viridescens,-70.904588,44.174628,2022,6.575833320617676,26.851999282836914,-14.555999755859375,241.0
3889170619,Anaxyrus americanus,-69.251175,44.000964,2022,7.430034637451172,24.424999237060547,-9.804166793823242,248.0
3889152960,Anaxyrus americanus,-70.719045,43.102929,2022,,,,
3889052233,Dryophytes versicolor,-69.785872,44.102192,2022,,,,
3889029845,Anaxyrus americanus,-70.343296,44.729279,2022,4.340666770935059,24.076000213623047,-16.583999633789062,253.0
3888987026,Dryophytes versicolor,-68.147102,44.576085,2022,6.57183313369751,25.535999298095703,-12.996000289916992,262.0
3888973535,Dryophytes versicolor,-69.130675,44.160981,2022,7.0995001792907715,24.763999938964844,-10.892000198364258,256.0
3888889698,Dryophytes versicolor,-70.235222,43.8243,2022,7.369333267211914,26.0,-11.763999938964844,248.0
3888863686,Anaxyrus americanus,-68.368058,44.308105,2022,6.921166896820068,24.908000946044922,-11.420000076293945,262.0
3888862844,Anaxyrus americanus,-70.890236,44.643132,2022,4.026666641235352,23.855998992919922,-16.895999908447266,217.0
3888853577,Anaxyrus americanus,-69.02118,44.401478,2022,7.017666816711426,25.803998947143555,-11.9399995803833,255.0
3888825087,Notophthalmus viridescens,-67.91144,44.575084,2022,6.614583492279053,25.17500114440918,-12.645833015441895,254.0
3888816698,Anaxyrus americanus,-68.681454,44.912862,2022,6.562333106994629,26.719999313354492,-13.807999610900879,232.0
3888796920,Anaxyrus americanus,-69.29017,44.553362,2022,6.49399995803833,26.06399917602539,-13.555999755859375,246.0
3888761662,Anaxyrus americanus,-70.46839,44.95362,2022,2.9886667728424072,22.576000213623047,-17.615999221801758,271.0
3888753769,Dryophytes versicolor,-70.679253,43.2602,2022,8.07349967956543,26.97599983215332,-10.404000282287598,254.0
3888750752,Anaxyrus americanus,-70.755268,43.933346,2022,6.545333385467529,26.552000045776367,-14.596000671386719,274.0
3881829881,Anaxyrus americanus,-69.081122,45.754172,2022,4.387166500091553,24.979999542236328,-17.47599983215332,196.0
3881804568,Anaxyrus americanus,-70.709174,44.193222,2021,6.141833305358887,26.059999465942383,-14.711999893188477,254.0
3881799007,Anaxyrus americanus,-70.984215,44.005626,2022,6.725333213806152,27.35999870300293,-14.604000091552734,263.0
3881757015,Notophthalmus viridescens,-69.086053,45.750675,2022,4.038333415985107,24.511999130249023,-17.775999069213867,205.0
3881752266,Anaxyrus americanus,-70.591562,43.915883,2022,7.1623334884643555,26.559999465942383,-12.604000091552734,257.0
3881724041,Anaxyrus americanus,-70.400236,45.142107,2022,3.634333372116089,23.61199951171875,-17.58799934387207,224.0
3881708620,Dryophytes versicolor,-68.659821,44.902447,2022,6.609499931335449,26.81999969482422,-13.807999610900879,231.0
3881564966,Anaxyrus americanus,-70.688797,44.110783,2022,6.677666664123535,26.739999771118164,-14.491999626159668,256.0
3881539829,Anaxyrus americanus,-68.838425,46.964491,2022,2.3526666164398193,23.468000411987305,-20.648000717163086,199.0
3881531805,Dryophytes versicolor,-70.63498,43.881308,2022,6.709500312805176,26.360000610351562,-13.715999603271484,266.0
3881496848,Dryophytes versicolor,-70.606575,43.533997,2022,7.540333271026611,26.756000518798828,-11.984000205993652,255.0
3881494064,Anaxyrus americanus,-69.696572,45.86695,2022,3.754333257675171,24.200000762939453,-18.20400047302246,185.0
3881446483,Dryophytes versicolor,-68.522978,45.343666,2022,5.729499816894531,26.299999237060547,-15.776000022888184,228.0
3881435949,Anaxyrus americanus,-69.304558,43.955708,2022,,,,
3881394984,Notophthalmus viridescens,-69.02713,44.496762,2022,6.892166614532471,25.972000122070312,-12.444000244140625,257.0
3881359182,Dryophytes versicolor,-70.70845,44.053617,2022,6.552000045776367,26.607999801635742,-14.652000427246094,263.0
3874195147,Anaxyrus americanus,-69.344025,46.61553,2022,3.1391665935516357,24.13599967956543,-19.555999755859375,188.0
3874179911,Anaxyrus americanus,-70.097572,44.352045,2021,6.551499843597412,26.3439998626709,-13.932000160217285,261.0
3874156341,Anaxyrus americanus,-70.251068,43.636337,2022,8.122618675231934,26.60952377319336,-10.671428680419922,248.0
3874134467,Dryophytes versicolor,-70.387511,43.471511,2022,7.868287086486816,26.205554962158203,-10.466666221618652,244.0
3874103801,Anaxyrus americanus,-69.335113,44.597556,2022,6.595666885375977,26.360000610351562,-13.748000144958496,233.0
3874103599,Dryophytes versicolor,-69.47915,44.057648,2022,7.4713335037231445,25.488000869750977,-10.923999786376953,250.0
3874091128,Anaxyrus americanus,-70.858047,43.273124,2022,8.127166748046875,27.892000198364258,-11.152000427246094,258.0
3874073916,Dryophytes versicolor,-70.86925,44.049294,2022,6.543333530426025,26.836000442504883,-14.636000633239746,262.0
3874065543,Anaxyrus americanus,-70.983872,44.234138,2022,6.218166828155518,26.356000900268555,-14.64799976348877,238.0
3874048909,Anaxyrus americanus,-69.937513,45.070336,2022,4.899499893188477,25.06399917602539,-16.719999313354492,216.0
3874039608,Dryophytes versicolor,-70.869153,44.049274,2022,6.543333530426025,26.836000442504883,-14.636000633239746,262.0
3874017316,Notophthalmus viridescens,-69.627755,46.72477,2022,3.072166681289673,23.81999969482422,-19.083999633789062,192.0
3873996151,Dryophytes versicolor,-69.500179,44.632212,2010,6.541333198547363,26.73200035095215,-14.300000190734863,220.0
3873989949,Dryophytes versicolor,-68.061058,44.33242,2022,,,,
3873983764,Anaxyrus americanus,-69.500179,44.632212,2010,6.541333198547363,26.73200035095215,-14.300000190734863,220.0
3873970965,Anaxyrus americanus,-70.565947,44.189772,2022,6.413666725158691,26.351999282836914,-14.392000198364258,258.0
3873966150,Anaxyrus americanus,-67.029417,44.768525,2022,6.132500171661377,23.650001525878906,-11.880000114440918,243.0
3873947285,Dryophytes versicolor,-69.633486,44.685364,2010,6.452000141143799,26.692001342773438,-14.675999641418457,214.0
3873942854,Dryophytes versicolor,-68.957772,44.984605,2022,6.122833251953125,26.251998901367188,-14.744000434875488,226.0
3873921314,Anaxyrus americanus,-70.366997,45.036819,2022,2.3589999675750732,21.8439998626709,-18.04400062561035,276.0
3873919484,Anaxyrus americanus,-69.943666,44.024941,2022,7.211666584014893,25.892000198364258,-11.904000282287598,249.0
3873897418,Dryophytes versicolor,-68.978905,45.260468,2022,5.547166347503662,25.95199966430664,-15.95199966430664,219.0
3873893449,Anaxyrus americanus,-68.762628,45.935239,2022,4.166833400726318,24.847999572753906,-17.555999755859375,208.0
3873888291,Anaxyrus americanus,-69.618483,46.746088,2022,2.9048333168029785,23.652000427246094,-19.29199981689453,196.0
3873880100,Anaxyrus americanus,-70.386436,43.471194,2022,7.868287086486816,26.205554962158203,-10.466666221618652,244.0
3873872663,Notophthalmus viridescens,-68.63915,45.872124,2022,4.768833160400391,25.576000213623047,-17.176000595092773,208.0
3873870875,Dryophytes versicolor,-69.41697,43.979253,2022,7.5020833015441895,24.911109924316406,-10.022222518920898,249.0
3873856539,Anaxyrus americanus,-69.045617,44.446912,2022,6.959166526794434,26.0,-12.251999855041504,257.0
3873854507,Anaxyrus americanus,-70.502358,43.3698,2022,8.057539939880371,26.542858123779297,-10.09523868560791,247.0
3873821360,Dryophytes versicolor,-70.037306,44.63612,2022,6.019166946411133,26.224000930786133,-15.395999908447266,247.0
3873811399,Dryophytes versicolor,-68.797163,44.822607,2022,6.762666702270508,26.947999954223633,-13.760000228881836,244.0
3873706899,Anaxyrus americanus,-68.872033,46.101228,2022,2.68833327293396,23.483999252319336,-19.444000244140625,223.0
3873682721,Dryophytes versicolor,-68.056618,44.344598,2022,6.8611979484558105,23.924999237060547,-10.793749809265137,256.0
3873673856,Anaxyrus americanus,-68.995581,44.338503,2022,6.944999694824219,25.323999404907227,-11.652000427246094,258.0
3873651808,Anaxyrus americanus,-69.087744,45.807938,2022,3.880666494369507,24.423999786376953,-17.944000244140625,205.0
3873651008,Notophthalmus viridescens,-69.829322,45.821808,2022,3.507166624069214,24.007999420166016,-18.447999954223633,188.0
3873645920,Anaxyrus americanus,-70.350182,43.785339,2022,7.260000228881836,26.027999877929688,-12.208000183105469,251.0
3873575339,Anaxyrus americanus,-69.305549,44.991497,2019,5.802000045776367,26.016000747680664,-15.572000503540039,220.0
3873569098,Anaxyrus americanus,-69.659683,43.872356,2022,7.671229839324951,24.44761848449707,-9.295238494873047,246.0
3873526737,Anaxyrus americanus,-68.852234,45.918646,2022,2.86299991607666,23.20800018310547,-18.31999969482422,222.0
3873477548,Anaxyrus americanus,-70.184058,44.253406,2022,6.728166580200195,26.399999618530273,-13.640000343322754,260.0
3873449636,Anaxyrus americanus,-70.720705,44.834539,2022,3.816499948501587,23.947999954223633,-17.81999969482422,208.0
3873439556,Anaxyrus americanus,-68.925253,45.914787,2022,1.3846666812896729,21.392000198364258,-19.531999588012695,278.0
3873399912,Anaxyrus americanus,-68.892875,46.108597,2022,3.265000104904175,23.983999252319336,-19.104000091552734,208.0
3873389019,Anaxyrus americanus,-69.118155,44.283153,2022,7.117166519165039,25.332000732421875,-11.54800033569336,257.0
3873383289,Dryophytes versicolor,-68.698814,45.197106,2022,5.882166862487793,26.284000396728516,-15.168000221252441,219.0
3873381601,Anaxyrus americanus,-68.855458,46.146666,2022,3.7266666889190674,24.45199966430664,-18.871999740600586,193.0
3873376184,Anaxyrus americanus,-70.910282,43.30705,2022,7.94083309173584,27.86400032043457,-11.527999877929688,255.0
3873370343,Anaxyrus americanus,-69.656892,44.556962,2022,6.94350004196167,27.18400001525879,-13.927999496459961,221.0
3873370004,Dryophytes versicolor,-69.65705,44.55703,2022,6.94350004196167,27.18400001525879,-13.927999496459961,221.0
3873369727,Dryophytes versicolor,-69.334503,44.611164,2010,6.595666885375977,26.360000610351562,-13.748000144958496,233.0
3873365427,Anaxyrus americanus,-70.898789,44.180892,2022,6.575833320617676,26.851999282836914,-14.555999755859375,241.0
3873350526,Anaxyrus americanus,-68.659124,45.976329,2022,4.573833465576172,25.440000534057617,-17.488000869750977,200.0
3873310706,Anaxyrus americanus,-68.759974,45.907769,2022,4.010666847229004,24.72800064086914,-17.788000106811523,213.0
3873306847,Anaxyrus americanus,-71.000183,44.266933,2022,,,,
3873296867,Anaxyrus americanus,-68.860528,46.100017,2022,2.68833327293396,23.483999252319336,-19.444000244140625,223.0
3873274373,Anaxyrus americanus,-70.67549,43.221599,2020,8.121500015258789,26.788000106811523,-10.079999923706055,256.0
3873257976,Anaxyrus americanus,-70.282554,43.962814,2022,7.0351667404174805,26.13599967956543,-12.583999633789062,251.0
3873256035,Anaxyrus americanus,-70.041253,43.893944,2022,7.3520002365112305,25.6560001373291,-11.315999984741211,246.0
3873229506,Dryophytes versicolor,-69.656738,44.556912,2022,6.94350004196167,27.18400001525879,-13.927999496459961,221.0
3873225055,Anaxyrus americanus,-69.434591,45.789177,2022,2.993499994277954,23.38800048828125,-18.748001098632812,221.0
3873214912,Anaxyrus americanus,-70.282554,43.962814,2022,7.0351667404174805,26.13599967956543,-12.583999633789062,251.0
3873185754,Anaxyrus americanus,-70.041224,43.893933,2022,7.3520002365112305,25.6560001373291,-11.315999984741211,246.0
3873096566,Anaxyrus americanus,-70.363105,45.08757,2022,3.8416666984558105,23.856000900268555,-17.328001022338867,216.0
3873084319,Anaxyrus americanus,-70.921954,44.15028,2022,6.604833602905273,27.052000045776367,-14.596000671386719,245.0
3873074827,Dryophytes versicolor,-68.500651,44.651306,2022,6.625999927520752,26.088001251220703,-13.331999778747559,262.0
3873045093,Anaxyrus americanus,-68.610755,46.104947,2022,3.8543334007263184,24.72800064086914,-18.788000106811523,202.0
3873032807,Anaxyrus americanus,-70.33721,45.035677,2022,2.3589999675750732,21.8439998626709,-18.04400062561035,276.0
3873024767,Dryophytes versicolor,-70.180376,43.913319,2022,7.204833030700684,25.875999450683594,-11.916000366210938,248.0
3873018763,Dryophytes versicolor,-70.38424,43.520886,2022,7.800347328186035,26.274999618530273,-10.804166793823242,246.0
3872994801,Anaxyrus americanus,-69.819563,45.501525,2022,3.9744999408721924,24.440000534057617,-18.031999588012695,189.0
3872993064,Anaxyrus americanus,-68.793211,44.314986,2022,7.239930629730225,24.758333206176758,-10.383333206176758,252.0
3872983701,Anaxyrus americanus,-67.975327,44.401344,2022,6.841288089752197,24.263635635375977,-11.336363792419434,253.0
3872981955,Anaxyrus americanus,-70.361787,45.038486,2022,2.3589999675750732,21.8439998626709,-18.04400062561035,276.0
3872976701,Anaxyrus americanus,-69.843896,44.585013,2022,6.410999774932861,26.36400032043457,-14.692000389099121,231.0
3872960289,Anaxyrus americanus,-69.075637,44.978822,2022,6.005833148956299,26.20400047302246,-15.104000091552734,224.0
3872928025,Dryophytes versicolor,-70.667275,43.075928,2022,,,,
3872925160,Anaxyrus americanus,-69.766975,43.87138,2022,,,,
3872921947,Anaxyrus americanus,-70.953552,44.062959,2022,6.67383337020874,27.27199935913086,-14.67199993133545,258.0
3872906943,Anaxyrus americanus,-69.939987,44.815119,2022,5.735666751861572,25.968000411987305,-15.9399995803833,229.0
3872865880,Anaxyrus americanus,-70.655012,43.217037,2022,8.21833324432373,26.736000061035156,-9.812000274658203,252.0
3860764971,Anaxyrus americanus,-69.709197,44.135383,2022,7.184999942779541,26.07200050354004,-12.208000183105469,252.0
3860744522,Anaxyrus americanus,-69.079169,44.2483,2022,6.89965295791626,24.762500762939453,-11.337499618530273,260.0
3860743091,Anaxyrus americanus,-70.50277,43.369928,2021,8.057539939880371,26.542858123779297,-10.09523868560791,247.0
3860734139,Notophthalmus viridescens,-68.365137,44.300433,2022,6.921166896820068,24.908000946044922,-11.420000076293945,262.0
3860682972,Dryophytes versicolor,-70.21771,43.610121,2022,7.891848087310791,25.826087951660156,-10.265216827392578,244.0
3860675293,Anaxyrus americanus,-70.212141,45.302745,2022,4.0316667556762695,24.368000030517578,-17.59600067138672,189.0
3860652415,Dryophytes versicolor,-68.931181,44.824655,2022,6.423500061035156,26.40399932861328,-14.12399959564209,238.0
3860616716,Anaxyrus americanus,-69.97387,46.70108,2022,2.756166458129883,23.483999252319336,-19.20400047302246,232.0
3860616447,Anaxyrus americanus,-69.058303,44.228525,2022,6.89965295791626,24.762500762939453,-11.337499618530273,260.0
3860589132,Anaxyrus americanus,-70.835105,43.466408,2022,7.2843337059021,27.131999969482422,-12.552000045776367,269.0
3860565148,Anaxyrus americanus,-70.695992,43.520683,2022,7.483500003814697,27.007999420166016,-12.2839994430542,258.0
3860553033,Anaxyrus americanus,-70.33962,44.654609,2022,4.7143330574035645,24.507999420166016,-16.27199935913086,255.0
3860540402,Notophthalmus viridescens,-68.017238,44.449094,2022,6.816468238830566,24.880952835083008,-11.819047927856445,255.0
3860509112,Anaxyrus americanus,-70.271653,43.628837,2022,8.122618675231934,26.60952377319336,-10.671428680419922,248.0
3860497531,Anaxyrus americanus,-68.959778,44.801666,2022,6.440666675567627,26.420000076293945,-14.140000343322754,234.0
3860480436,Dryophytes versicolor,-68.93123,44.824674,2022,6.423500061035156,26.40399932861328,-14.12399959564209,238.0
3860475753,Dryophytes versicolor,-68.061314,44.339344,2022,6.8611979484558105,23.924999237060547,-10.793749809265137,256.0
3860444390,Anaxyrus americanus,-70.858003,43.273114,2022,8.127166748046875,27.892000198364258,-11.152000427246094,258.0
3860431132,Notophthalmus viridescens,-68.999733,44.345666,2022,6.944999694824219,25.323999404907227,-11.652000427246094,258.0
3860406153,Anaxyrus americanus,-70.357872,45.009383,2022,2.3589999675750732,21.8439998626709,-18.04400062561035,276.0
3860377476,Dryophytes versicolor,-68.931283,44.824695,2022,6.423500061035156,26.40399932861328,-14.12399959564209,238.0
3860372501,Dryophytes versicolor,-68.931138,44.824664,2022,6.423500061035156,26.40399932861328,-14.12399959564209,238.0
3860372485,Dryophytes versicolor,-68.931366,44.824765,2022,6.423500061035156,26.40399932861328,-14.12399959564209,238.0
3860307741,Dryophytes versicolor,-68.061036,44.332381,2022,,,,
3860303307,Anaxyrus americanus,-70.718895,43.102783,2022,,,,
3860297012,Notophthalmus viridescens,-68.273335,44.338802,2022,6.7104997634887695,24.97599983215332,-11.85200023651123,268.0
3860278237,Notophthalmus viridescens,-68.883618,44.590718,2022,6.617500305175781,25.964000701904297,-13.17199993133545,263.0
3860228800,Notophthalmus viridescens,-69.285645,45.447067,2022,3.996999979019165,24.100000381469727,-17.38800048828125,225.0
3860193427,Anaxyrus americanus,-69.709672,45.476181,2022,2.994166612625122,23.027999877929688,-18.472000122070312,230.0
3860192363,Anaxyrus americanus,-70.214362,45.304094,2022,4.0316667556762695,24.368000030517578,-17.59600067138672,189.0
3860191438,Dryophytes versicolor,-68.930281,44.826693,2022,6.423500061035156,26.40399932861328,-14.12399959564209,238.0
3860185382,Anaxyrus americanus,-70.212141,45.302745,2022,4.0316667556762695,24.368000030517578,-17.59600067138672,189.0
3860184513,Dryophytes versicolor,-70.658455,43.178565,2022,8.319499969482422,26.73200035095215,-9.539999961853027,250.0
3860178479,Dryophytes versicolor,-68.931219,44.824878,2022,6.423500061035156,26.40399932861328,-14.12399959564209,238.0
3860167496,Dryophytes versicolor,-67.019867,44.885933,2022,,,,
3860160693,Notophthalmus viridescens,-67.913702,44.573352,2022,6.614583492279053,25.17500114440918,-12.645833015441895,254.0
3860128487,Dryophytes versicolor,-68.930447,44.825819,2022,6.423500061035156,26.40399932861328,-14.12399959564209,238.0
3860126386,Dryophytes versicolor,-68.931169,44.82465,2022,6.423500061035156,26.40399932861328,-14.12399959564209,238.0
3860057076,Notophthalmus viridescens,-68.660185,44.902525,2022,6.609499931335449,26.81999969482422,-13.807999610900879,231.0
3860037732,Notophthalmus viridescens,-70.66152,43.932336,2022,6.6526665687561035,26.375999450683594,-13.968000411987305,266.0
3860018841,Dryophytes versicolor,-66.99533,44.838707,2022,,,,
3859980800,Anaxyrus americanus,-70.599156,43.916056,2021,7.1623334884643555,26.559999465942383,-12.604000091552734,257.0
3859975535,Dryophytes versicolor,-68.931346,44.824787,2022,6.423500061035156,26.40399932861328,-14.12399959564209,238.0
3859948535,Anaxyrus americanus,-70.815559,44.221786,2022,6.143166542053223,26.1560001373291,-14.855999946594238,247.0
3859939394,Anaxyrus americanus,-70.502883,43.369505,2022,8.057539939880371,26.542858123779297,-10.09523868560791,247.0
3859898026,Anaxyrus americanus,-70.260688,43.825742,2022,7.257833480834961,25.911998748779297,-11.996000289916992,251.0
3859895625,Anaxyrus americanus,-68.995233,44.338861,2022,6.944999694824219,25.323999404907227,-11.652000427246094,258.0
3859868226,Notophthalmus viridescens,-68.991934,44.493525,2022,6.820000171661377,25.86400032043457,-12.531999588012695,259.0
3859852955,Anaxyrus americanus,-68.202422,46.123622,2022,4.090666770935059,25.167999267578125,-18.355998992919922,206.0
3859843973,Anaxyrus americanus,-68.665879,45.879944,2022,4.673666477203369,25.440000534057617,-17.18000030517578,205.0
3859805093,Notophthalmus viridescens,-69.391294,44.442224,2022,6.376500129699707,25.56399917602539,-13.303999900817871,257.0
3859804864,Notophthalmus viridescens,-68.629793,44.65126,2022,6.339666843414307,25.76799964904785,-13.503999710083008,269.0
3859787246,Anaxyrus americanus,-70.887238,43.971047,2022,6.763166427612305,27.144001007080078,-14.631999969482422,265.0
3859786230,Notophthalmus viridescens,-70.502822,43.369575,2022,8.057539939880371,26.542858123779297,-10.09523868560791,247.0
3859763142,Notophthalmus viridescens,-68.906123,44.516041,2022,6.780333518981934,25.871999740600586,-12.652000427246094,261.0
3859737968,Anaxyrus americanus,-69.512853,44.896657,2022,5.9008331298828125,26.059999465942383,-15.51200008392334,215.0
3859727946,Anaxyrus americanus,-68.767558,45.880715,2022,4.010666847229004,24.72800064086914,-17.788000106811523,213.0
3859718392,Anaxyrus americanus,-70.887222,43.971104,2022,6.763166427612305,27.144001007080078,-14.631999969482422,265.0
3859703636,Anaxyrus americanus,-68.710144,46.737358,2022,3.007333517074585,24.18400001525879,-20.323999404907227,188.0
3859696697,Anaxyrus americanus,-69.582758,44.771218,2022,6.146833419799805,26.280000686645508,-14.979999542236328,218.0
3859695590,Dryophytes versicolor,-68.931132,44.824779,2022,6.423500061035156,26.40399932861328,-14.12399959564209,238.0
3859619255,Dryophytes versicolor,-68.300988,44.403296,2022,7.011833190917969,25.464000701904297,-11.715999603271484,257.0
3859610445,Dryophytes versicolor,-68.931076,44.824637,2022,6.423500061035156,26.40399932861328,-14.12399959564209,238.0
3859600712,Anaxyrus americanus,-69.692728,44.095767,2022,7.180166721343994,25.79599952697754,-11.868000030517578,253.0
3859600365,Dryophytes versicolor,-68.271196,44.416495,2022,6.910666465759277,25.472000122070312,-11.907999992370605,261.0
3859599513,Dryophytes versicolor,-68.931207,44.824813,2022,6.423500061035156,26.40399932861328,-14.12399959564209,238.0
3859594126,Notophthalmus viridescens,-68.391522,44.859105,2022,6.05649995803833,25.832000732421875,-14.215999603271484,273.0
3859574459,Anaxyrus americanus,-69.06543,44.231917,2022,6.89965295791626,24.762500762939453,-11.337499618530273,260.0
3859568668,Anaxyrus americanus,-69.837198,44.585227,2022,6.410999774932861,26.36400032043457,-14.692000389099121,231.0
3859566145,Anaxyrus americanus,-70.707078,45.281137,2022,2.7190001010894775,22.360000610351562,-18.336000442504883,254.0
3859550085,Notophthalmus viridescens,-68.26078,44.3329,2022,6.8730902671813965,24.825000762939453,-11.345832824707031,263.0
3859537880,Anaxyrus americanus,-68.004674,46.608042,2022,3.691499948501587,24.531999588012695,-18.299999237060547,172.0
3859504386,Dryophytes versicolor,-68.931067,44.824639,2022,6.423500061035156,26.40399932861328,-14.12399959564209,238.0
3859502919,Anaxyrus americanus,-69.13112,44.264439,2022,6.980499744415283,25.25200080871582,-11.723999977111816,259.0
3859497528,Dryophytes versicolor,-68.931171,44.824793,2022,6.423500061035156,26.40399932861328,-14.12399959564209,238.0
3859496260,Anaxyrus americanus,-69.940651,45.070782,2022,4.899499893188477,25.06399917602539,-16.719999313354492,216.0
3859483136,Notophthalmus viridescens,-68.884023,44.590714,2022,6.617500305175781,25.964000701904297,-13.17199993133545,263.0
3859474462,Dryophytes versicolor,-68.931173,44.824649,2022,6.423500061035156,26.40399932861328,-14.12399959564209,238.0
3859409461,Dryophytes versicolor,-68.930792,44.824678,2022,6.423500061035156,26.40399932861328,-14.12399959564209,238.0
3859407732,Notophthalmus viridescens,-68.715797,44.41982,2022,,,,
3859390473,Dryophytes versicolor,-68.931145,44.824671,2022,6.423500061035156,26.40399932861328,-14.12399959564209,238.0
3859387519,Dryophytes versicolor,-68.931242,44.824799,2022,6.423500061035156,26.40399932861328,-14.12399959564209,238.0
3859384182,Notophthalmus viridescens,-68.883692,44.59079,2022,6.617500305175781,25.964000701904297,-13.17199993133545,263.0
3859381398,Dryophytes versicolor,-68.93122,44.824659,2022,6.423500061035156,26.40399932861328,-14.12399959564209,238.0
3859292652,Dryophytes versicolor,-68.93004,44.827622,2022,6.423500061035156,26.40399932861328,-14.12399959564209,238.0
3859244907,Dryophytes versicolor,-68.245401,44.690732,2022,6.3498334884643555,25.860000610351562,-13.800000190734863,264.0
3859122551,Dryophytes versicolor,-69.707832,44.552892,2020,6.686166763305664,26.79199981689453,-14.116000175476074,218.0
3859121739,Dryophytes versicolor,-68.06161,44.339345,2022,6.8611979484558105,23.924999237060547,-10.793749809265137,256.0
3859094065,Anaxyrus americanus,-70.471525,43.940853,2022,6.998000144958496,26.336000442504883,-13.284000396728516,255.0
3859083921,Notophthalmus viridescens,-68.992094,44.49274,2022,6.820000171661377,25.86400032043457,-12.531999588012695,259.0
3859075413,Dryophytes versicolor,-68.931022,44.824667,2022,6.423500061035156,26.40399932861328,-14.12399959564209,238.0
3859045484,Anaxyrus americanus,-69.989086,44.88829,2022,5.559833526611328,25.855998992919922,-16.20800018310547,223.0
3859021864,Dryophytes versicolor,-70.908928,44.17662,2022,6.575833320617676,26.851999282836914,-14.555999755859375,241.0
3858972071,Anaxyrus americanus,-69.008514,44.362758,2022,6.885833263397217,25.347999572753906,-11.880000114440918,260.0
3858938199,Dryophytes versicolor,-70.180376,43.913319,2022,7.204833030700684,25.875999450683594,-11.916000366210938,248.0
3858907667,Anaxyrus americanus,-70.83763,44.490958,2022,5.41349983215332,25.52400016784668,-15.519999504089355,211.0
3858904380,Anaxyrus americanus,-69.062847,44.229528,2022,6.89965295791626,24.762500762939453,-11.337499618530273,260.0
3858879970,Notophthalmus viridescens,-68.451613,45.99673,2022,4.515999794006348,25.492000579833984,-17.724000930786133,203.0
3858879558,Dryophytes versicolor,-68.313775,46.00862,2022,4.4011664390563965,25.27199935913086,-18.09600067138672,203.0
3858833730,Anaxyrus americanus,-69.897395,44.856455,2022,5.804500102996826,26.18000030517578,-16.059999465942383,219.0
3858787763,Notophthalmus viridescens,-69.269797,45.450572,2022,3.996999979019165,24.100000381469727,-17.38800048828125,225.0
3858780666,Anaxyrus americanus,-70.67947,44.190188,2022,6.329666614532471,26.312000274658203,-14.619999885559082,251.0
3858772450,Dryophytes versicolor,-68.931043,44.824758,2022,6.423500061035156,26.40399932861328,-14.12399959564209,238.0
3858745705,Notophthalmus viridescens,-69.962325,46.683678,2022,2.756166458129883,23.483999252319336,-19.20400047302246,232.0
3858714168,Dryophytes versicolor,-68.203912,44.387612,2022,,,,
3858705119,Anaxyrus americanus,-68.857467,45.919953,2022,2.86299991607666,23.20800018310547,-18.31999969482422,222.0
3858692704,Anaxyrus americanus,-69.062597,44.229322,2022,6.89965295791626,24.762500762939453,-11.337499618530273,260.0
3858690948,Anaxyrus americanus,-67.098975,44.732138,2022,6.153273582458496,23.985713958740234,-12.214285850524902,242.0
3858685575,Anaxyrus americanus,-70.850992,43.469142,2022,7.2843337059021,27.131999969482422,-12.552000045776367,269.0
3858684857,Anaxyrus americanus,-70.946454,44.590441,2022,3.9838333129882812,23.715999603271484,-16.739999771118164,222.0
3858633561,Dryophytes versicolor,-70.881875,43.430103,2022,7.400833606719971,27.26799964904785,-12.276000022888184,267.0
3858611776,Dryophytes versicolor,-68.061543,44.339488,2022,6.8611979484558105,23.924999237060547,-10.793749809265137,256.0
3858567709,Anaxyrus americanus,-70.303534,44.770441,2022,4.959833145141602,25.091999053955078,-16.40799903869629,238.0
3858559751,Dryophytes versicolor,-68.009829,44.414385,2022,6.825781345367432,24.668750762939453,-11.574999809265137,254.0
3858548932,Anaxyrus americanus,-68.881779,46.067525,2022,3.0251667499542236,23.671998977661133,-19.176000595092773,213.0
3858544881,Anaxyrus americanus,-68.570366,44.269165,2022,7.139484405517578,24.72381019592285,-10.65238094329834,253.0
3858544538,Dryophytes versicolor,-68.963652,44.494881,2022,6.820000171661377,25.86400032043457,-12.531999588012695,259.0
3858535698,Dryophytes versicolor,-68.993454,44.485928,2022,6.820000171661377,25.86400032043457,-12.531999588012695,259.0
3858533737,Anaxyrus americanus,-69.287941,43.985291,2022,7.543750286102295,24.012500762939453,-9.193750381469727,248.0
3858529474,Notophthalmus viridescens,-68.256266,44.388493,2022,6.910666465759277,25.472000122070312,-11.907999992370605,261.0
3858522490,Dryophytes versicolor,-68.931364,44.824754,2022,6.423500061035156,26.40399932861328,-14.12399959564209,238.0
3858512359,Notophthalmus viridescens,-68.060403,44.337105,2022,6.8611979484558105,23.924999237060547,-10.793749809265137,256.0
3858509443,Anaxyrus americanus,-70.837593,43.586455,2022,7.0368332862854,26.996000289916992,-13.272000312805176,272.0
3858497942,Anaxyrus americanus,-68.006813,46.605042,2022,3.691499948501587,24.531999588012695,-18.299999237060547,172.0
3858491581,Notophthalmus viridescens,-68.589751,44.431989,2022,6.7786664962768555,25.579999923706055,-12.296000480651855,262.0
3858491477,Dryophytes versicolor,-68.931291,44.824695,2022,6.423500061035156,26.40399932861328,-14.12399959564209,238.0
3858475447,Dryophytes versicolor,-68.931351,44.824787,2022,6.423500061035156,26.40399932861328,-14.12399959564209,238.0
3858475381,Dryophytes versicolor,-68.931207,44.824665,2022,6.423500061035156,26.40399932861328,-14.12399959564209,238.0
3858471243,Anaxyrus americanus,-70.30243,43.676045,2022,7.831333160400391,26.559999465942383,-11.355999946594238,250.0
3858456497,Dryophytes versicolor,-68.931261,44.824678,2022,6.423500061035156,26.40399932861328,-14.12399959564209,238.0
3858451152,Notophthalmus viridescens,-70.224755,46.091683,2022,2.4095001220703125,22.756000518798828,-19.14000129699707,208.0
3858450485,Dryophytes versicolor,-68.931246,44.824665,2022,6.423500061035156,26.40399932861328,-14.12399959564209,238.0
3858448772,Dryophytes versicolor,-69.858497,43.872758,2022,7.632465362548828,25.100000381469727,-10.191666603088379,245.0
3858436360,Dryophytes versicolor,-68.931177,44.82465,2022,6.423500061035156,26.40399932861328,-14.12399959564209,238.0
3858434447,Dryophytes versicolor,-68.931208,44.824664,2022,6.423500061035156,26.40399932861328,-14.12399959564209,238.0
3858433507,Dryophytes versicolor,-68.931251,44.824799,2022,6.423500061035156,26.40399932861328,-14.12399959564209,238.0
3858432941,Notophthalmus viridescens,-69.289624,43.951297,2022,,,,
3858430504,Dryophytes versicolor,-68.930387,44.826488,2022,6.423500061035156,26.40399932861328,-14.12399959564209,238.0
3858424422,Dryophytes versicolor,-68.93104,44.82466,2022,6.423500061035156,26.40399932861328,-14.12399959564209,238.0
3858421469,Dryophytes versicolor,-68.93116,44.824796,2022,6.423500061035156,26.40399932861328,-14.12399959564209,238.0
3858369487,Dryophytes versicolor,-68.931243,44.824824,2022,6.423500061035156,26.40399932861328,-14.12399959564209,238.0
3858362515,Dryophytes versicolor,-68.931314,44.824685,2022,6.423500061035156,26.40399932861328,-14.12399959564209,238.0
3858360467,Dryophytes versicolor,-68.93122,44.824659,2022,6.423500061035156,26.40399932861328,-14.12399959564209,238.0
3858354772,Dryophytes versicolor,-70.053772,44.71836,2022,5.541666507720947,25.63599967956543,-15.991999626159668,252.0
3858342518,Dryophytes versicolor,-68.931222,44.824801,2022,6.423500061035156,26.40399932861328,-14.12399959564209,238.0
3858339398,Dryophytes versicolor,-68.93123,44.824674,2022,6.423500061035156,26.40399932861328,-14.12399959564209,238.0
3858210786,Anaxyrus americanus,-70.599178,43.915897,2021,7.1623334884643555,26.559999465942383,-12.604000091552734,257.0
3858187426,Anaxyrus americanus,-70.600548,43.915031,2019,7.1623334884643555,26.559999465942383,-12.604000091552734,257.0
3858170133,Dryophytes versicolor,-70.920553,43.133936,2022,,,,
3802823340,Dryophytes versicolor,-68.930812,44.82454,2022,6.423500061035156,26.40399932861328,-14.12399959564209,238.0
3802811429,Anaxyrus americanus,-68.930555,44.825658,2022,6.423500061035156,26.40399932861328,-14.12399959564209,238.0
3802809378,Dryophytes versicolor,-68.930403,44.826324,2022,6.423500061035156,26.40399932861328,-14.12399959564209,238.0
3802792395,Dryophytes versicolor,-68.930362,44.826377,2022,6.423500061035156,26.40399932861328,-14.12399959564209,238.0
3802761446,Anaxyrus americanus,-68.930354,44.826251,2022,6.423500061035156,26.40399932861328,-14.12399959564209,238.0
3802748453,Dryophytes versicolor,-68.931256,44.821865,2022,6.423500061035156,26.40399932861328,-14.12399959564209,238.0
3802738473,Dryophytes versicolor,-68.930812,44.82454,2022,6.423500061035156,26.40399932861328,-14.12399959564209,238.0
3802696727,Anaxyrus americanus,-70.514275,43.402382,2022,7.984833240509033,26.648000717163086,-10.460000038146973,248.0
3802664780,Dryophytes versicolor,-68.76772,45.642262,2022,5.05983304977417,25.72800064086914,-16.692001342773438,213.0
3802642895,Anaxyrus americanus,-70.868938,44.049427,2022,6.543333530426025,26.836000442504883,-14.636000633239746,262.0
3802615366,Dryophytes versicolor,-68.930314,44.826625,2022,6.423500061035156,26.40399932861328,-14.12399959564209,238.0
3802603698,Anaxyrus americanus,-70.869442,44.0487,2022,6.543333530426025,26.836000442504883,-14.636000633239746,262.0
3802596738,Dryophytes versicolor,-68.930517,44.825831,2022,6.423500061035156,26.40399932861328,-14.12399959564209,238.0
3802591891,Dryophytes versicolor,-68.930502,44.828425,2022,6.423500061035156,26.40399932861328,-14.12399959564209,238.0
3802585178,Dryophytes versicolor,-68.930876,44.824285,2022,6.423500061035156,26.40399932861328,-14.12399959564209,238.0
3802585174,Dryophytes versicolor,-68.930994,44.823711,2022,6.423500061035156,26.40399932861328,-14.12399959564209,238.0
3802553371,Dryophytes versicolor,-68.931067,44.823287,2022,6.423500061035156,26.40399932861328,-14.12399959564209,238.0
3802506445,Dryophytes versicolor,-68.93051,44.825791,2022,6.423500061035156,26.40399932861328,-14.12399959564209,238.0
3802506440,Dryophytes versicolor,-68.930501,44.825836,2022,6.423500061035156,26.40399932861328,-14.12399959564209,238.0
3802490480,Dryophytes versicolor,-68.929865,44.828572,2022,6.423500061035156,26.40399932861328,-14.12399959564209,238.0
3802386860,Dryophytes versicolor,-68.684867,45.861325,2022,4.399666786193848,25.176000595092773,-17.488000869750977,211.0
3802367678,Anaxyrus americanus,-68.973472,45.780717,2022,4.67716646194458,25.308000564575195,-17.215999603271484,195.0
3802362692,Anaxyrus americanus,-69.653795,44.559228,2022,6.94350004196167,27.18400001525879,-13.927999496459961,221.0
3802329164,Dryophytes versicolor,-68.930534,44.825876,2022,6.423500061035156,26.40399932861328,-14.12399959564209,238.0
3802314670,Anaxyrus americanus,-68.414047,44.671312,2022,6.70283317565918,26.26799964904785,-13.415999412536621,259.0
3802301828,Anaxyrus americanus,-70.374246,45.045784,2022,3.052166700363159,22.76799964904785,-17.72800064086914,250.0
3785172532,Anaxyrus americanus,-70.86657,44.230033,2022,6.290499687194824,26.375999450683594,-14.760000228881836,244.0
3785154319,Dryophytes versicolor,-70.859663,44.566806,2022,5.023333549499512,25.011999130249023,-15.96399974822998,207.0
3785105812,Dryophytes versicolor,-69.040117,44.408908,2017,7.017666816711426,25.803998947143555,-11.9399995803833,255.0
3785062155,Notophthalmus viridescens,-67.186522,44.876462,2022,,,,
3784994600,Notophthalmus viridescens,-70.359716,45.13876,2022,3.432000160217285,23.288000106811523,-17.579999923706055,232.0
3784971497,Anaxyrus americanus,-69.112397,44.271065,2022,7.117166519165039,25.332000732421875,-11.54800033569336,257.0
3784949192,Notophthalmus viridescens,-68.361396,44.817788,2022,6.308833599090576,26.083999633789062,-13.895999908447266,263.0
3784929681,Dryophytes versicolor,-70.855831,44.564791,2022,5.023333549499512,25.011999130249023,-15.96399974822998,207.0
3784775808,Anaxyrus americanus,-68.34996,44.30027,2022,6.921166896820068,24.908000946044922,-11.420000076293945,262.0
3784775040,Anaxyrus americanus,-69.060551,44.082874,2022,,,,
3784732030,Anaxyrus americanus,-70.215283,43.877727,2022,7.198333263397217,25.996000289916992,-12.124000549316406,249.0
3784722100,Anaxyrus americanus,-67.100972,44.730959,2022,6.153273582458496,23.985713958740234,-12.214285850524902,242.0
3784718560,Dryophytes versicolor,-68.467699,45.85089,2022,4.785666465759277,25.724000930786133,-17.243999481201172,215.0
3784703586,Dryophytes versicolor,-68.575539,45.772063,2022,5.123500347137451,26.0,-16.812000274658203,208.0
3784673869,Anaxyrus americanus,-70.506702,43.345242,2022,8.057539939880371,26.542858123779297,-10.09523868560791,247.0
3784671937,Notophthalmus viridescens,-67.184608,44.875263,2022,,,,
3784663931,Notophthalmus viridescens,-67.191628,44.879988,2022,,,,
3784656975,Dryophytes versicolor,-68.930802,44.82461,2022,6.423500061035156,26.40399932861328,-14.12399959564209,238.0
3784648897,Dryophytes versicolor,-68.930905,44.82413,2022,6.423500061035156,26.40399932861328,-14.12399959564209,238.0
3784643954,Anaxyrus americanus,-70.622879,43.919819,2022,6.918499946594238,26.511999130249023,-13.456000328063965,259.0
3773728932,Anaxyrus americanus,-69.647722,44.560268,2022,6.94350004196167,27.18400001525879,-13.927999496459961,221.0
3773698787,Notophthalmus viridescens,-68.285217,44.321322,2022,6.8730902671813965,24.825000762939453,-11.345832824707031,263.0
3773640788,Notophthalmus viridescens,-68.287772,44.317908,2022,6.8730902671813965,24.825000762939453,-11.345832824707031,263.0
3773591347,Notophthalmus viridescens,-70.864809,44.569103,2022,5.023333549499512,25.011999130249023,-15.96399974822998,207.0
3773485158,Dryophytes versicolor,-66.983422,44.862247,2021,,,,
3773475939,Anaxyrus americanus,-70.857432,44.566604,2022,5.023333549499512,25.011999130249023,-15.96399974822998,207.0
3773460784,Dryophytes versicolor,-70.307136,44.132589,2022,6.6498332023620605,26.055999755859375,-13.444000244140625,260.0
3773433826,Anaxyrus americanus,-70.057122,43.839038,2022,7.436166763305664,25.61199951171875,-11.100000381469727,246.0
3773430181,Dryophytes versicolor,-69.611333,44.56814,2022,7.013000011444092,27.308000564575195,-13.904000282287598,220.0
3773315899,Dryophytes versicolor,-70.618021,43.986292,2022,6.833666801452637,26.579999923706055,-13.979999542236328,259.0
3773065788,Notophthalmus viridescens,-68.812334,44.929109,2022,6.328499794006348,26.40399932861328,-14.34000015258789,226.0
3773062802,Anaxyrus americanus,-70.350273,43.785431,2022,7.260000228881836,26.027999877929688,-12.208000183105469,251.0
3773061784,Anaxyrus americanus,-70.052978,43.836195,2022,7.436166763305664,25.61199951171875,-11.100000381469727,246.0
3773025202,Dryophytes versicolor,-68.790463,44.72021,2022,6.747833251953125,26.576000213623047,-13.479999542236328,251.0
3772958773,Dryophytes versicolor,-69.569201,44.166092,2022,7.2143330574035645,25.77199935913086,-11.62399959564209,252.0
3772774896,Anaxyrus americanus,-69.923209,44.566524,2017,5.98799991607666,25.73200035095215,-14.82800006866455,256.0
3772736194,Anaxyrus americanus,-69.779142,43.882588,2022,7.740350723266602,25.30526351928711,-10.0,244.0
3772648195,Dryophytes versicolor,-69.974112,43.895065,2022,7.499833106994629,25.847999572753906,-11.196000099182129,245.0
3764376053,Anaxyrus americanus,-70.303528,43.75333,2022,7.285333156585693,25.947999954223633,-12.027999877929688,250.0
3764205214,Notophthalmus viridescens,-68.1847,44.354978,2022,6.956127166748047,24.92352867126465,-11.376470565795898,260.0
3764175218,Notophthalmus viridescens,-68.186783,44.359562,2022,6.956127166748047,24.92352867126465,-11.376470565795898,260.0
3764125099,Anaxyrus americanus,-70.146539,44.666612,2022,5.921999931335449,26.29599952697754,-15.687999725341797,259.0
3764109662,Notophthalmus viridescens,-70.357702,43.557674,2022,7.8378472328186035,26.233333587646484,-10.8125,244.0
3764098140,Anaxyrus americanus,-68.931285,44.821451,2022,6.423500061035156,26.40399932861328,-14.12399959564209,238.0
3764082718,Notophthalmus viridescens,-68.364989,44.515921,2022,6.8438334465026855,26.064001083374023,-12.687999725341797,261.0
3764082209,Notophthalmus viridescens,-68.931346,44.821305,2022,6.423500061035156,26.40399932861328,-14.12399959564209,238.0
3760310450,Anaxyrus americanus,-67.001509,44.85282,2021,6.387744903564453,23.47058868408203,-11.24117660522461,239.0
3760257515,Anaxyrus americanus,-68.924118,45.788929,2016,4.784333229064941,25.447999954223633,-17.11600112915039,197.0
3760228842,Notophthalmus viridescens,-68.668951,44.918107,2022,6.475833415985107,26.65999984741211,-14.04800033569336,227.0
3760225658,Anaxyrus americanus,-68.930414,44.825974,2022,6.423500061035156,26.40399932861328,-14.12399959564209,238.0
3760168980,Notophthalmus viridescens,-68.759944,44.886791,2022,6.487833023071289,26.520000457763672,-14.032000541687012,228.0
3759982963,Notophthalmus viridescens,-68.759228,44.887213,2022,6.487833023071289,26.520000457763672,-14.032000541687012,228.0
3759602710,Anaxyrus americanus,-70.251617,44.149731,2021,6.869166851043701,26.20400047302246,-13.140000343322754,257.0
3759540318,Dryophytes versicolor,-69.331812,44.602445,2017,6.544333457946777,26.284000396728516,-13.779999732971191,236.0
3759507582,Dryophytes versicolor,-70.708497,44.053664,2017,6.552000045776367,26.607999801635742,-14.652000427246094,263.0
3759383284,Anaxyrus americanus,-69.621376,43.979197,2022,7.512666702270508,25.215999603271484,-10.407999992370605,248.0
3759368869,Notophthalmus viridescens,-68.669434,44.919164,2022,6.475833415985107,26.65999984741211,-14.04800033569336,227.0
3759327035,Anaxyrus americanus,-68.931021,44.823078,2022,6.423500061035156,26.40399932861328,-14.12399959564209,238.0
3759088332,Dryophytes versicolor,-70.016067,44.337728,2018,6.632166862487793,26.24799919128418,-13.779999732971191,260.0
3743198489,Anaxyrus americanus,-70.720978,43.802967,2021,6.821166515350342,26.77199935913086,-14.031999588012695,267.0
3743067482,Anaxyrus americanus,-69.920853,43.934936,2020,7.578666687011719,26.128000259399414,-11.359999656677246,246.0
3712521610,Anaxyrus americanus,-70.255036,45.330808,2018,3.9089999198913574,24.195999145507812,-17.672000885009766,195.0
3712473956,Anaxyrus americanus,-69.920636,43.935094,2020,7.578666687011719,26.128000259399414,-11.359999656677246,246.0
3712453149,Anaxyrus americanus,-70.002028,43.870446,2020,,,,
3705808513,Notophthalmus viridescens,-68.931003,44.823435,2021,6.423500061035156,26.40399932861328,-14.12399959564209,238.0
3705761533,Anaxyrus americanus,-68.930473,44.826039,2021,6.423500061035156,26.40399932861328,-14.12399959564209,238.0
3705733357,Dryophytes versicolor,-69.461942,44.17304,2020,7.314499855041504,25.895999908447266,-11.720000267028809,252.0
3705718395,Anaxyrus americanus,-69.822211,43.819967,2021,7.709868431091309,24.947368621826172,-9.77368450164795,245.0
3705686542,Dryophytes versicolor,-68.930422,44.826085,2021,6.423500061035156,26.40399932861328,-14.12399959564209,238.0
3705532577,Notophthalmus viridescens,-68.930783,44.824725,2021,6.423500061035156,26.40399932861328,-14.12399959564209,238.0
3705524523,Notophthalmus viridescens,-68.92987,44.828308,2021,6.423500061035156,26.40399932861328,-14.12399959564209,238.0
3705515332,Anaxyrus americanus,-70.669082,43.442221,2020,7.795666694641113,27.336000442504883,-11.592000007629395,257.0
3705386492,Dryophytes versicolor,-68.930853,44.824469,2021,6.423500061035156,26.40399932861328,-14.12399959564209,238.0
3698382887,Dryophytes versicolor,-70.011684,43.766096,2021,,,,
3698378446,Anaxyrus americanus,-70.619949,44.015471,2021,6.680500030517578,26.472000122070312,-14.227999687194824,261.0
3698347305,Notophthalmus viridescens,-70.008669,43.770518,2021,,,,
3698336681,Notophthalmus viridescens,-70.009511,43.769618,2021,,,,
3698323367,Anaxyrus americanus,-69.266877,44.376825,2021,6.793166637420654,25.788000106811523,-12.539999961853027,261.0
3698307084,Notophthalmus viridescens,-69.788125,43.767231,2021,,,,
3698264360,Notophthalmus viridescens,-70.009907,43.769191,2021,,,,
3698259427,Notophthalmus viridescens,-69.788065,43.767285,2021,,,,
3698257888,Anaxyrus americanus,-70.032244,43.856159,2021,,,,
3698228176,Notophthalmus viridescens,-70.011699,43.765945,2021,,,,
3698224201,Notophthalmus viridescens,-70.012374,43.765033,2021,,,,
3698206817,Dryophytes versicolor,-70.009256,43.769692,2021,,,,
3698187241,Dryophytes versicolor,-70.009691,43.769318,2021,,,,
3698136217,Notophthalmus viridescens,-69.788127,43.767224,2021,,,,
3698116393,Anaxyrus americanus,-70.454925,45.192828,2021,4.184166431427002,24.583999633789062,-17.531999588012695,199.0
3698108234,Notophthalmus viridescens,-70.009786,43.769246,2021,,,,
3698097166,Dryophytes versicolor,-70.012003,43.765444,2021,,,,
3499548570,Anaxyrus americanus,-69.055047,46.363636,2021,3.071666717529297,24.172000885009766,-19.736000061035156,193.0
3499364167,Anaxyrus americanus,-69.362038,44.107795,2020,7.170000076293945,25.215999603271484,-11.0600004196167,254.0
3468885168,Anaxyrus americanus,-69.543578,45.756283,2021,3.5383334159851074,24.1560001373291,-18.583999633789062,198.0
3468815883,Anaxyrus americanus,-69.435592,45.785531,2021,2.993499994277954,23.38800048828125,-18.748001098632812,221.0
3468789539,Anaxyrus americanus,-68.347771,44.29975,2021,6.921166896820068,24.908000946044922,-11.420000076293945,262.0
3466496356,Dryophytes versicolor,-70.012031,43.765484,2021,,,,
3466441127,Dryophytes versicolor,-68.68082,44.874447,2017,6.613666534423828,26.719999313354492,-13.739999771118164,235.0
3466398140,Dryophytes versicolor,-70.012054,43.765467,2021,,,,
3466343918,Notophthalmus viridescens,-70.009439,43.769478,2021,,,,
3466028007,Dryophytes versicolor,-70.316992,43.919244,2012,7.020500183105469,26.1560001373291,-12.704000473022461,253.0
3465966226,Anaxyrus americanus,-69.886812,43.934563,2021,7.6147918701171875,25.975000381469727,-11.114999771118164,245.0
3465927022,Dryophytes versicolor,-70.008575,43.770663,2021,,,,
3457098699,Anaxyrus americanus,-68.75875,46.065962,2020,4.246833324432373,24.871999740600586,-18.18400001525879,195.0
3456955082,Notophthalmus viridescens,-68.407513,46.088673,2020,3.9200000762939453,24.81599998474121,-18.604000091552734,204.0
3456839559,Anaxyrus americanus,-69.561508,45.573475,2020,3.9783334732055664,24.144001007080078,-17.895999908447266,197.0
3456588684,Anaxyrus americanus,-69.319388,43.993453,2021,,,,
3456515545,Dryophytes versicolor,-70.42874,43.462596,2012,7.889999866485596,26.43199920654297,-10.684000015258789,248.0
3456442426,Dryophytes versicolor,-69.904634,44.192517,2021,7.076000213623047,26.284000396728516,-12.663999557495117,254.0
3456372485,Anaxyrus americanus,-68.612362,46.106186,2020,3.8543334007263184,24.72800064086914,-18.788000106811523,202.0
3456298943,Dryophytes versicolor,-70.464277,43.984333,2014,6.802999973297119,26.152000427246094,-13.628000259399414,260.0
3456257777,Anaxyrus americanus,-70.174572,43.899475,2010,7.204833030700684,25.875999450683594,-11.916000366210938,248.0
3456186582,Notophthalmus viridescens,-68.47646,45.492784,2021,5.457333087921143,26.100000381469727,-16.15999984741211,223.0
3455950484,Notophthalmus viridescens,-69.916372,44.189411,2021,7.076000213623047,26.284000396728516,-12.663999557495117,254.0
3455935051,Anaxyrus americanus,-69.470451,43.900555,2021,7.535745620727539,24.347368240356445,-9.421052932739258,249.0
3455862402,Anaxyrus americanus,-70.969139,44.241498,2021,6.218166828155518,26.356000900268555,-14.64799976348877,238.0
3455854798,Notophthalmus viridescens,-68.435209,46.029498,2021,4.181333541870117,25.055999755859375,-18.332000732421875,203.0
3455758074,Dryophytes versicolor,-70.708892,44.052644,2014,6.552000045776367,26.607999801635742,-14.652000427246094,263.0
3455692651,Anaxyrus americanus,-68.466415,46.058948,2020,3.9056665897369385,24.668001174926758,-18.56800079345703,204.0
3455410106,Dryophytes versicolor,-70.442829,43.500855,2021,7.809833526611328,26.516000747680664,-11.027999877929688,250.0
3455375653,Dryophytes versicolor,-69.765671,44.299965,2020,7.302666664123535,27.04400062561035,-12.927999496459961,249.0
3455359379,Anaxyrus americanus,-68.439346,46.14461,2020,3.6041667461395264,24.52400016784668,-19.027999877929688,203.0
3416164489,Anaxyrus americanus,-68.891355,45.921408,2021,1.9283332824707031,22.167999267578125,-19.04400062561035,247.0
3415674522,Anaxyrus americanus,-68.91447,45.963217,2021,2.9559998512268066,23.40399932861328,-18.56800079345703,214.0
3399171925,Notophthalmus viridescens,-69.87256,44.958813,2021,5.517499923706055,25.799999237060547,-16.18400001525879,210.0
3399119131,Notophthalmus viridescens,-68.300592,44.417263,2021,7.035277843475342,25.459999084472656,-11.739999771118164,256.0
3398985316,Notophthalmus viridescens,-69.11578,44.23285,2021,7.1670002937316895,25.107999801635742,-11.227999687194824,255.0
3398976247,Notophthalmus viridescens,-69.329772,44.606198,2021,6.544333457946777,26.284000396728516,-13.779999732971191,236.0
3398669393,Anaxyrus americanus,-69.641117,44.569545,2019,6.94350004196167,27.18400001525879,-13.927999496459961,221.0
3391663114,Anaxyrus americanus,-68.969742,45.902092,2021,2.928333282470703,23.375999450683594,-18.59200096130371,222.0
3391654768,Notophthalmus viridescens,-70.909527,43.095223,2021,,,,
3391415144,Anaxyrus americanus,-69.093345,44.236461,2021,7.1670002937316895,25.107999801635742,-11.227999687194824,255.0
3391343586,Anaxyrus americanus,-68.552978,45.344272,2021,5.741499900817871,26.251998901367188,-15.640000343322754,222.0
3391292089,Anaxyrus americanus,-68.959185,45.909524,2021,2.928333282470703,23.375999450683594,-18.59200096130371,222.0
3385200724,Anaxyrus americanus,-69.643416,45.491371,2021,3.809000015258789,23.996000289916992,-17.91200065612793,209.0
3385168373,Notophthalmus viridescens,-68.660193,44.902566,2021,6.609499931335449,26.81999969482422,-13.807999610900879,231.0
3385147609,Dryophytes versicolor,-70.9384,43.753862,2021,6.821333408355713,27.100000381469727,-14.03600025177002,274.0
3385092592,Anaxyrus americanus,-70.558385,43.388646,2021,7.988166809082031,26.847999572753906,-10.723999977111816,250.0
3384966064,Anaxyrus americanus,-69.027508,45.909884,2021,3.693333387374878,24.336000442504883,-18.148000717163086,199.0
3384923335,Anaxyrus americanus,-70.167236,44.671383,2021,5.715000152587891,25.92799949645996,-15.868000030517578,255.0
3384866696,Dryophytes versicolor,-68.790038,45.093097,2021,5.994999885559082,26.331998825073242,-15.084000587463379,221.0
3384846106,Anaxyrus americanus,-67.022225,44.854129,2021,6.387744903564453,23.47058868408203,-11.24117660522461,239.0
3384842480,Notophthalmus viridescens,-68.058868,44.333542,2021,6.8611979484558105,23.924999237060547,-10.793749809265137,256.0
3384837785,Dryophytes versicolor,-70.684358,43.216473,2021,8.121500015258789,26.788000106811523,-10.079999923706055,256.0
3384780318,Anaxyrus americanus,-70.005809,43.869633,2021,,,,
3384770643,Anaxyrus americanus,-68.95909,46.035231,2021,2.695833206176758,23.40399932861328,-19.3439998626709,214.0
3384743788,Anaxyrus americanus,-69.767731,45.51791,2021,3.698833465576172,24.0,-18.139999389648438,198.0
3384729355,Notophthalmus viridescens,-70.000315,43.873169,2021,,,,
3384718730,Anaxyrus americanus,-69.573448,44.148872,2021,7.2143330574035645,25.77199935913086,-11.62399959564209,252.0
3384685731,Anaxyrus americanus,-69.655849,44.58261,2021,6.94350004196167,27.18400001525879,-13.927999496459961,221.0
3384672569,Anaxyrus americanus,-69.834885,45.296345,2021,3.99483323097229,24.368000030517578,-17.892000198364258,205.0
3384536233,Notophthalmus viridescens,-68.058952,44.338322,2021,6.8611979484558105,23.924999237060547,-10.793749809265137,256.0
3384454954,Anaxyrus americanus,-69.114848,44.258028,2021,7.117166519165039,25.332000732421875,-11.54800033569336,257.0
3384454374,Dryophytes versicolor,-69.748825,44.708512,2021,6.093500137329102,26.312000274658203,-15.180000305175781,222.0
3384434678,Dryophytes versicolor,-69.751962,44.709595,2021,6.176666736602783,26.42799949645996,-15.168000221252441,221.0
3384432376,Anaxyrus americanus,-68.553003,45.344212,2021,5.741499900817871,26.251998901367188,-15.640000343322754,222.0
3384395315,Notophthalmus viridescens,-67.128655,44.73338,2021,6.146833419799805,24.131999969482422,-12.472000122070312,243.0
3384393840,Anaxyrus americanus,-70.840303,44.744592,2021,3.9100000858306885,23.828001022338867,-17.375999450683594,210.0
3384382848,Anaxyrus americanus,-70.347266,44.80501,2021,5.304500102996826,25.639999389648438,-16.284000396728516,225.0
3384376977,Notophthalmus viridescens,-70.232025,44.061253,2021,7.238833427429199,26.600000381469727,-12.527999877929688,252.0
3384290354,Notophthalmus viridescens,-69.358383,45.519571,2021,3.7071666717529297,23.968000411987305,-17.803998947143555,221.0
3384181791,Notophthalmus viridescens,-68.993233,44.48372,2021,6.820000171661377,25.86400032043457,-12.531999588012695,259.0
3384156829,Anaxyrus americanus,-69.890051,43.933893,2021,7.6147918701171875,25.975000381469727,-11.114999771118164,245.0
3384038539,Notophthalmus viridescens,-70.304375,43.782043,2021,7.285333156585693,25.947999954223633,-12.027999877929688,250.0
3384034951,Anaxyrus americanus,-70.183382,44.255721,2021,6.728166580200195,26.399999618530273,-13.640000343322754,260.0
3384011503,Dryophytes versicolor,-68.206703,44.389122,2021,,,,
3355808079,Notophthalmus viridescens,-68.993263,44.483903,2021,6.820000171661377,25.86400032043457,-12.531999588012695,259.0
3355740262,Notophthalmus viridescens,-68.02051,44.407247,2021,6.825781345367432,24.668750762939453,-11.574999809265137,254.0
3355680620,Dryophytes versicolor,-69.461333,44.130714,2021,7.399166584014893,25.779998779296875,-11.4399995803833,250.0
3355659121,Dryophytes versicolor,-70.303802,44.770446,2021,4.959833145141602,25.091999053955078,-16.40799903869629,238.0
3355643341,Anaxyrus americanus,-68.749204,44.820336,2021,6.86566686630249,27.06399917602539,-13.619999885559082,242.0
3355641500,Anaxyrus americanus,-70.027514,43.858949,2021,,,,
3355551418,Anaxyrus americanus,-69.454125,43.931241,2021,7.5550923347473145,24.666667938232422,-9.655555725097656,246.0
3355488162,Dryophytes versicolor,-69.809426,44.0913,2021,7.201000213623047,26.11600112915039,-12.168000221252441,250.0
3355488159,Anaxyrus americanus,-69.715858,44.421102,2021,6.795000076293945,26.583999633789062,-13.552000045776367,232.0
3355453122,Anaxyrus americanus,-69.803774,44.082287,2021,7.3488335609436035,26.04800033569336,-11.831999778747559,248.0
3355430482,Dryophytes versicolor,-70.478127,43.357062,2021,8.032675743103027,26.336841583251953,-9.942105293273926,246.0
3355327620,Anaxyrus americanus,-67.099112,44.732112,2021,6.153273582458496,23.985713958740234,-12.214285850524902,242.0
3355317417,Anaxyrus americanus,-70.028127,43.859516,2021,,,,
3355309477,Anaxyrus americanus,-69.820602,43.910635,2021,,,,
3355203489,Anaxyrus americanus,-69.954494,43.83207,2021,7.696666717529297,24.97333335876465,-9.866666793823242,243.0
3355200243,Anaxyrus americanus,-69.134998,44.51402,2021,6.466000080108643,25.63599967956543,-13.204000473022461,265.0
3355199960,Anaxyrus americanus,-69.66198,44.562655,2021,6.94350004196167,27.18400001525879,-13.927999496459961,221.0
3355186093,Dryophytes versicolor,-69.81152,44.073949,2021,7.3488335609436035,26.04800033569336,-11.831999778747559,248.0
3355149490,Anaxyrus americanus,-69.114848,44.258028,2021,7.117166519165039,25.332000732421875,-11.54800033569336,257.0
3355110155,Dryophytes versicolor,-69.809655,44.078898,2021,7.3488335609436035,26.04800033569336,-11.831999778747559,248.0
3355108940,Anaxyrus americanus,-70.860339,43.358689,2021,7.757333278656006,27.5,-11.592000007629395,262.0
3355107218,Anaxyrus americanus,-69.809307,44.079132,2021,7.3488335609436035,26.04800033569336,-11.831999778747559,248.0
3355043117,Dryophytes versicolor,-69.809469,44.091168,2021,7.201000213623047,26.11600112915039,-12.168000221252441,250.0
3355014920,Dryophytes versicolor,-70.5756,43.637058,2021,7.243833541870117,26.68400001525879,-12.748000144958496,252.0
3354990083,Anaxyrus americanus,-68.895445,46.962953,2021,2.3376667499542236,23.512001037597656,-20.644001007080078,203.0
3344139363,Anaxyrus americanus,-70.752016,43.39426,2021,7.711166858673096,27.26799964904785,-11.616000175476074,261.0
3344131934,Anaxyrus americanus,-70.752238,43.394647,2021,7.711166858673096,27.26799964904785,-11.616000175476074,261.0
3344131550,Anaxyrus americanus,-69.900972,44.316598,2021,6.9618330001831055,26.43199920654297,-13.279999732971191,253.0
3344110406,Dryophytes versicolor,-69.395037,44.45195,2021,6.376500129699707,25.56399917602539,-13.303999900817871,257.0
3344105656,Dryophytes versicolor,-69.804964,44.088655,2021,7.201000213623047,26.11600112915039,-12.168000221252441,250.0
3344101452,Dryophytes versicolor,-68.790008,45.093033,2021,5.994999885559082,26.331998825073242,-15.084000587463379,221.0
3344098319,Anaxyrus americanus,-70.972599,44.261587,2021,5.476166725158691,25.20400047302246,-15.03600025177002,250.0
3344086712,Anaxyrus americanus,-69.935524,43.957074,2021,7.578666687011719,26.128000259399414,-11.359999656677246,246.0
3344079027,Notophthalmus viridescens,-67.361699,44.687574,2021,,,,
3344067303,Anaxyrus americanus,-68.39985,44.307338,2021,7.01649284362793,24.674999237060547,-11.041666984558105,259.0
3344066695,Anaxyrus americanus,-69.570887,44.243476,2021,7.145666599273682,26.100000381469727,-12.199999809265137,255.0
3344044266,Anaxyrus americanus,-69.798604,44.270329,2021,7.03849983215332,26.45599937438965,-12.935999870300293,255.0
3344036328,Anaxyrus americanus,-68.45095,44.847958,2021,6.0323333740234375,25.827999114990234,-14.248000144958496,273.0
3344024556,Anaxyrus americanus,-70.957411,44.766375,2021,4.192500114440918,24.279998779296875,-17.351999282836914,177.0
3343994077,Notophthalmus viridescens,-69.211403,43.973022,2021,7.46600866317749,23.947368621826172,-9.310526847839355,247.0
3343959421,Anaxyrus americanus,-70.186055,44.257859,2021,6.728166580200195,26.399999618530273,-13.640000343322754,260.0
3343900813,Dryophytes versicolor,-69.809645,44.078901,2021,7.3488335609436035,26.04800033569336,-11.831999778747559,248.0
3343862204,Anaxyrus americanus,-68.842828,46.308363,2021,3.6408333778381348,24.6560001373291,-19.43199920654297,183.0
3343836123,Notophthalmus viridescens,-69.989822,44.38657,2021,6.595333099365234,26.304000854492188,-13.9399995803833,256.0
3343818046,Dryophytes versicolor,-69.811488,44.077579,2021,7.3488335609436035,26.04800033569336,-11.831999778747559,248.0
3343765170,Dryophytes versicolor,-69.841944,44.05086,2021,7.247833251953125,25.992000579833984,-11.956000328063965,249.0
3343747740,Anaxyrus americanus,-70.631721,43.284212,2021,8.127500534057617,26.855998992919922,-10.175999641418457,253.0
3343738829,Dryophytes versicolor,-70.288331,44.091973,2021,7.025000095367432,26.355998992919922,-12.932000160217285,255.0
3343735146,Notophthalmus viridescens,-68.552933,44.73752,2021,6.296166896820068,25.8439998626709,-13.715999603271484,271.0
3343725806,Anaxyrus americanus,-69.764962,44.200834,2021,7.2170000076293945,26.368000030517578,-12.527999877929688,253.0
3338146304,Anaxyrus americanus,-69.063392,44.23313,2021,6.89965295791626,24.762500762939453,-11.337499618530273,260.0
3338119922,Anaxyrus americanus,-69.503027,45.480154,2021,3.87933349609375,24.239999771118164,-18.003999710083008,208.0
3338102301,Anaxyrus americanus,-69.055747,44.459764,2021,6.851833343505859,25.983999252319336,-12.51200008392334,259.0
3338073386,Dryophytes versicolor,-70.450967,43.881728,2021,6.956833362579346,26.13599967956543,-13.104000091552734,257.0
3338059441,Anaxyrus americanus,-69.293388,44.132106,2021,7.225833415985107,25.371999740600586,-11.14799976348877,253.0
3338049267,Notophthalmus viridescens,-67.617212,44.549119,2021,6.5348334312438965,23.719999313354492,-11.736000061035156,250.0
3338046736,Dryophytes versicolor,-68.809929,44.743587,2021,6.744333267211914,26.59600067138672,-13.435999870300293,248.0
3338044467,Anaxyrus americanus,-68.387886,44.797236,2015,6.356666564941406,26.1200008392334,-13.859999656677246,264.0
3338038258,Anaxyrus americanus,-70.688545,43.724693,2021,7.033666610717773,26.868000030517578,-13.588000297546387,260.0
3338029745,Anaxyrus americanus,-69.519474,45.475806,2021,3.87933349609375,24.239999771118164,-18.003999710083008,208.0
3338005938,Anaxyrus americanus,-71.021369,44.53578,2021,4.063666820526123,23.823999404907227,-16.583999633789062,234.0
3338001698,Anaxyrus americanus,-69.516548,43.983478,2021,7.496166706085205,25.06399917602539,-10.295999526977539,250.0
3337988092,Dryophytes versicolor,-68.515477,44.501284,2021,6.770500183105469,25.916000366210938,-12.65999984741211,261.0
3337987383,Dryophytes versicolor,-68.186261,44.48649,2021,,,,
3337986976,Anaxyrus americanus,-69.377787,45.520558,2021,3.433666706085205,23.715999603271484,-18.152000427246094,227.0
3337968780,Anaxyrus americanus,-70.907137,44.9068,2021,3.935333251953125,23.992000579833984,-17.68000030517578,186.0
3337939343,Dryophytes versicolor,-68.802,44.844667,2013,6.562166690826416,26.676000595092773,-13.972000122070312,233.0
3337937849,Anaxyrus americanus,-69.885047,43.925412,2021,7.6147918701171875,25.975000381469727,-11.114999771118164,245.0
3337891296,Anaxyrus americanus,-70.014885,43.8941,2021,7.3520002365112305,25.6560001373291,-11.315999984741211,246.0
3337878061,Anaxyrus americanus,-69.486145,43.878044,2021,7.535745620727539,24.347368240356445,-9.421052932739258,249.0
3337837887,Notophthalmus viridescens,-70.981842,44.250397,2021,5.476166725158691,25.20400047302246,-15.03600025177002,250.0
3337837675,Anaxyrus americanus,-70.849503,44.469543,2021,5.41349983215332,25.52400016784668,-15.519999504089355,211.0
3337820701,Anaxyrus americanus,-70.918801,44.510329,2021,4.619833469390869,24.371999740600586,-16.020000457763672,223.0
3337806797,Dryophytes versicolor,-69.989862,44.386433,2020,6.595333099365234,26.304000854492188,-13.9399995803833,256.0
3337773848,Anaxyrus americanus,-70.293122,44.089358,2021,6.826833248138428,26.224000930786133,-13.211999893188477,257.0
3337713940,Anaxyrus americanus,-70.853722,44.46954,2021,5.41349983215332,25.52400016784668,-15.519999504089355,211.0
3337708851,Anaxyrus americanus,-69.307587,43.971256,2021,,,,
3337677145,Anaxyrus americanus,-70.53225,43.556755,2021,7.5329999923706055,26.607999801635742,-11.86400032043457,249.0
3337539993,Notophthalmus viridescens,-69.358208,45.516995,2021,3.7071666717529297,23.968000411987305,-17.803998947143555,221.0
3337487841,Anaxyrus americanus,-69.786042,44.10245,2021,,,,
3337484936,Anaxyrus americanus,-70.757637,43.076831,2021,,,,
3337445963,Anaxyrus americanus,-67.537384,44.647935,2021,6.405952453613281,24.119047164916992,-12.295238494873047,250.0
3337399208,Anaxyrus americanus,-70.203,45.080783,2021,4.258166790008545,24.256000518798828,-17.1200008392334,226.0
3337388218,Notophthalmus viridescens,-70.009514,43.908478,2021,7.3520002365112305,25.6560001373291,-11.315999984741211,246.0
3335552379,Dryophytes versicolor,-69.315248,44.580136,2021,6.479166507720947,26.055999755859375,-13.616000175476074,244.0
3335452233,Notophthalmus viridescens,-69.058722,45.34996,2021,5.31416654586792,25.63599967956543,-16.187999725341797,213.0
3335444066,Anaxyrus americanus,-69.068278,44.228827,2021,6.89965295791626,24.762500762939453,-11.337499618530273,260.0
3335438020,Anaxyrus americanus,-69.32988,44.554382,2021,6.479166507720947,26.055999755859375,-13.616000175476074,244.0
3335416675,Anaxyrus americanus,-69.477625,43.902088,2021,7.535745620727539,24.347368240356445,-9.421052932739258,249.0
3335411676,Anaxyrus americanus,-70.718912,43.102753,2021,,,,
3335400716,Anaxyrus americanus,-70.5196,43.837998,2021,7.247499942779541,26.284000396728516,-12.0600004196167,252.0
3335399196,Anaxyrus americanus,-70.531899,43.557138,2021,7.5329999923706055,26.607999801635742,-11.86400032043457,249.0
3335382636,Dryophytes versicolor,-69.899803,44.460545,2021,6.56083345413208,26.368000030517578,-14.079999923706055,242.0
3335381873,Anaxyrus americanus,-68.96874,45.827905,2021,4.5966668128967285,25.275999069213867,-17.303998947143555,193.0
3335381096,Anaxyrus americanus,-69.843353,44.046861,2021,7.247833251953125,25.992000579833984,-11.956000328063965,249.0
3335379229,Anaxyrus americanus,-70.893862,44.411217,2021,5.713666915893555,25.856000900268555,-15.199999809265137,216.0
3335367778,Dryophytes versicolor,-69.844451,44.044872,2021,7.247833251953125,25.992000579833984,-11.956000328063965,249.0
3335328217,Anaxyrus americanus,-70.041382,43.893835,2021,7.3520002365112305,25.6560001373291,-11.315999984741211,246.0
3335280320,Anaxyrus americanus,-70.776167,43.558064,2021,7.185999870300293,26.88800048828125,-12.776000022888184,267.0
3335228361,Anaxyrus americanus,-67.145155,44.686386,2021,6.150781154632568,23.931249618530273,-12.231249809265137,245.0
3335219535,Anaxyrus americanus,-69.652065,44.574385,2021,6.94350004196167,27.18400001525879,-13.927999496459961,221.0
3335170068,Anaxyrus americanus,-69.631631,44.430333,2021,6.842166423797607,26.559999465942383,-13.416000366210938,231.0
3335147693,Notophthalmus viridescens,-68.29514,44.874469,2021,6.181000232696533,26.035999298095703,-14.168000221252441,267.0
3335122499,Anaxyrus americanus,-69.52114,45.481422,2021,3.87933349609375,24.239999771118164,-18.003999710083008,208.0
3335115608,Anaxyrus americanus,-67.231888,44.755799,2021,6.193166732788086,24.507999420166016,-12.98799991607666,245.0
3335095703,Dryophytes versicolor,-69.844465,44.044843,2021,7.247833251953125,25.992000579833984,-11.956000328063965,249.0
3335087698,Notophthalmus viridescens,-69.842302,44.049333,2021,7.247833251953125,25.992000579833984,-11.956000328063965,249.0
3335080776,Notophthalmus viridescens,-68.993394,44.486202,2021,6.820000171661377,25.86400032043457,-12.531999588012695,259.0
3335068709,Notophthalmus viridescens,-69.842246,44.049449,2021,7.247833251953125,25.992000579833984,-11.956000328063965,249.0
3333516534,Anaxyrus americanus,-70.450299,43.687121,2021,7.3466668128967285,26.444000244140625,-12.319999694824219,250.0
3333503468,Anaxyrus americanus,-70.459572,44.108406,2021,6.759666919708252,26.444000244140625,-13.772000312805176,258.0
3333487455,Dryophytes versicolor,-69.541135,44.96885,2021,5.634666919708252,25.875999450683594,-15.824000358581543,213.0
3333467356,Dryophytes versicolor,-67.89811,45.973246,2020,4.691999912261963,25.73200035095215,-17.236000061035156,216.0
3333453329,Notophthalmus viridescens,-67.89811,45.973246,2021,4.691999912261963,25.73200035095215,-17.236000061035156,216.0
3333433442,Dryophytes versicolor,-68.565529,44.806891,2021,6.529333114624023,26.435998916625977,-13.795999526977539,254.0
3333420471,Anaxyrus americanus,-69.66343,43.873837,2021,7.671229839324951,24.44761848449707,-9.295238494873047,246.0
3333370438,Dryophytes versicolor,-70.631046,43.405552,2021,7.875333309173584,27.131999969482422,-11.248000144958496,254.0
3333344449,Notophthalmus viridescens,-69.842198,44.049539,2021,7.247833251953125,25.992000579833984,-11.956000328063965,249.0
3333324424,Dryophytes versicolor,-70.629763,43.16343,2021,8.4769926071167,26.92608642578125,-9.317391395568848,246.0
3333309178,Anaxyrus americanus,-69.166862,45.695775,2021,3.757999897003174,24.29199981689453,-17.992000579833984,207.0
3333288236,Dryophytes versicolor,-69.844291,44.045227,2021,7.247833251953125,25.992000579833984,-11.956000328063965,249.0
3333266424,Anaxyrus americanus,-70.810349,44.476175,2021,5.67383337020874,25.871999740600586,-15.404000282287598,209.0
3333261043,Anaxyrus americanus,-67.08155,44.757508,2021,,,,
3333243462,Anaxyrus americanus,-70.191658,44.244247,2021,6.722833156585693,26.211999893188477,-13.447999954223633,259.0
3333202474,Anaxyrus americanus,-69.749512,44.705525,2021,6.234833240509033,26.384000778198242,-14.887999534606934,219.0
3333162276,Dryophytes versicolor,-69.185807,45.153716,2021,5.4105000495910645,25.672000885009766,-16.083999633789062,226.0
3333155181,Notophthalmus viridescens,-68.99339,44.486351,2021,6.820000171661377,25.86400032043457,-12.531999588012695,259.0
3333132428,Dryophytes versicolor,-70.648752,44.288961,2021,6.017333507537842,25.884000778198242,-14.751999855041504,249.0
3333127823,Anaxyrus americanus,-67.081542,44.757572,2021,,,,
3333107826,Notophthalmus viridescens,-68.992389,44.494218,2021,6.820000171661377,25.86400032043457,-12.531999588012695,259.0
3333100677,Anaxyrus americanus,-70.432783,44.699553,2021,5.462833404541016,25.687999725341797,-15.86400032043457,222.0
3333099455,Dryophytes versicolor,-70.384728,43.672992,2021,7.487333297729492,26.42799949645996,-12.008000373840332,249.0
3333098642,Anaxyrus americanus,-70.635545,44.291297,2021,6.017333507537842,25.884000778198242,-14.751999855041504,249.0
3333096167,Anaxyrus americanus,-69.523801,44.026271,2021,7.539015293121338,25.422727584838867,-10.554545402526855,249.0
3333080438,Anaxyrus americanus,-70.741502,43.173215,2021,8.345333099365234,27.163999557495117,-9.960000038146973,252.0
3333072423,Anaxyrus americanus,-70.576513,43.637185,2021,7.243833541870117,26.68400001525879,-12.748000144958496,252.0
3333065475,Anaxyrus americanus,-70.780502,44.863285,2021,3.9548332691192627,24.055999755859375,-17.70400047302246,197.0
3333064811,Dryophytes versicolor,-68.998571,44.520689,2021,6.750833511352539,25.871999740600586,-12.772000312805176,261.0
3333063530,Dryophytes versicolor,-69.034538,44.45524,2021,7.00121545791626,25.96666717529297,-12.133333206176758,257.0
3333061821,Anaxyrus americanus,-70.264213,43.818692,2021,7.257833480834961,25.911998748779297,-11.996000289916992,251.0
3333058434,Dryophytes versicolor,-70.262525,43.819883,2021,7.257833480834961,25.911998748779297,-11.996000289916992,251.0
3333057196,Anaxyrus americanus,-70.307647,45.112475,2021,4.013999938964844,24.06399917602539,-17.23200035095215,214.0
3333047226,Dryophytes versicolor,-69.876101,44.01065,2021,7.3427534103393555,25.92608642578125,-11.686956405639648,248.0
3330909537,Anaxyrus americanus,-69.086837,44.251172,2021,7.117166519165039,25.332000732421875,-11.54800033569336,257.0
3330902377,Anaxyrus americanus,-70.086089,43.903745,2021,7.24233341217041,25.74799919128418,-11.696000099182129,247.0
3330889319,Dryophytes versicolor,-68.058731,44.333466,2021,6.8611979484558105,23.924999237060547,-10.793749809265137,256.0
3330882420,Dryophytes versicolor,-70.576316,43.637117,2021,7.243833541870117,26.68400001525879,-12.748000144958496,252.0
3330838382,Anaxyrus americanus,-69.54838,45.8656,2021,3.6510000228881836,24.399999618530273,-18.507999420166016,189.0
3330835544,Dryophytes versicolor,-69.007688,44.284093,2021,6.966447353363037,25.052631378173828,-11.3421049118042,256.0
3330766656,Anaxyrus americanus,-68.004436,46.609633,2021,3.691499948501587,24.531999588012695,-18.299999237060547,172.0
3330735021,Anaxyrus americanus,-69.809262,44.079529,2021,7.3488335609436035,26.04800033569336,-11.831999778747559,248.0
3330676880,Anaxyrus americanus,-70.299464,43.772092,2021,7.285333156585693,25.947999954223633,-12.027999877929688,250.0
3330649098,Notophthalmus viridescens,-70.001682,43.881135,2021,7.3520002365112305,25.6560001373291,-11.315999984741211,246.0
3330623205,Notophthalmus viridescens,-68.993449,44.486229,2021,6.820000171661377,25.86400032043457,-12.531999588012695,259.0
3330592465,Anaxyrus americanus,-70.454724,43.982764,2021,6.875500202178955,26.13599967956543,-13.395999908447266,258.0
3330533091,Anaxyrus americanus,-69.871596,44.011608,2021,7.473090171813965,25.950000762939453,-11.508333206176758,246.0
3330529280,Dryophytes versicolor,-69.640655,44.575831,2021,6.94350004196167,27.18400001525879,-13.927999496459961,221.0
3330469965,Anaxyrus americanus,-70.592821,44.925398,2021,3.4806666374206543,23.583999633789062,-18.011999130249023,229.0
3330467058,Dryophytes versicolor,-69.844247,44.045281,2021,7.247833251953125,25.992000579833984,-11.956000328063965,249.0
3330418035,Anaxyrus americanus,-70.003197,46.089858,2021,2.927000045776367,23.399999618530273,-19.052000045776367,199.0
3328138675,Anaxyrus americanus,-68.891838,45.921447,2021,1.9283332824707031,22.167999267578125,-19.04400062561035,247.0
3328069490,Anaxyrus americanus,-70.707527,44.006397,2021,6.5938334465026855,26.559999465942383,-14.444000244140625,266.0
3328059632,Notophthalmus viridescens,-70.700592,43.904433,2021,6.617666721343994,26.472000122070312,-14.17199993133545,268.0
3328057353,Anaxyrus americanus,-70.154969,43.856487,2021,7.3495001792907715,25.827999114990234,-11.5,247.0
3328029193,Anaxyrus americanus,-68.875435,45.816093,2021,4.639666557312012,25.323999404907227,-17.168001174926758,199.0
3327916342,Anaxyrus americanus,-69.899841,44.844636,2020,5.804500102996826,26.18000030517578,-16.059999465942383,219.0
3327896349,Anaxyrus americanus,-69.623567,44.1151,2021,7.291666507720947,25.81599998474121,-11.53600025177002,252.0
3327880497,Anaxyrus americanus,-70.349579,43.785538,2021,7.260000228881836,26.027999877929688,-12.208000183105469,251.0
3327845581,Dryophytes versicolor,-70.602478,43.945019,2021,6.918499946594238,26.511999130249023,-13.456000328063965,259.0
3327755624,Anaxyrus americanus,-70.041329,43.893863,2021,7.3520002365112305,25.6560001373291,-11.315999984741211,246.0
3327746252,Dryophytes versicolor,-69.447789,44.373081,2021,6.854833126068115,25.940000534057617,-12.652000427246094,252.0
3327691002,Notophthalmus viridescens,-70.216547,43.610525,2021,7.891848087310791,25.826087951660156,-10.265216827392578,244.0
3325922469,Anaxyrus americanus,-68.993188,44.337044,2021,6.944999694824219,25.323999404907227,-11.652000427246094,258.0
3325850544,Dryophytes versicolor,-67.764587,44.621367,2021,6.561174392700195,24.622726440429688,-12.550000190734863,254.0
3325839087,Notophthalmus viridescens,-68.316903,44.319472,2021,,,,
3325772568,Dryophytes versicolor,-70.897087,44.19453,2019,6.575833320617676,26.851999282836914,-14.555999755859375,241.0
3325761543,Notophthalmus viridescens,-68.474351,44.831935,2021,6.180500030517578,25.93600082397461,-14.0,271.0
3325742460,Anaxyrus americanus,-70.732475,44.063408,2021,6.552000045776367,26.607999801635742,-14.652000427246094,263.0
3325720296,Anaxyrus americanus,-70.289025,43.730214,2021,7.567666530609131,26.064001083374023,-11.359999656677246,249.0
3325677886,Notophthalmus viridescens,-70.0803,44.671825,2021,5.765500068664551,25.964000701904297,-15.800000190734863,253.0
3325671030,Anaxyrus americanus,-70.7602,43.313837,2021,7.957666873931885,27.40399932861328,-11.027999877929688,257.0
3325608408,Anaxyrus americanus,-69.659148,43.871756,2021,7.671229839324951,24.44761848449707,-9.295238494873047,246.0
3325585577,Dryophytes versicolor,-68.219963,44.382,2021,6.991421699523926,25.48235321044922,-11.79411792755127,259.0
3325571895,Anaxyrus americanus,-67.192278,44.783541,2021,6.194833278656006,24.483999252319336,-12.831999778747559,245.0
3325471275,Anaxyrus americanus,-68.354294,44.298441,2021,6.921166896820068,24.908000946044922,-11.420000076293945,262.0
3321288377,Dryophytes versicolor,-69.602364,44.450819,2021,6.8368330001831055,26.472000122070312,-13.371999740600586,233.0
3321259540,Notophthalmus viridescens,-68.060894,44.332456,2021,,,,
3321237508,Anaxyrus americanus,-69.252123,44.330145,2021,6.839000225067139,25.559999465942383,-12.192000389099121,261.0
3321217596,Anaxyrus americanus,-69.143203,44.217987,2021,6.7704997062683105,24.719999313354492,-11.696000099182129,264.0
3321215583,Anaxyrus americanus,-69.014769,45.927545,2021,2.3434998989105225,22.68400001525879,-19.200000762939453,238.0
3321210291,Anaxyrus americanus,-68.862297,45.918913,2021,2.86299991607666,23.20800018310547,-18.31999969482422,222.0
3321175956,Notophthalmus viridescens,-68.747172,44.737942,2021,6.654333114624023,26.420000076293945,-13.539999961853027,256.0
3321096610,Anaxyrus americanus,-68.011253,45.882362,2021,4.9041666984558105,25.983999252319336,-16.940000534057617,216.0
3321015524,Notophthalmus viridescens,-68.789612,44.357267,2021,7.145394802093506,25.11578941345215,-11.036842346191406,251.0
3320982576,Dryophytes versicolor,-70.224873,43.631868,2021,8.066319465637207,26.241666793823242,-10.366666793823242,245.0
3320944883,Dryophytes versicolor,-67.422891,44.744777,2021,6.336166858673096,24.847999572753906,-13.15999984741211,251.0
3320940744,Notophthalmus viridescens,-68.757325,44.394353,2021,7.184722423553467,25.36111068725586,-11.216666221618652,251.0
3320893599,Anaxyrus americanus,-69.317771,44.220709,2021,6.987166404724121,25.47599983215332,-11.836000442504883,260.0
3320844196,Anaxyrus americanus,-70.88745,43.843692,2021,6.706166744232178,26.892000198364258,-14.391999244689941,279.0
3314573449,Anaxyrus americanus,-69.067322,44.227192,2021,6.89965295791626,24.762500762939453,-11.337499618530273,260.0
3314530308,Anaxyrus americanus,-68.011353,45.882417,2021,4.9041666984558105,25.983999252319336,-16.940000534057617,216.0
3314456323,Notophthalmus viridescens,-69.510672,43.996322,2021,7.496166706085205,25.06399917602539,-10.295999526977539,250.0
3314448385,Anaxyrus americanus,-69.065758,44.230205,2021,6.89965295791626,24.762500762939453,-11.337499618530273,260.0
3314439464,Anaxyrus americanus,-69.065855,44.23022,2021,6.89965295791626,24.762500762939453,-11.337499618530273,260.0
3314397015,Notophthalmus viridescens,-69.950306,43.956334,2021,7.578666687011719,26.128000259399414,-11.359999656677246,246.0
3314378665,Anaxyrus americanus,-70.341858,43.778267,2021,7.260000228881836,26.027999877929688,-12.208000183105469,251.0
3314372244,Anaxyrus americanus,-69.479892,43.902662,2021,7.535745620727539,24.347368240356445,-9.421052932739258,249.0
3314313872,Anaxyrus americanus,-70.104497,44.031465,2020,7.176833152770996,26.152000427246094,-12.144000053405762,249.0
3314291939,Anaxyrus americanus,-69.829047,43.952695,2021,,,,
3314152191,Dryophytes versicolor,-68.061134,44.332122,2021,,,,
3307511500,Notophthalmus viridescens,-69.842226,44.049469,2021,7.247833251953125,25.992000579833984,-11.956000328063965,249.0
3307489992,Anaxyrus americanus,-69.568833,44.154972,2021,7.2143330574035645,25.77199935913086,-11.62399959564209,252.0
3307442638,Anaxyrus americanus,-70.81137,44.42006,2021,5.888333320617676,26.148000717163086,-15.263999938964844,211.0
3307436283,Dryophytes versicolor,-69.8754,44.010542,2021,7.3427534103393555,25.92608642578125,-11.686956405639648,248.0
3307404244,Anaxyrus americanus,-70.064162,45.263545,2021,3.995333433151245,24.167999267578125,-17.607999801635742,205.0
3307380014,Dryophytes versicolor,-70.2875,43.734,2013,7.567666530609131,26.064001083374023,-11.359999656677246,249.0
3307342314,Anaxyrus americanus,-70.15235,44.666183,2021,5.921999931335449,26.29599952697754,-15.687999725341797,259.0
3307337586,Anaxyrus americanus,-69.277089,44.246004,2021,7.163333415985107,25.59200096130371,-11.680000305175781,256.0
3307315635,Anaxyrus americanus,-68.439751,46.623737,2021,3.5404999256134033,25.003999710083008,-20.43199920654297,174.0
3307288334,Anaxyrus americanus,-70.399025,43.459122,2013,7.868287086486816,26.205554962158203,-10.466666221618652,244.0
3307250681,Dryophytes versicolor,-69.874673,44.010508,2021,7.473090171813965,25.950000762939453,-11.508333206176758,246.0
3307233795,Dryophytes versicolor,-69.815987,43.915317,2021,,,,
3307159369,Notophthalmus viridescens,-69.663148,43.955624,2020,7.626704692840576,24.940908432006836,-9.92272663116455,246.0
3302563767,Dryophytes versicolor,-70.795927,44.418997,2020,5.888333320617676,26.148000717163086,-15.263999938964844,211.0
3302556082,Anaxyrus americanus,-69.894669,44.094928,2017,7.0970001220703125,26.052000045776367,-12.336000442504883,251.0
3302535432,Dryophytes versicolor,-70.286603,43.705598,2021,7.834469795227051,26.39545440673828,-11.068181991577148,247.0
3302534290,Anaxyrus americanus,-70.796615,44.41924,2020,5.888333320617676,26.148000717163086,-15.263999938964844,211.0
3302532727,Notophthalmus viridescens,-69.49401,43.990128,2021,7.464666843414307,24.988000869750977,-10.208000183105469,249.0
3302532380,Dryophytes versicolor,-70.64886,44.289161,2021,6.017333507537842,25.884000778198242,-14.751999855041504,249.0
3302514545,Anaxyrus americanus,-70.952037,44.58884,2018,3.9838333129882812,23.715999603271484,-16.739999771118164,222.0
3302512238,Notophthalmus viridescens,-69.843822,44.049148,2019,7.247833251953125,25.992000579833984,-11.956000328063965,249.0
3302512137,Dryophytes versicolor,-69.852821,44.386743,2021,6.693166255950928,26.38399887084961,-13.600000381469727,247.0
3302503385,Anaxyrus americanus,-70.533972,43.367221,2021,8.057539939880371,26.542858123779297,-10.09523868560791,247.0
3302502443,Anaxyrus americanus,-69.283811,44.840678,2015,6.274166584014893,26.38399887084961,-14.95199966430664,222.0
3302487457,Notophthalmus viridescens,-68.273335,44.338556,2021,6.7104997634887695,24.97599983215332,-11.85200023651123,268.0
3302479744,Anaxyrus americanus,-70.884147,43.330535,2021,7.94083309173584,27.86400032043457,-11.527999877929688,255.0
3302428141,Notophthalmus viridescens,-69.842269,44.049944,2015,7.247833251953125,25.992000579833984,-11.956000328063965,249.0
3302405281,Anaxyrus americanus,-69.920525,43.933206,2016,7.578666687011719,26.128000259399414,-11.359999656677246,246.0
3302400837,Notophthalmus viridescens,-70.232098,43.574983,2021,,,,
3302353895,Dryophytes versicolor,-68.995325,44.33899,2021,6.944999694824219,25.323999404907227,-11.652000427246094,258.0
3302344415,Anaxyrus americanus,-69.493286,43.993618,2021,7.464666843414307,24.988000869750977,-10.208000183105469,249.0
3302315184,Anaxyrus americanus,-70.796248,44.419273,2020,5.888333320617676,26.148000717163086,-15.263999938964844,211.0
3302314276,Notophthalmus viridescens,-69.921976,43.933309,2015,7.578666687011719,26.128000259399414,-11.359999656677246,246.0
3302249031,Anaxyrus americanus,-70.646453,43.992267,2020,6.757833480834961,26.59600067138672,-14.088000297546387,262.0
3302233873,Notophthalmus viridescens,-70.902,44.571697,2017,4.391166687011719,24.06399917602539,-16.24799919128418,227.0
3302179740,Anaxyrus americanus,-68.352272,44.280505,2021,7.109375,24.795833587646484,-10.866666793823242,257.0
3302147892,Anaxyrus americanus,-70.431825,43.5817,2021,7.587833404541016,26.25200080871582,-11.392000198364258,250.0
3302138444,Notophthalmus viridescens,-69.842305,44.049347,2020,7.247833251953125,25.992000579833984,-11.956000328063965,249.0
3302079519,Anaxyrus americanus,-69.374161,44.150345,2021,7.134833335876465,25.3439998626709,-11.276000022888184,253.0
3302078095,Anaxyrus americanus,-69.765776,44.225445,2016,7.238166809082031,26.631999969482422,-12.732000350952148,254.0
3302070854,Anaxyrus americanus,-68.366158,44.326444,2021,6.921166896820068,24.908000946044922,-11.420000076293945,262.0
3302061244,Dryophytes versicolor,-70.796539,44.419278,2020,5.888333320617676,26.148000717163086,-15.263999938964844,211.0
3302060737,Dryophytes versicolor,-68.993474,44.486279,2021,6.820000171661377,25.86400032043457,-12.531999588012695,259.0
3302059878,Dryophytes versicolor,-70.795888,44.419063,2020,5.888333320617676,26.148000717163086,-15.263999938964844,211.0
3302036627,Anaxyrus americanus,-70.25,43.799999,2021,7.369333267211914,26.0,-11.763999938964844,248.0
3302012134,Anaxyrus americanus,-69.904836,44.100418,2016,7.0970001220703125,26.052000045776367,-12.336000442504883,251.0
3302003774,Anaxyrus americanus,-70.878912,43.332354,2021,7.94083309173584,27.86400032043457,-11.527999877929688,255.0
3301984015,Dryophytes versicolor,-69.842481,44.048961,2020,7.247833251953125,25.992000579833984,-11.956000328063965,249.0
3301978438,Anaxyrus americanus,-69.620314,44.546261,2021,7.013000011444092,27.308000564575195,-13.904000282287598,220.0
3301961999,Notophthalmus viridescens,-70.23555,43.979134,2021,7.073666572570801,26.064001083374023,-12.36400032043457,250.0
3301960930,Dryophytes versicolor,-68.061379,44.332656,2021,,,,
3301957911,Anaxyrus americanus,-70.936897,44.583995,2018,3.9838333129882812,23.715999603271484,-16.739999771118164,222.0
3301955844,Anaxyrus americanus,-70.901864,44.571717,2017,4.391166687011719,24.06399917602539,-16.24799919128418,227.0
3301896026,Anaxyrus americanus,-70.947996,44.590598,2018,3.9838333129882812,23.715999603271484,-16.739999771118164,222.0
3301878003,Notophthalmus viridescens,-69.921098,43.933179,2016,7.578666687011719,26.128000259399414,-11.359999656677246,246.0
3301851434,Notophthalmus viridescens,-69.99923,43.889339,2016,7.499833106994629,25.847999572753906,-11.196000099182129,245.0
3301845938,Dryophytes versicolor,-70.796221,44.418807,2020,5.888333320617676,26.148000717163086,-15.263999938964844,211.0
3301840975,Anaxyrus americanus,-69.134339,44.215492,2021,6.7704997062683105,24.719999313354492,-11.696000099182129,264.0
3301837062,Dryophytes versicolor,-70.76673,43.201542,2021,8.294333457946777,27.239999771118164,-10.107999801635742,254.0
3301835107,Anaxyrus americanus,-70.350395,44.729878,2021,4.340666770935059,24.076000213623047,-16.583999633789062,253.0
3301800113,Notophthalmus viridescens,-69.841959,44.050668,2020,7.247833251953125,25.992000579833984,-11.956000328063965,249.0
3124829150,Dryophytes versicolor,-70.708358,44.053856,2015,6.552000045776367,26.607999801635742,-14.652000427246094,263.0
3124713821,Anaxyrus americanus,-70.893044,44.412083,2021,5.713666915893555,25.856000900268555,-15.199999809265137,216.0
3124681723,Dryophytes versicolor,-70.707267,44.052831,2016,6.709499835968018,26.77199935913086,-14.435999870300293,259.0
3124616603,Dryophytes versicolor,-67.806422,45.200426,2021,5.734833240509033,25.92799949645996,-15.460000038146973,256.0
3124540561,Anaxyrus americanus,-67.995163,46.672871,2021,3.9779999256134033,25.332000732421875,-18.16400146484375,170.0
3124529971,Anaxyrus americanus,-70.034325,44.321513,2021,6.668833255767822,26.13599967956543,-13.612000465393066,262.0
3124521299,Anaxyrus americanus,-70.27023,44.568703,2021,5.910833358764648,25.983999252319336,-15.288000106811523,252.0
3124511564,Anaxyrus americanus,-69.462875,43.899108,2017,7.535745620727539,24.347368240356445,-9.421052932739258,249.0
3118508675,Anaxyrus americanus,-69.748872,44.708247,2021,6.234833240509033,26.384000778198242,-14.887999534606934,219.0
3118443440,Dryophytes versicolor,-70.047208,44.328518,2021,6.735833644866943,26.260000228881836,-13.652000427246094,261.0
3118395937,Anaxyrus americanus,-70.304582,43.683352,2021,7.831333160400391,26.559999465942383,-11.355999946594238,250.0
3118208301,Anaxyrus americanus,-70.572913,43.28793,2021,,,,
3117831828,Anaxyrus americanus,-69.637279,44.547217,2021,6.94350004196167,27.18400001525879,-13.927999496459961,221.0
3117781924,Anaxyrus americanus,-70.688125,44.110978,2020,6.677666664123535,26.739999771118164,-14.491999626159668,256.0
3117758950,Anaxyrus americanus,-70.688369,44.110583,2020,6.677666664123535,26.739999771118164,-14.491999626159668,256.0
3113690716,Dryophytes versicolor,-70.282554,43.963036,2021,7.0351667404174805,26.13599967956543,-12.583999633789062,251.0
3113633847,Anaxyrus americanus,-70.576565,43.637509,2021,7.243833541870117,26.68400001525879,-12.748000144958496,252.0
3113430371,Anaxyrus americanus,-69.479892,43.902658,2020,7.535745620727539,24.347368240356445,-9.421052932739258,249.0
3113429355,Anaxyrus americanus,-69.479892,43.902658,2020,7.535745620727539,24.347368240356445,-9.421052932739258,249.0
3113394806,Dryophytes versicolor,-70.812365,44.420763,2021,5.888333320617676,26.148000717163086,-15.263999938964844,211.0
3113324384,Notophthalmus viridescens,-70.78478,43.384528,2020,7.711166858673096,27.26799964904785,-11.616000175476074,261.0
3113279367,Dryophytes versicolor,-69.476761,43.915239,2020,7.535745620727539,24.347368240356445,-9.421052932739258,249.0
3112574604,Anaxyrus americanus,-70.87213,43.125439,2021,,,,
3112422023,Notophthalmus viridescens,-69.167301,44.503245,2021,6.323333263397217,25.47599983215332,-13.336000442504883,265.0
3112314596,Notophthalmus viridescens,-69.937562,43.87235,2021,,,,
3112307709,Anaxyrus americanus,-71.000446,44.854337,2019,4.144833564758301,24.336000442504883,-17.488000869750977,180.0
3112297587,Anaxyrus americanus,-69.937112,43.873588,2021,,,,
3111566793,Notophthalmus viridescens,-69.5525,45.3353,1979,3.9648334980010986,24.284000396728516,-17.76799964904785,216.0
3111559536,Notophthalmus viridescens,-69.5525,45.3353,1979,3.9648334980010986,24.284000396728516,-17.76799964904785,216.0
3109336552,Dryophytes versicolor,-70.393861,43.454769,2021,7.86566686630249,25.895999908447266,-10.079999923706055,244.0
3109289729,Notophthalmus viridescens,-70.054558,43.837078,2021,7.436166763305664,25.61199951171875,-11.100000381469727,246.0
3109242554,Notophthalmus viridescens,-70.395251,43.453904,2021,7.86566686630249,25.895999908447266,-10.079999923706055,244.0
3109114566,Anaxyrus americanus,-70.42791,43.478361,2021,7.889999866485596,26.43199920654297,-10.684000015258789,248.0
3109066185,Notophthalmus viridescens,-68.797931,44.577837,2021,6.883833408355713,25.947999954223633,-12.472000122070312,260.0
3109034235,Notophthalmus viridescens,-68.7982,44.578171,2021,6.883833408355713,25.947999954223633,-12.472000122070312,260.0
3097371569,Dryophytes versicolor,-70.482733,43.354612,2021,8.032675743103027,26.336841583251953,-9.942105293273926,246.0
3097279279,Anaxyrus americanus,-70.33995,43.758647,2021,7.260000228881836,26.027999877929688,-12.208000183105469,251.0
3097127599,Notophthalmus viridescens,-70.39354,43.455265,2021,7.86566686630249,25.895999908447266,-10.079999923706055,244.0
3097124507,Dryophytes versicolor,-70.482047,43.354908,2021,8.032675743103027,26.336841583251953,-9.942105293273926,246.0
3097123608,Dryophytes versicolor,-70.482217,43.355055,2021,8.032675743103027,26.336841583251953,-9.942105293273926,246.0
3097074005,Anaxyrus americanus,-69.826255,44.037597,2021,,,,
3097011476,Dryophytes versicolor,-69.210412,45.133053,2017,5.3493332862854,25.6200008392334,-16.196001052856445,226.0
3097000445,Anaxyrus americanus,-70.145639,44.66567,2020,5.921999931335449,26.29599952697754,-15.687999725341797,259.0
3096992436,Anaxyrus americanus,-70.145728,44.665737,2020,5.921999931335449,26.29599952697754,-15.687999725341797,259.0
3090845936,Anaxyrus americanus,-70.580521,43.322233,2018,8.149106979370117,26.78571319580078,-10.04285717010498,248.0
3090803765,Anaxyrus americanus,-70.99714,44.562688,2020,3.3511667251586914,22.663999557495117,-16.851999282836914,280.0
3090735163,Notophthalmus viridescens,-70.287053,43.705699,2021,7.834469795227051,26.39545440673828,-11.068181991577148,247.0
3070777878,Anaxyrus americanus,-69.09274,45.831823,2019,3.880666494369507,24.423999786376953,-17.944000244140625,205.0
3070725774,Notophthalmus viridescens,-69.384055,44.446912,2021,6.376500129699707,25.56399917602539,-13.303999900817871,257.0
3070492512,Anaxyrus americanus,-69.40197,44.03633,2018,,,,
3070487238,Anaxyrus americanus,-70.185617,44.257317,2015,6.728166580200195,26.399999618530273,-13.640000343322754,260.0
3070440937,Anaxyrus americanus,-68.944602,45.892174,2019,1.3846666812896729,21.392000198364258,-19.531999588012695,278.0
3070418717,Notophthalmus viridescens,-68.731157,44.881578,2021,6.447999954223633,26.559999465942383,-13.955999374389648,229.0
3068115603,Anaxyrus americanus,-70.255265,43.626023,2020,8.122618675231934,26.60952377319336,-10.671428680419922,248.0
3068015549,Anaxyrus americanus,-70.287166,43.704232,2018,7.834469795227051,26.39545440673828,-11.068181991577148,247.0
3067981569,Dryophytes versicolor,-70.287209,43.705587,2020,7.834469795227051,26.39545440673828,-11.068181991577148,247.0
3067944771,Dryophytes versicolor,-69.710167,44.115403,2021,7.260166645050049,25.983999252319336,-11.944000244140625,251.0
3067917974,Anaxyrus americanus,-70.546876,43.341823,2020,8.045666694641113,26.70800018310547,-10.303999900817871,248.0
3067874376,Anaxyrus americanus,-70.927399,43.965801,2020,6.733833312988281,27.18000030517578,-14.588000297546387,266.0
3067804707,Anaxyrus americanus,-70.287158,43.704313,2020,7.834469795227051,26.39545440673828,-11.068181991577148,247.0
3067790245,Anaxyrus americanus,-70.989368,44.358174,2017,5.436166763305664,25.384000778198242,-15.232000350952148,225.0
3067742759,Dryophytes versicolor,-70.287811,43.705265,2019,7.834469795227051,26.39545440673828,-11.068181991577148,247.0
3067609636,Anaxyrus americanus,-70.546458,43.337358,2019,8.045666694641113,26.70800018310547,-10.303999900817871,248.0
3061704560,Notophthalmus viridescens,-69.950293,43.956296,2017,7.578666687011719,26.128000259399414,-11.359999656677246,246.0
3059063929,Dryophytes versicolor,-69.950293,43.956296,2017,7.578666687011719,26.128000259399414,-11.359999656677246,246.0
3058919522,Dryophytes versicolor,-69.635527,44.920331,2013,5.483500003814697,25.715999603271484,-15.97599983215332,217.0
3058792571,Anaxyrus americanus,-68.98467,45.895798,2006,2.928333282470703,23.375999450683594,-18.59200096130371,222.0
3039354554,Dryophytes versicolor,-69.397255,44.041531,2020,,,,
3039254223,Dryophytes versicolor,-69.920419,43.934458,2016,7.578666687011719,26.128000259399414,-11.359999656677246,246.0
3031602841,Anaxyrus americanus,-70.583634,43.929805,2020,6.918499946594238,26.511999130249023,-13.456000328063965,259.0
3008423705,Anaxyrus americanus,-70.323945,43.703503,2020,7.831333160400391,26.559999465942383,-11.355999946594238,250.0
3005185684,Anaxyrus americanus,-70.249292,44.746025,2020,5.3523335456848145,25.416000366210938,-16.07200050354004,251.0
2999110703,Anaxyrus americanus,-70.146867,44.666653,2020,5.921999931335449,26.29599952697754,-15.687999725341797,259.0
2999084474,Dryophytes versicolor,-69.652242,44.437277,2020,6.842166423797607,26.559999465942383,-13.416000366210938,231.0
2992885074,Dryophytes versicolor,-70.637759,43.180479,2019,8.319499969482422,26.73200035095215,-9.539999961853027,250.0
2992739470,Dryophytes versicolor,-69.577319,43.938238,2009,7.636666774749756,24.78999900817871,-9.744999885559082,248.0
2992718470,Dryophytes versicolor,-69.577319,43.938238,2009,7.636666774749756,24.78999900817871,-9.744999885559082,248.0
2992677069,Anaxyrus americanus,-68.342216,44.246696,2020,,,,
2988567655,Dryophytes versicolor,-68.812367,44.928992,2020,6.328499794006348,26.40399932861328,-14.34000015258789,226.0
2988506013,Notophthalmus viridescens,-70.771142,43.153736,2020,8.51883316040039,27.42799949645996,-9.751999855041504,250.0
2988455609,Dryophytes versicolor,-69.387795,44.279087,2020,6.909666538238525,25.68400001525879,-12.175999641418457,260.0
2988285631,Dryophytes versicolor,-69.585511,44.627972,2020,6.573666572570801,26.812000274658203,-14.407999992370605,215.0
2988281622,Dryophytes versicolor,-67.073087,44.972182,2020,6.224536895751953,24.33333396911621,-12.283333778381348,250.0
2982341317,Dryophytes versicolor,-69.74896,44.70836,2020,6.093500137329102,26.312000274658203,-15.180000305175781,222.0
2982341316,Dryophytes versicolor,-70.040608,44.999189,2020,5.115499973297119,25.29599952697754,-16.559999465942383,223.0
2982341305,Dryophytes versicolor,-70.359616,45.112025,2020,3.8416666984558105,23.856000900268555,-17.328001022338867,216.0
2981092313,Notophthalmus viridescens,-68.25973,44.338476,2017,6.7104997634887695,24.97599983215332,-11.85200023651123,268.0
2981091312,Notophthalmus viridescens,-68.259687,44.338552,2017,6.7104997634887695,24.97599983215332,-11.85200023651123,268.0
2981085537,Dryophytes versicolor,-69.081608,45.174539,2020,5.554500102996826,25.831998825073242,-15.883999824523926,221.0
2981079367,Dryophytes versicolor,-67.166677,44.681617,2020,6.133999824523926,23.940000534057617,-12.355999946594238,245.0
2980858995,Dryophytes versicolor,-70.66897,43.44222,2019,7.795666694641113,27.336000442504883,-11.592000007629395,257.0
2963914919,Anaxyrus americanus,-70.289234,45.147277,2007,3.1696667671203613,22.823999404907227,-17.743999481201172,248.0
2963887535,Anaxyrus americanus,-68.748999,44.820385,2020,6.86566686630249,27.06399917602539,-13.619999885559082,242.0
2963849542,Notophthalmus viridescens,-68.991919,44.337128,2020,6.944999694824219,25.323999404907227,-11.652000427246094,258.0
2901807590,Anaxyrus americanus,-69.158408,45.616722,2020,3.9008333683013916,24.236000061035156,-17.687999725341797,216.0
2901729141,Notophthalmus viridescens,-70.134539,43.858776,2020,7.3495001792907715,25.827999114990234,-11.5,247.0
2901728097,Dryophytes versicolor,-70.297112,43.813325,2020,7.2158331871032715,26.0,-12.239999771118164,252.0
2901672102,Notophthalmus viridescens,-70.133975,43.85845,2020,7.3495001792907715,25.827999114990234,-11.5,247.0
2901641336,Dryophytes versicolor,-70.666163,43.874034,2020,6.880666732788086,26.559999465942383,-13.520000457763672,261.0
2901581113,Anaxyrus americanus,-70.14715,44.677924,2020,5.76633358001709,26.09200096130371,-15.859999656677246,258.0
2901575977,Anaxyrus americanus,-68.8,44.8,2020,6.762666702270508,26.947999954223633,-13.760000228881836,244.0
2901535509,Anaxyrus americanus,-70.154813,44.610619,2020,5.975500106811523,26.2239990234375,-15.46399974822998,256.0
2901532131,Notophthalmus viridescens,-70.133512,43.858279,2020,7.3495001792907715,25.827999114990234,-11.5,247.0
2901522111,Notophthalmus viridescens,-70.133816,43.858248,2020,7.3495001792907715,25.827999114990234,-11.5,247.0
2898485502,Anaxyrus americanus,-70.311713,43.872197,2020,7.084166526794434,25.923999786376953,-12.415999412536621,255.0
2883107785,Anaxyrus americanus,-70.235092,43.980167,2020,7.073666572570801,26.064001083374023,-12.36400032043457,250.0
2882977785,Anaxyrus americanus,-69.146828,44.231012,2020,6.7704997062683105,24.719999313354492,-11.696000099182129,264.0
2874042340,Anaxyrus americanus,-69.96152,43.901605,2020,7.499833106994629,25.847999572753906,-11.196000099182129,245.0
2874035603,Dryophytes versicolor,-68.559511,44.441508,2020,6.809999942779541,25.555999755859375,-12.220000267028809,260.0
2873913322,Anaxyrus americanus,-70.003464,45.534483,2020,3.2173333168029785,23.6200008392334,-18.336000442504883,201.0
2873886477,Anaxyrus americanus,-68.466417,44.83103,2020,6.180500030517578,25.93600082397461,-14.0,271.0
2873835982,Dryophytes versicolor,-69.588318,44.067069,2020,7.418000221252441,25.711999893188477,-11.13599967956543,249.0
2873759746,Notophthalmus viridescens,-70.765563,43.316878,2020,7.957666873931885,27.40399932861328,-11.027999877929688,257.0
2868402658,Anaxyrus americanus,-70.986316,44.181846,2016,6.4688334465026855,26.799999237060547,-14.572000503540039,240.0
2868358664,Anaxyrus americanus,-69.855642,43.727076,2020,7.704807758331299,24.346153259277344,-8.992307662963867,243.0
2868262631,Notophthalmus viridescens,-68.765429,44.823251,2020,7.00333309173584,27.31999969482422,-13.616000175476074,244.0
2868260250,Dryophytes versicolor,-70.894824,43.366169,2020,7.756499767303467,27.68000030517578,-11.748000144958496,260.0
2868206948,Anaxyrus americanus,-70.496512,43.68505,2020,7.269833564758301,26.54800033569336,-12.564000129699707,250.0
2868107551,Anaxyrus americanus,-69.03115,45.88027,2020,3.693333387374878,24.336000442504883,-18.148000717163086,199.0
2868080073,Dryophytes versicolor,-69.182266,44.749471,2017,6.289999961853027,26.13599967956543,-14.284000396728516,238.0
2864887459,Notophthalmus viridescens,-70.113139,44.595263,2020,6.047500133514404,26.284000396728516,-15.387999534606934,253.0
2864841378,Anaxyrus americanus,-70.26493,43.817528,2020,7.257833480834961,25.911998748779297,-11.996000289916992,251.0
2864828084,Anaxyrus americanus,-70.624998,44.128666,2020,6.467833518981934,26.375999450683594,-14.343999862670898,255.0
2864791242,Notophthalmus viridescens,-68.580669,44.431484,2020,6.809999942779541,25.555999755859375,-12.220000267028809,260.0
2864661221,Notophthalmus viridescens,-70.205308,43.562233,2020,,,,
2864636644,Anaxyrus americanus,-67.001509,44.85282,2015,6.387744903564453,23.47058868408203,-11.24117660522461,239.0
2864624700,Dryophytes versicolor,-69.59741,43.952561,2020,7.624275207519531,25.04347801208496,-9.960869789123535,247.0
2864588191,Dryophytes versicolor,-70.628368,43.842697,2020,6.880666732788086,26.559999465942383,-13.520000457763672,261.0
2862654382,Anaxyrus americanus,-70.257897,43.822283,2020,7.257833480834961,25.911998748779297,-11.996000289916992,251.0
2862588420,Anaxyrus americanus,-70.147836,44.679326,2020,5.76633358001709,26.09200096130371,-15.859999656677246,258.0
2862537862,Anaxyrus americanus,-69.43457,43.933512,2020,7.5550923347473145,24.666667938232422,-9.655555725097656,246.0
2862527699,Dryophytes versicolor,-69.077664,44.415185,2020,6.892499923706055,25.70800018310547,-12.116000175476074,260.0
2862487721,Anaxyrus americanus,-69.382483,44.192303,2020,7.148499965667725,25.652000427246094,-11.607999801635742,254.0
2862485251,Anaxyrus americanus,-69.194745,46.937349,2020,3.0436668395996094,23.871999740600586,-19.631999969482422,190.0
2862482039,Notophthalmus viridescens,-68.020431,44.448112,2020,6.816468238830566,24.880952835083008,-11.819047927856445,255.0
2862433888,Anaxyrus americanus,-70.610148,43.288415,2020,8.165398597717285,26.73043441772461,-9.92173957824707,249.0
2862380205,Anaxyrus americanus,-70.450592,43.68568,2020,7.3466668128967285,26.444000244140625,-12.319999694824219,250.0
2862355891,Dryophytes versicolor,-69.898895,44.325165,2020,6.9618330001831055,26.43199920654297,-13.279999732971191,253.0
2862317600,Notophthalmus viridescens,-69.615731,44.10437,2020,7.291666507720947,25.81599998474121,-11.53600025177002,252.0
2862313533,Anaxyrus americanus,-70.610225,43.288658,2020,8.165398597717285,26.73043441772461,-9.92173957824707,249.0
2862304284,Anaxyrus americanus,-69.180078,44.190717,2020,6.9741668701171875,24.93199920654297,-11.395999908447266,259.0
2862302069,Dryophytes versicolor,-70.219172,43.65725,2020,8.066319465637207,26.241666793823242,-10.366666793823242,245.0
2862292109,Dryophytes versicolor,-70.300739,43.621207,2020,7.96999979019165,26.503999710083008,-10.892000198364258,247.0
2860252460,Notophthalmus viridescens,-68.666904,44.896761,2020,6.562333106994629,26.719999313354492,-13.807999610900879,232.0
2860183881,Anaxyrus americanus,-70.451598,43.691402,2020,7.3466668128967285,26.444000244140625,-12.319999694824219,250.0
2860166879,Notophthalmus viridescens,-68.750558,44.72547,2020,6.747833251953125,26.576000213623047,-13.479999542236328,251.0
2860139914,Notophthalmus viridescens,-68.811409,44.929179,2020,6.328499794006348,26.40399932861328,-14.34000015258789,226.0
2860125888,Notophthalmus viridescens,-68.754338,44.727076,2020,6.747833251953125,26.576000213623047,-13.479999542236328,251.0
2860111569,Notophthalmus viridescens,-68.389537,46.708285,2019,3.4821665287017822,24.79599952697754,-20.211999893188477,175.0
2860110157,Anaxyrus americanus,-69.74762,44.70533,2020,6.234833240509033,26.384000778198242,-14.887999534606934,219.0
2859987150,Dryophytes versicolor,-69.416485,43.977886,2020,,,,
2859972533,Dryophytes versicolor,-70.59928,43.915808,2020,7.1623334884643555,26.559999465942383,-12.604000091552734,257.0
2859963103,Dryophytes versicolor,-68.789987,45.093095,2020,5.994999885559082,26.331998825073242,-15.084000587463379,221.0
2859962132,Anaxyrus americanus,-68.710547,44.28688,2020,,,,
2859962026,Dryophytes versicolor,-68.72481,44.842603,2020,6.577000141143799,26.696001052856445,-13.859999656677246,237.0
2859935648,Dryophytes versicolor,-69.913543,43.885652,2020,7.660984992980957,25.777273178100586,-10.759090423583984,245.0
2859926056,Dryophytes versicolor,-67.029362,44.91156,2020,,,,
2859900135,Anaxyrus americanus,-69.383639,44.350958,2020,6.715000152587891,25.65999984741211,-12.699999809265137,260.0
2859894407,Anaxyrus americanus,-70.823207,43.208934,2020,8.292166709899902,27.76799964904785,-10.619999885559082,253.0
2856779490,Anaxyrus americanus,-70.864122,44.883846,2020,4.021166801452637,24.02400016784668,-17.583999633789062,192.0
2856768269,Notophthalmus viridescens,-68.393305,46.677145,2019,3.4821665287017822,24.79599952697754,-20.211999893188477,175.0
2856738653,Dryophytes versicolor,-69.367183,44.105692,2020,7.170000076293945,25.215999603271484,-11.0600004196167,254.0
2856718640,Anaxyrus americanus,-69.035392,44.329422,2020,7.0291666984558105,25.307998657226562,-11.472000122070312,255.0
2856679466,Anaxyrus americanus,-68.842326,45.735035,2020,4.942333221435547,25.559999465942383,-16.979999542236328,203.0
2856662534,Anaxyrus americanus,-70.833458,44.470825,2020,5.41349983215332,25.52400016784668,-15.519999504089355,211.0
2856633457,Anaxyrus americanus,-70.30517,43.624767,2020,7.96999979019165,26.503999710083008,-10.892000198364258,247.0
2856631504,Anaxyrus americanus,-70.783997,43.165039,2020,8.51883316040039,27.42799949645996,-9.751999855041504,250.0
2856623499,Anaxyrus americanus,-70.184538,45.48738,2020,3.0863335132598877,23.36400032043457,-18.45599937438965,210.0
2856615967,Notophthalmus viridescens,-68.458862,45.2632,2020,5.5938334465026855,25.884000778198242,-15.680000305175781,237.0
2856615935,Dryophytes versicolor,-68.164919,44.600382,2020,6.622499942779541,25.667999267578125,-13.164000511169434,259.0
2856578570,Anaxyrus americanus,-68.950109,45.77883,2020,4.784333229064941,25.447999954223633,-17.11600112915039,197.0
2856567534,Anaxyrus americanus,-68.817854,44.92584,2020,6.328499794006348,26.40399932861328,-14.34000015258789,226.0
2856550423,Anaxyrus americanus,-69.615233,43.873478,2020,,,,
2856529482,Anaxyrus americanus,-68.817571,44.925611,2020,6.328499794006348,26.40399932861328,-14.34000015258789,226.0
2856515493,Anaxyrus americanus,-69.029861,44.326747,2020,7.0291666984558105,25.307998657226562,-11.472000122070312,255.0
2856488112,Anaxyrus americanus,-69.11713,44.269263,2020,7.117166519165039,25.332000732421875,-11.54800033569336,257.0
2851301351,Dryophytes versicolor,-68.503063,44.508647,2020,6.770500183105469,25.916000366210938,-12.65999984741211,261.0
2851284775,Anaxyrus americanus,-69.512454,45.487949,2020,3.87933349609375,24.239999771118164,-18.003999710083008,208.0
2851275196,Anaxyrus americanus,-70.041458,43.893963,2020,7.3520002365112305,25.6560001373291,-11.315999984741211,246.0
2851266744,Dryophytes versicolor,-70.193747,44.098239,2020,7.293666362762451,26.856000900268555,-12.704000473022461,255.0
2851262690,Dryophytes versicolor,-70.624192,43.899395,2020,7.1623334884643555,26.559999465942383,-12.604000091552734,257.0
2851231606,Anaxyrus americanus,-69.043258,45.818437,2020,3.9605000019073486,24.47599983215332,-17.804000854492188,204.0
2851228490,Dryophytes versicolor,-70.027936,44.820342,2020,5.330166816711426,25.423999786376953,-16.18400001525879,244.0
2851218486,Anaxyrus americanus,-70.586068,43.91261,2020,7.1623334884643555,26.559999465942383,-12.604000091552734,257.0
2851207417,Anaxyrus americanus,-70.586105,43.912522,2020,7.1623334884643555,26.559999465942383,-12.604000091552734,257.0
2851110918,Anaxyrus americanus,-70.608952,43.685683,2020,7.1616668701171875,26.812000274658203,-13.15999984741211,253.0
2851063027,Anaxyrus americanus,-70.595843,44.432297,2020,5.404333114624023,25.26799964904785,-15.368000030517578,240.0
2851057744,Anaxyrus americanus,-70.739655,43.8848,2020,6.555833339691162,26.5,-14.415999412536621,271.0
2851051167,Dryophytes versicolor,-68.020447,44.448112,2020,6.816468238830566,24.880952835083008,-11.819047927856445,255.0
2851043570,Anaxyrus americanus,-69.48728,44.189462,2020,7.314499855041504,25.895999908447266,-11.720000267028809,252.0
2850914143,Anaxyrus americanus,-70.449739,43.693422,2020,7.3466668128967285,26.444000244140625,-12.319999694824219,250.0
2850880731,Anaxyrus americanus,-69.135911,45.822783,2020,3.886833429336548,24.468000411987305,-18.007999420166016,204.0
2850875586,Anaxyrus americanus,-69.024825,45.808618,2020,4.309333324432373,24.899999618530273,-17.503999710083008,197.0
2850873544,Dryophytes versicolor,-70.19,44.1,2020,7.293666362762451,26.856000900268555,-12.704000473022461,255.0
2850804074,Dryophytes versicolor,-70.452912,43.682243,2020,7.3466668128967285,26.444000244140625,-12.319999694824219,250.0
2850774058,Anaxyrus americanus,-70.508519,43.926405,2020,6.952499866485596,26.368000030517578,-13.276000022888184,258.0
2850754062,Anaxyrus americanus,-70.1519,44.665928,2020,5.921999931335449,26.29599952697754,-15.687999725341797,259.0
2850747974,Anaxyrus americanus,-70.96397,44.395796,2020,5.6504998207092285,25.739999771118164,-15.251999855041504,214.0
2850743497,Dryophytes versicolor,-69.385308,44.447413,2020,6.376500129699707,25.56399917602539,-13.303999900817871,257.0
2850742650,Anaxyrus americanus,-69.032915,44.460743,2020,6.892166614532471,25.972000122070312,-12.444000244140625,257.0
2850742001,Dryophytes versicolor,-69.570062,45.56358,2020,3.9783334732055664,24.144001007080078,-17.895999908447266,197.0
2850738465,Dryophytes versicolor,-68.705995,44.617563,2020,6.751500129699707,26.148000717163086,-13.01200008392334,260.0
2850737806,Dryophytes versicolor,-70.624,43.899372,2020,7.1623334884643555,26.559999465942383,-12.604000091552734,257.0
2850708703,Dryophytes versicolor,-70.433299,43.735922,2020,7.2769999504089355,26.447999954223633,-12.423999786376953,249.0
2850694058,Anaxyrus americanus,-70.264808,43.817458,2020,7.257833480834961,25.911998748779297,-11.996000289916992,251.0
2850691790,Anaxyrus americanus,-69.512392,45.487902,2020,3.87933349609375,24.239999771118164,-18.003999710083008,208.0
2850680056,Anaxyrus americanus,-69.058311,45.873403,2020,4.078500270843506,24.739999771118164,-17.76799964904785,194.0
2850663852,Dryophytes versicolor,-69.710197,44.115489,2020,7.260166645050049,25.983999252319336,-11.944000244140625,251.0
2850654892,Anaxyrus americanus,-69.921464,43.889945,2020,7.652651786804199,25.950000762939453,-10.940909385681152,245.0
2850633022,Anaxyrus americanus,-70.700653,43.904658,2020,6.617666721343994,26.472000122070312,-14.17199993133545,268.0
2850628174,Anaxyrus americanus,-68.421372,45.402058,2020,5.62166690826416,26.14000129699707,-16.0,230.0
2850604253,Anaxyrus americanus,-69.512137,45.488076,2020,3.87933349609375,24.239999771118164,-18.003999710083008,208.0
2850577946,Anaxyrus americanus,-70.673492,44.560597,2020,5.437166690826416,25.591999053955078,-15.644000053405762,211.0
2826482154,Anaxyrus americanus,-68.909745,44.352851,2020,7.161403179168701,24.81052589416504,-10.59999942779541,252.0
2826462098,Notophthalmus viridescens,-70.449276,44.271955,2020,5.940499782562256,25.576000213623047,-14.631999969482422,267.0
2826443859,Dryophytes versicolor,-68.196122,44.517967,2020,6.713949203491211,25.256521224975586,-12.386956214904785,259.0
2826435016,Anaxyrus americanus,-68.972258,45.895358,2020,2.928333282470703,23.375999450683594,-18.59200096130371,222.0
2826373729,Anaxyrus americanus,-70.581411,43.321323,2020,8.149106979370117,26.78571319580078,-10.04285717010498,248.0
2826343939,Anaxyrus americanus,-69.391655,44.059742,2020,7.426811695098877,25.147825241088867,-10.617391586303711,249.0
2826324038,Anaxyrus americanus,-70.409321,43.683508,2020,7.487333297729492,26.42799949645996,-12.008000373840332,249.0
2826312128,Anaxyrus americanus,-70.627969,43.84265,2020,6.880666732788086,26.559999465942383,-13.520000457763672,261.0
2826308021,Anaxyrus americanus,-69.418128,45.314522,2020,4.915500164031982,25.275999069213867,-16.831998825073242,207.0
2826305045,Anaxyrus americanus,-69.418128,45.314797,2020,4.915500164031982,25.275999069213867,-16.831998825073242,207.0
2826296937,Anaxyrus americanus,-69.4003,44.042264,2020,7.426811695098877,25.147825241088867,-10.617391586303711,249.0
2826259301,Anaxyrus americanus,-70.041541,43.893819,2020,7.3520002365112305,25.6560001373291,-11.315999984741211,246.0
2826176781,Anaxyrus americanus,-70.58892,43.82707,2020,6.97866678237915,26.559999465942383,-13.156000137329102,258.0
2826140930,Anaxyrus americanus,-69.109772,44.169147,2020,7.210999965667725,24.988000869750977,-10.927999496459961,254.0
2826129003,Anaxyrus americanus,-70.041458,43.893822,2020,7.3520002365112305,25.6560001373291,-11.315999984741211,246.0
2823408607,Dryophytes versicolor,-69.011008,44.39448,2020,7.017666816711426,25.803998947143555,-11.9399995803833,255.0
2823394611,Anaxyrus americanus,-69.711168,45.484213,2020,2.994166612625122,23.027999877929688,-18.472000122070312,230.0
2823393507,Anaxyrus americanus,-69.118478,44.273109,2020,7.117166519165039,25.332000732421875,-11.54800033569336,257.0
2823339921,Anaxyrus americanus,-70.4094,45.173717,2020,4.15500020980835,24.472000122070312,-17.459999084472656,199.0
2823319561,Anaxyrus americanus,-69.682847,44.369983,2020,6.968999862670898,26.411998748779297,-13.02400016784668,244.0
2823305931,Dryophytes versicolor,-67.959572,44.710137,2020,6.373166561126709,25.76799964904785,-13.935999870300293,260.0
2823287285,Anaxyrus americanus,-70.61872,43.90482,2020,7.1623334884643555,26.559999465942383,-12.604000091552734,257.0
2823278370,Anaxyrus americanus,-69.707213,45.474908,2020,3.429499864578247,23.583999633789062,-18.191999435424805,216.0
2823274674,Dryophytes versicolor,-69.083095,44.222517,2020,6.89965295791626,24.762500762939453,-11.337499618530273,260.0
2823252338,Anaxyrus americanus,-69.498549,44.479782,2019,6.701666831970215,26.308000564575195,-13.447999954223633,238.0
2823252264,Dryophytes versicolor,-70.822654,43.965389,2020,6.5898332595825195,26.73200035095215,-14.600000381469727,271.0
2823224265,Anaxyrus americanus,-70.350203,43.785301,2020,7.260000228881836,26.027999877929688,-12.208000183105469,251.0
2823222620,Dryophytes versicolor,-69.605022,44.481841,2020,6.796333312988281,26.600000381469727,-13.555999755859375,227.0
2823173575,Anaxyrus americanus,-69.605277,44.481263,2020,6.796333312988281,26.600000381469727,-13.555999755859375,227.0
2823155085,Anaxyrus americanus,-70.304703,43.6247,2020,7.96999979019165,26.503999710083008,-10.892000198364258,247.0
2823123920,Anaxyrus americanus,-70.962881,44.022268,2020,6.725333213806152,27.35999870300293,-14.604000091552734,263.0
2823108786,Anaxyrus americanus,-67.790567,44.546213,2020,6.729924201965332,24.10909080505371,-11.754545211791992,251.0
2823107044,Dryophytes versicolor,-69.986292,43.879418,2020,7.499833106994629,25.847999572753906,-11.196000099182129,245.0
2823091670,Anaxyrus americanus,-70.30981,43.683942,2020,7.831333160400391,26.559999465942383,-11.355999946594238,250.0
2823080760,Notophthalmus viridescens,-68.24155,44.342548,2020,6.523499965667725,24.799999237060547,-12.092000007629395,271.0
2818771032,Anaxyrus americanus,-70.769105,43.323246,2020,7.957666873931885,27.40399932861328,-11.027999877929688,257.0
2818762935,Notophthalmus viridescens,-69.577319,43.938238,2009,7.636666774749756,24.78999900817871,-9.744999885559082,248.0
2818737792,Anaxyrus americanus,-70.344639,43.750275,2020,7.260000228881836,26.027999877929688,-12.208000183105469,251.0
2818733627,Anaxyrus americanus,-70.371419,44.997813,2020,2.632833242416382,22.124000549316406,-17.892000198364258,279.0
2818655313,Anaxyrus americanus,-69.710433,44.115356,2020,7.260166645050049,25.983999252319336,-11.944000244140625,251.0
2818619321,Dryophytes versicolor,-68.19535,44.534961,2019,6.713949203491211,25.256521224975586,-12.386956214904785,259.0
2818579961,Anaxyrus americanus,-70.304795,43.80833,2020,7.2158331871032715,26.0,-12.239999771118164,252.0
2818578851,Dryophytes versicolor,-69.724209,44.062003,2020,7.2164998054504395,25.739999771118164,-11.696000099182129,252.0
2818566938,Dryophytes versicolor,-69.253146,44.116967,2020,7.324833393096924,25.176000595092773,-10.803999900817871,252.0
2818559795,Notophthalmus viridescens,-68.995604,44.338766,2020,6.944999694824219,25.323999404907227,-11.652000427246094,258.0
2818556587,Anaxyrus americanus,-70.370218,44.981059,2020,2.632833242416382,22.124000549316406,-17.892000198364258,279.0
2818509980,Anaxyrus americanus,-69.714405,44.549236,2020,6.504000186920166,26.45599937438965,-14.244000434875488,224.0
2814461143,Notophthalmus viridescens,-69.03508,46.561205,2020,2.6549999713897705,23.780000686645508,-20.148000717163086,199.0
2814452252,Anaxyrus americanus,-70.343987,44.654312,2020,4.7143330574035645,24.507999420166016,-16.27199935913086,255.0
2814380349,Notophthalmus viridescens,-70.002466,44.435787,2020,6.507999897003174,26.27199935913086,-14.244000434875488,255.0
2814355649,Anaxyrus americanus,-69.502762,43.951,2020,7.555166721343994,24.763999938964844,-9.87600040435791,248.0
2814346031,Anaxyrus americanus,-68.58669,44.413966,2017,6.983333110809326,25.555999755859375,-11.847999572753906,258.0
2814345383,Anaxyrus americanus,-67.023147,44.85418,2020,6.387744903564453,23.47058868408203,-11.24117660522461,239.0
2814321322,Dryophytes versicolor,-68.896387,44.83072,2020,6.488666534423828,26.496000289916992,-14.027999877929688,238.0
2814299253,Anaxyrus americanus,-70.953393,44.223812,2020,6.256666660308838,26.336000442504883,-14.628000259399414,242.0
2814292361,Anaxyrus americanus,-70.14939,44.680403,2020,5.76633358001709,26.09200096130371,-15.859999656677246,258.0
2814275484,Dryophytes versicolor,-68.963613,44.494849,2020,6.820000171661377,25.86400032043457,-12.531999588012695,259.0
2814264856,Dryophytes versicolor,-70.793592,44.016519,2020,6.287166595458984,26.187999725341797,-14.680000305175781,280.0
2814264650,Dryophytes versicolor,-70.746878,43.858276,2020,6.481333255767822,26.236000061035156,-14.144000053405762,278.0
2814263165,Anaxyrus americanus,-70.342086,43.778627,2020,7.260000228881836,26.027999877929688,-12.208000183105469,251.0
2814214974,Notophthalmus viridescens,-69.15023,44.227142,2020,6.7704997062683105,24.719999313354492,-11.696000099182129,264.0
2814198985,Anaxyrus americanus,-70.863525,43.749058,2020,6.764500141143799,26.736000061035156,-13.920000076293945,276.0
2814069369,Notophthalmus viridescens,-68.029871,44.409924,2020,6.825781345367432,24.668750762939453,-11.574999809265137,254.0
2814051977,Dryophytes versicolor,-70.858571,43.17692,2020,,,,
2813982729,Anaxyrus americanus,-70.259408,43.822497,2020,7.257833480834961,25.911998748779297,-11.996000289916992,251.0
2813950882,Anaxyrus americanus,-68.913513,45.924587,2020,1.9283332824707031,22.167999267578125,-19.04400062561035,247.0
2813912820,Anaxyrus americanus,-69.617394,43.951466,2020,7.624275207519531,25.04347801208496,-9.960869789123535,247.0
2813910840,Anaxyrus americanus,-69.654638,44.554426,2020,6.94350004196167,27.18400001525879,-13.927999496459961,221.0
2803160389,Anaxyrus americanus,-70.229933,43.63957,2020,8.066319465637207,26.241666793823242,-10.366666793823242,245.0
2803152823,Anaxyrus americanus,-70.448324,43.605944,2020,7.513999938964844,26.336000442504883,-11.704000473022461,250.0
2803124957,Anaxyrus americanus,-70.54164,43.725088,2020,7.113833427429199,26.503999710083008,-12.871999740600586,252.0
2803106892,Anaxyrus americanus,-69.057183,44.236825,2020,6.89965295791626,24.762500762939453,-11.337499618530273,260.0
2803090877,Anaxyrus americanus,-70.179542,43.929313,2020,7.1551666259765625,25.959999084472656,-12.079999923706055,250.0
2803070436,Anaxyrus americanus,-68.99563,44.33879,2020,6.944999694824219,25.323999404907227,-11.652000427246094,258.0
2803066073,Notophthalmus viridescens,-70.015814,43.967871,2020,7.241166591644287,25.959999084472656,-11.82800006866455,247.0
2803052783,Anaxyrus americanus,-69.178595,44.685539,2020,6.294666767120361,26.055999755859375,-14.095999717712402,241.0
2803009807,Anaxyrus americanus,-68.297088,45.505238,2020,5.459333419799805,26.09200096130371,-16.100000381469727,225.0
2802985365,Dryophytes versicolor,-70.230356,44.138307,2020,7.008666515350342,26.36400032043457,-13.027999877929688,253.0
2802958461,Notophthalmus viridescens,-69.935892,44.369802,2020,6.780666828155518,26.368000030517578,-13.631999969482422,253.0
2802944122,Dryophytes versicolor,-67.060955,44.915425,2020,,,,
2802913873,Dryophytes versicolor,-68.300934,44.403647,2020,7.011833190917969,25.464000701904297,-11.715999603271484,257.0
2802894946,Anaxyrus americanus,-69.287739,45.480295,2020,4.2241668701171875,24.46000099182129,-17.299999237060547,216.0
2802856928,Anaxyrus americanus,-70.707709,43.963114,2020,6.5901665687561035,26.468000411987305,-14.371999740600586,268.0
2802826500,Anaxyrus americanus,-70.223652,43.872889,2020,7.278833389282227,25.996000289916992,-11.98799991607666,248.0
2802761407,Anaxyrus americanus,-69.06869,44.275587,2020,6.795333385467529,24.875999450683594,-11.631999969482422,263.0
2802738028,Anaxyrus americanus,-69.745484,45.699076,2020,3.886833429336548,24.036001205444336,-17.90399932861328,189.0
2802730244,Dryophytes versicolor,-68.301006,44.403208,2020,7.011833190917969,25.464000701904297,-11.715999603271484,257.0
2802724367,Notophthalmus viridescens,-69.935625,44.369849,2020,6.780666828155518,26.368000030517578,-13.631999969482422,253.0
2802722640,Anaxyrus americanus,-69.925998,43.930356,2020,7.578666687011719,26.128000259399414,-11.359999656677246,246.0
2802690337,Anaxyrus americanus,-69.288533,45.479492,2020,4.2241668701171875,24.46000099182129,-17.299999237060547,216.0
2802687371,Notophthalmus viridescens,-68.439803,46.62367,2020,3.5404999256134033,25.003999710083008,-20.43199920654297,174.0
2802663995,Anaxyrus americanus,-69.582092,44.752463,2020,6.146833419799805,26.280000686645508,-14.979999542236328,218.0
2802636544,Anaxyrus americanus,-68.995553,44.338728,2020,6.944999694824219,25.323999404907227,-11.652000427246094,258.0
2802628299,Dryophytes versicolor,-68.53213,44.297469,2020,,,,
2802624123,Anaxyrus americanus,-70.258413,43.824088,2020,7.257833480834961,25.911998748779297,-11.996000289916992,251.0
2641615538,Dryophytes versicolor,-69.973138,43.89482,2020,7.499833106994629,25.847999572753906,-11.196000099182129,245.0
2641539121,Dryophytes versicolor,-68.709953,44.907917,2020,6.447999954223633,26.559999465942383,-13.955999374389648,229.0
2641532787,Dryophytes versicolor,-70.795224,43.441422,2020,7.465333461761475,27.219999313354492,-12.104000091552734,267.0
2641500140,Anaxyrus americanus,-70.566239,44.486837,2020,5.2208333015441895,25.027999877929688,-15.567999839782715,243.0
2641488078,Notophthalmus viridescens,-69.572194,44.162553,2020,7.2143330574035645,25.77199935913086,-11.62399959564209,252.0
2641418604,Anaxyrus americanus,-70.783538,43.156861,2020,8.51883316040039,27.42799949645996,-9.751999855041504,250.0
2641417926,Anaxyrus americanus,-70.417061,43.733109,2020,7.2769999504089355,26.447999954223633,-12.423999786376953,249.0
2641354845,Notophthalmus viridescens,-70.431992,43.581829,2020,7.587833404541016,26.25200080871582,-11.392000198364258,250.0
2641354668,Notophthalmus viridescens,-68.345371,44.396112,2020,7.105482578277588,25.268421173095703,-11.3421049118042,256.0
2641351853,Dryophytes versicolor,-67.708984,45.211649,2020,5.731333255767822,25.979999542236328,-15.427999496459961,256.0
2641305005,Anaxyrus americanus,-70.789306,43.438564,2020,7.79116678237915,27.624000549316406,-11.85200023651123,261.0
2634609396,Anaxyrus americanus,-70.677208,43.291393,2020,8.07349967956543,26.97599983215332,-10.404000282287598,254.0
2634507368,Anaxyrus americanus,-70.30213,43.676045,2020,7.831333160400391,26.559999465942383,-11.355999946594238,250.0
2634488360,Anaxyrus americanus,-69.071908,44.232508,2020,6.89965295791626,24.762500762939453,-11.337499618530273,260.0
2634488148,Dryophytes versicolor,-70.898063,43.166609,2020,,,,
2634435624,Dryophytes versicolor,-69.97322,43.894794,2020,7.499833106994629,25.847999572753906,-11.196000099182129,245.0
2634415941,Dryophytes versicolor,-68.856881,44.796256,2020,6.523499965667725,26.56800079345703,-13.9399995803833,239.0
2634408957,Anaxyrus americanus,-68.984741,44.324686,2020,7.0054168701171875,25.155000686645508,-11.350000381469727,256.0
2634404165,Notophthalmus viridescens,-68.439929,46.624247,2020,3.5404999256134033,25.003999710083008,-20.43199920654297,174.0
2634361933,Anaxyrus americanus,-69.749275,44.70842,2020,6.093500137329102,26.312000274658203,-15.180000305175781,222.0
2634289011,Notophthalmus viridescens,-69.168101,44.218949,2020,6.935500144958496,25.07200050354004,-11.699999809265137,260.0
2634262783,Anaxyrus americanus,-70.110333,43.879137,2016,7.24233341217041,25.74799919128418,-11.696000099182129,247.0
2634141330,Notophthalmus viridescens,-68.660006,44.902475,2020,6.609499931335449,26.81999969482422,-13.807999610900879,231.0
2634122234,Notophthalmus viridescens,-68.377572,44.512618,2020,6.832833290100098,25.940000534057617,-12.567999839782715,261.0
2634100374,Anaxyrus americanus,-69.576133,44.461087,2020,6.75,26.423999786376953,-13.484000205993652,230.0
2634092524,Anaxyrus americanus,-68.355596,44.307227,2020,6.921166896820068,24.908000946044922,-11.420000076293945,262.0
2634089103,Anaxyrus americanus,-70.35031,43.785328,2020,7.260000228881836,26.027999877929688,-12.208000183105469,251.0
2634062977,Dryophytes versicolor,-69.838587,44.007638,2020,7.473090171813965,25.950000762939453,-11.508333206176758,246.0
2634056098,Dryophytes versicolor,-67.798948,45.310029,2020,5.522333145141602,25.88800048828125,-15.863999366760254,256.0
2634055981,Anaxyrus americanus,-70.168442,43.951867,2020,7.1551666259765625,25.959999084472656,-12.079999923706055,250.0
2634048010,Dryophytes versicolor,-70.715642,43.31435,2020,8.016666412353516,27.38399887084961,-10.871999740600586,254.0
2634043355,Notophthalmus viridescens,-69.602822,44.480512,2020,6.796333312988281,26.600000381469727,-13.555999755859375,227.0
2626682304,Dryophytes versicolor,-70.110333,43.879137,2017,7.24233341217041,25.74799919128418,-11.696000099182129,247.0
2626674235,Dryophytes versicolor,-70.110333,43.879137,2017,7.24233341217041,25.74799919128418,-11.696000099182129,247.0
2626667417,Dryophytes versicolor,-70.110333,43.879137,2017,7.24233341217041,25.74799919128418,-11.696000099182129,247.0
2626665824,Dryophytes versicolor,-70.110333,43.879137,2009,7.24233341217041,25.74799919128418,-11.696000099182129,247.0
2626642995,Dryophytes versicolor,-70.110333,43.879137,2009,7.24233341217041,25.74799919128418,-11.696000099182129,247.0
2626565987,Dryophytes versicolor,-68.149844,44.564569,2020,6.57183313369751,25.535999298095703,-12.996000289916992,262.0
2626545385,Anaxyrus americanus,-70.459253,43.46143,2020,7.818833351135254,26.559999465942383,-11.0,250.0
2626535393,Notophthalmus viridescens,-70.906953,43.098195,2019,,,,
2626459985,Anaxyrus americanus,-70.918312,44.253588,2020,5.559999942779541,25.34000015258789,-15.027999877929688,249.0
2626443768,Anaxyrus americanus,-70.250631,43.801818,2020,7.257833480834961,25.911998748779297,-11.996000289916992,251.0
2626418810,Anaxyrus americanus,-70.110333,43.879137,2016,7.24233341217041,25.74799919128418,-11.696000099182129,247.0
2626408386,Notophthalmus viridescens,-69.621164,44.135179,2018,7.195333003997803,25.855998992919922,-11.776000022888184,253.0
2626368115,Anaxyrus americanus,-69.659399,43.874164,2020,7.671229839324951,24.44761848449707,-9.295238494873047,246.0
2626328133,Anaxyrus americanus,-68.868964,46.099802,2017,2.68833327293396,23.483999252319336,-19.444000244140625,223.0
2626109296,Anaxyrus americanus,-69.659657,43.870885,2020,7.671229839324951,24.44761848449707,-9.295238494873047,246.0
2620036696,Anaxyrus americanus,-69.38565,44.447475,2020,6.376500129699707,25.56399917602539,-13.303999900817871,257.0
2620003173,Notophthalmus viridescens,-70.218602,43.610208,2020,7.891848087310791,25.826087951660156,-10.265216827392578,244.0
2611233782,Notophthalmus viridescens,-68.522189,44.990526,2020,6.1536664962768555,26.347999572753906,-14.455999374389648,236.0
2611173345,Notophthalmus viridescens,-69.932,43.936002,2020,7.578666687011719,26.128000259399414,-11.359999656677246,246.0
2611119596,Notophthalmus viridescens,-68.521877,44.990486,2020,6.1536664962768555,26.347999572753906,-14.455999374389648,236.0
2610951138,Notophthalmus viridescens,-68.512562,44.998727,2020,6.1536664962768555,26.347999572753906,-14.455999374389648,236.0
2609284167,Anaxyrus americanus,-70.415039,43.679602,2020,7.487333297729492,26.42799949645996,-12.008000373840332,249.0
2609243622,Anaxyrus americanus,-69.393677,44.451267,2020,6.376500129699707,25.56399917602539,-13.303999900817871,257.0
2603510358,Dryophytes versicolor,-69.462673,44.473788,2019,6.701666831970215,26.308000564575195,-13.447999954223633,238.0
2603468964,Anaxyrus americanus,-69.926833,43.880275,2020,7.652651786804199,25.950000762939453,-10.940909385681152,245.0
2603443241,Anaxyrus americanus,-70.009086,44.13062,2020,6.880833625793457,26.040000915527344,-12.835999488830566,256.0
2603425051,Anaxyrus americanus,-70.802825,44.023789,2019,6.287166595458984,26.187999725341797,-14.680000305175781,280.0
2603368015,Notophthalmus viridescens,-70.03929,43.919981,2020,7.269333362579346,25.775999069213867,-11.619999885559082,248.0
2603355183,Notophthalmus viridescens,-68.535385,44.997618,2020,6.1536664962768555,26.347999572753906,-14.455999374389648,236.0
2603354953,Anaxyrus americanus,-70.416278,43.510667,2018,7.800347328186035,26.274999618530273,-10.804166793823242,246.0
2603339610,Anaxyrus americanus,-70.232788,43.642025,2020,8.066319465637207,26.241666793823242,-10.366666793823242,245.0
2603334682,Dryophytes versicolor,-70.164851,44.177743,2020,6.784999847412109,26.139999389648438,-13.164000511169434,258.0
2603330663,Notophthalmus viridescens,-70.703689,43.121207,2020,8.609000205993652,26.968000411987305,-9.008000373840332,246.0
2603302660,Anaxyrus americanus,-70.359413,43.842231,2020,7.060999870300293,26.031999588012695,-12.584000587463379,254.0
2603302401,Notophthalmus viridescens,-68.950199,46.025551,2012,2.5945000648498535,23.256000518798828,-19.288000106811523,219.0
2603292644,Notophthalmus viridescens,-68.669116,44.918832,2020,6.475833415985107,26.65999984741211,-14.04800033569336,227.0
2603291129,Anaxyrus americanus,-70.765678,43.317001,2013,7.957666873931885,27.40399932861328,-11.027999877929688,257.0
2597885057,Anaxyrus americanus,-69.658864,43.87169,2020,7.671229839324951,24.44761848449707,-9.295238494873047,246.0
2597840075,Anaxyrus americanus,-69.662075,43.869088,2020,7.671229839324951,24.44761848449707,-9.295238494873047,246.0
2597744006,Anaxyrus americanus,-69.6585,43.872688,2020,7.671229839324951,24.44761848449707,-9.295238494873047,246.0
2597742912,Anaxyrus americanus,-69.934883,43.875533,2020,7.652651786804199,25.950000762939453,-10.940909385681152,245.0
2597738939,Anaxyrus americanus,-70.358796,43.842767,2020,7.060999870300293,26.031999588012695,-12.584000587463379,254.0
2597694283,Dryophytes versicolor,-70.318702,43.595231,2019,7.96999979019165,26.503999710083008,-10.892000198364258,247.0
2596077250,Notophthalmus viridescens,-69.396033,44.613322,2020,6.627333164215088,26.447999954223633,-13.739999771118164,229.0
2596069428,Notophthalmus viridescens,-67.831182,46.080576,2018,4.346166610717773,25.304000854492188,-17.576000213623047,220.0
2579272027,Notophthalmus viridescens,-70.392387,43.457845,2015,7.86566686630249,25.895999908447266,-10.079999923706055,244.0
2574154696,Notophthalmus viridescens,-69.861402,45.472445,2018,3.922499895095825,24.435998916625977,-18.027999877929688,191.0
2574083303,Anaxyrus americanus,-69.059592,44.227816,2017,6.89965295791626,24.762500762939453,-11.337499618530273,260.0
2573996314,Dryophytes versicolor,-68.994684,44.493918,2013,6.820000171661377,25.86400032043457,-12.531999588012695,259.0
2557821055,Dryophytes versicolor,-69.950345,43.956212,2017,7.578666687011719,26.128000259399414,-11.359999656677246,246.0
2557820599,Dryophytes versicolor,-69.950367,43.956266,2018,7.578666687011719,26.128000259399414,-11.359999656677246,246.0
2557809973,Dryophytes versicolor,-70.765678,43.317001,2017,7.957666873931885,27.40399932861328,-11.027999877929688,257.0
2465149077,Anaxyrus americanus,-70.815208,44.504814,2016,5.333499908447266,25.3799991607666,-15.656000137329102,212.0
2465148971,Anaxyrus americanus,-70.131047,44.489072,2014,6.2166666984558105,26.256000518798828,-14.751999855041504,261.0
2447998949,Notophthalmus viridescens,-69.98565,43.891655,2019,7.499833106994629,25.847999572753906,-11.196000099182129,245.0
2429428083,Anaxyrus americanus,-67.766014,45.183627,2019,5.727499961853027,25.911998748779297,-15.411999702453613,257.0
2429347991,Notophthalmus viridescens,-70.218294,43.611393,2019,7.891848087310791,25.826087951660156,-10.265216827392578,244.0
2429331073,Notophthalmus viridescens,-70.134046,43.858452,2019,7.3495001792907715,25.827999114990234,-11.5,247.0
2423241635,Notophthalmus viridescens,-68.661033,44.903532,2019,6.609499931335449,26.81999969482422,-13.807999610900879,231.0
2423211257,Anaxyrus americanus,-69.088129,44.252617,2019,7.117166519165039,25.332000732421875,-11.54800033569336,257.0
2423205046,Dryophytes versicolor,-70.679755,43.520937,2019,7.483500003814697,27.007999420166016,-12.2839994430542,258.0
2423179409,Dryophytes versicolor,-69.589255,44.066219,2019,7.418000221252441,25.711999893188477,-11.13599967956543,249.0
2423178169,Anaxyrus americanus,-69.653932,44.56255,2019,6.94350004196167,27.18400001525879,-13.927999496459961,221.0
2423084709,Notophthalmus viridescens,-68.522363,44.990446,2019,6.1536664962768555,26.347999572753906,-14.455999374389648,236.0
2423082017,Dryophytes versicolor,-69.09226,44.231925,2017,7.1670002937316895,25.107999801635742,-11.227999687194824,255.0
2423081127,Anaxyrus americanus,-69.09226,44.232582,2018,7.1670002937316895,25.107999801635742,-11.227999687194824,255.0
2423051743,Notophthalmus viridescens,-69.383142,44.447208,2019,6.376500129699707,25.56399917602539,-13.303999900817871,257.0
2423040406,Notophthalmus viridescens,-69.383355,44.447205,2019,6.376500129699707,25.56399917602539,-13.303999900817871,257.0
2423040082,Anaxyrus americanus,-69.383055,44.4472,2019,6.376500129699707,25.56399917602539,-13.303999900817871,257.0
2423024102,Anaxyrus americanus,-69.578659,43.935494,2019,7.636666774749756,24.78999900817871,-9.744999885559082,248.0
2423008561,Notophthalmus viridescens,-68.994479,44.493911,2019,6.820000171661377,25.86400032043457,-12.531999588012695,259.0
2422968883,Dryophytes versicolor,-69.523452,44.438559,2019,6.851833343505859,26.331998825073242,-13.260000228881836,238.0
2422923286,Notophthalmus viridescens,-70.15404,43.86802,2019,7.3495001792907715,25.827999114990234,-11.5,247.0
2422891016,Notophthalmus viridescens,-68.023231,44.413254,2019,6.825781345367432,24.668750762939453,-11.574999809265137,254.0
2422889578,Anaxyrus americanus,-69.474937,43.90118,2019,7.535745620727539,24.347368240356445,-9.421052932739258,249.0
2422888904,Anaxyrus americanus,-70.149704,43.865805,2019,7.3495001792907715,25.827999114990234,-11.5,247.0
2422877824,Anaxyrus americanus,-70.875155,44.213408,2019,6.544000148773193,26.760000228881836,-14.53600025177002,236.0
2397640445,Anaxyrus americanus,-69.382912,44.447283,2019,6.376500129699707,25.56399917602539,-13.303999900817871,257.0
2397640166,Dryophytes versicolor,-69.724382,45.582301,2019,3.821499824523926,24.220001220703125,-18.027999877929688,191.0
2397625793,Dryophytes versicolor,-69.334023,44.600361,2019,6.595666885375977,26.360000610351562,-13.748000144958496,233.0
2397569664,Anaxyrus americanus,-68.845875,46.978431,2019,2.3526666164398193,23.468000411987305,-20.648000717163086,199.0
2397564252,Dryophytes versicolor,-69.384057,44.44844,2019,6.376500129699707,25.56399917602539,-13.303999900817871,257.0
2397535112,Dryophytes versicolor,-70.447136,43.769391,2019,7.198833465576172,26.420000076293945,-12.576000213623047,251.0
2397522509,Anaxyrus americanus,-67.103071,44.731455,2019,6.153273582458496,23.985713958740234,-12.214285850524902,242.0
2397522006,Anaxyrus americanus,-70.67893,45.054593,2019,3.0381667613983154,22.871999740600586,-18.256000518798828,242.0
2397517904,Anaxyrus americanus,-70.458153,45.187062,2019,4.184166431427002,24.583999633789062,-17.531999588012695,199.0
2397508186,Dryophytes versicolor,-69.800953,43.918704,2019,,,,
2397473417,Dryophytes versicolor,-68.035263,44.486568,2019,6.757341384887695,25.119047164916992,-12.204761505126953,254.0
2366156134,Notophthalmus viridescens,-68.059886,44.337455,2019,6.8611979484558105,23.924999237060547,-10.793749809265137,256.0
2366152512,Anaxyrus americanus,-70.082302,43.822716,2019,,,,
2366121500,Dryophytes versicolor,-68.061763,44.326428,2019,,,,
2366086082,Anaxyrus americanus,-68.94265,44.282001,2019,7.385648250579834,24.44444465637207,-9.811111450195312,249.0
2366083859,Anaxyrus americanus,-70.52738,43.830158,2019,7.276000022888184,26.323999404907227,-12.12399959564209,251.0
2366065030,Dryophytes versicolor,-67.764887,44.621505,2019,6.561174392700195,24.622726440429688,-12.550000190734863,254.0
2366056408,Dryophytes versicolor,-69.559822,44.584866,2019,6.761666774749756,27.0,-14.104000091552734,218.0
2350431080,Anaxyrus americanus,-69.065277,44.231388,2019,6.89965295791626,24.762500762939453,-11.337499618530273,260.0
2350404810,Anaxyrus americanus,-69.375158,46.322473,2019,3.438500165939331,24.27199935913086,-19.011999130249023,187.0
2331930657,Dryophytes versicolor,-70.43202,43.581773,2019,7.587833404541016,26.25200080871582,-11.392000198364258,250.0
2311380431,Anaxyrus americanus,-70.812221,44.421044,2019,5.888333320617676,26.148000717163086,-15.263999938964844,211.0
2311379148,Anaxyrus americanus,-69.036597,44.23223,2019,,,,
2311360339,Anaxyrus americanus,-69.588248,44.067126,2019,7.418000221252441,25.711999893188477,-11.13599967956543,249.0
2311320108,Anaxyrus americanus,-69.82002,43.944927,2019,,,,
2294683395,Anaxyrus americanus,-67.030197,44.771278,2019,6.132500171661377,23.650001525878906,-11.880000114440918,243.0
2294663131,Anaxyrus americanus,-70.559801,44.581036,2019,5.852833271026611,26.09600067138672,-15.223999977111816,219.0
2294580526,Anaxyrus americanus,-69.31495,45.48373,2019,4.0908331871032715,24.31999969482422,-17.43199920654297,213.0
2294574957,Anaxyrus americanus,-68.720461,45.40497,2014,5.49066686630249,25.940000534057617,-15.871999740600586,215.0
2294520774,Dryophytes versicolor,-68.023211,44.275161,2018,,,,
2294465830,Dryophytes versicolor,-70.706051,43.152055,2019,8.510833740234375,27.09600067138672,-9.432000160217285,247.0
2294456570,Anaxyrus americanus,-70.425298,45.161855,2019,4.193166732788086,24.516000747680664,-17.447999954223633,203.0
2283253802,Anaxyrus americanus,-68.858192,45.92113,2019,2.86299991607666,23.20800018310547,-18.31999969482422,222.0
2283217805,Anaxyrus americanus,-70.997964,44.235917,2019,6.218166828155518,26.356000900268555,-14.64799976348877,238.0
2283162345,Anaxyrus americanus,-70.944977,44.234169,2019,6.256666660308838,26.336000442504883,-14.628000259399414,242.0
2283102975,Notophthalmus viridescens,-68.75052,44.725417,2019,6.747833251953125,26.576000213623047,-13.479999542236328,251.0
2283085638,Anaxyrus americanus,-70.517729,43.824656,2019,7.276000022888184,26.323999404907227,-12.12399959564209,251.0
2283082361,Anaxyrus americanus,-70.517303,43.823938,2019,7.276000022888184,26.323999404907227,-12.12399959564209,251.0
2283076946,Anaxyrus americanus,-69.851644,43.719872,2019,7.704807758331299,24.346153259277344,-8.992307662963867,243.0
2283065792,Notophthalmus viridescens,-69.80597,43.753425,2019,7.678030014038086,24.709091186523438,-9.486363410949707,246.0
2283051497,Notophthalmus viridescens,-68.14578,44.573182,2019,6.57183313369751,25.535999298095703,-12.996000289916992,262.0
2283051405,Notophthalmus viridescens,-68.133942,44.579247,2019,6.57183313369751,25.535999298095703,-12.996000289916992,262.0
2283048968,Dryophytes versicolor,-69.816109,43.915554,2019,,,,
2283038991,Dryophytes versicolor,-69.270852,43.951969,2019,,,,
2273259038,Notophthalmus viridescens,-70.01604,44.33846,2019,6.632166862487793,26.24799919128418,-13.779999732971191,260.0
2273258992,Notophthalmus viridescens,-70.019997,44.339222,2019,6.632166862487793,26.24799919128418,-13.779999732971191,260.0
2273258927,Notophthalmus viridescens,-70.01603,44.3381,2019,6.632166862487793,26.24799919128418,-13.779999732971191,260.0
2273218509,Anaxyrus americanus,-69.346608,44.172081,2019,7.100333213806152,25.5,-11.5600004196167,256.0
2269323260,Anaxyrus americanus,-69.780205,44.461563,2019,6.676000118255615,26.45599937438965,-13.932000160217285,232.0
2269286357,Anaxyrus americanus,-69.238057,44.47014,2019,6.266333103179932,25.224000930786133,-13.204000473022461,267.0
2269277672,Anaxyrus americanus,-70.464622,43.98327,2019,6.802999973297119,26.152000427246094,-13.628000259399414,260.0
2269272495,Dryophytes versicolor,-70.766372,43.201164,2019,8.294333457946777,27.239999771118164,-10.107999801635742,254.0
2269240229,Notophthalmus viridescens,-69.628478,44.662358,2019,6.508166790008545,26.700000762939453,-14.460000038146973,216.0
2269225149,Dryophytes versicolor,-70.465492,43.983608,2019,6.802999973297119,26.152000427246094,-13.628000259399414,260.0
2265886048,Notophthalmus viridescens,-68.476646,45.448845,2019,5.603499889373779,26.220001220703125,-15.97599983215332,222.0
2265866129,Dryophytes versicolor,-68.858428,44.496637,2019,6.981249809265137,25.709999084472656,-12.03499984741211,257.0
2265834793,Dryophytes versicolor,-69.973145,43.894847,2019,7.499833106994629,25.847999572753906,-11.196000099182129,245.0
2265814115,Dryophytes versicolor,-70.432022,43.581828,2019,7.587833404541016,26.25200080871582,-11.392000198364258,250.0
2265813016,Notophthalmus viridescens,-69.749138,44.708317,2019,6.234833240509033,26.384000778198242,-14.887999534606934,219.0
2265804023,Dryophytes versicolor,-69.333114,44.612191,2019,6.544333457946777,26.284000396728516,-13.779999732971191,236.0
2265803999,Anaxyrus americanus,-70.821883,44.0272,2019,6.287166595458984,26.187999725341797,-14.680000305175781,280.0
2252078132,Notophthalmus viridescens,-67.398995,44.661512,2019,6.420333385467529,23.527999877929688,-11.411999702453613,250.0
2252043474,Notophthalmus viridescens,-69.311298,44.601034,2019,6.544333457946777,26.284000396728516,-13.779999732971191,236.0
2252017706,Dryophytes versicolor,-70.015861,44.339069,2019,6.632166862487793,26.24799919128418,-13.779999732971191,260.0
2251949954,Notophthalmus viridescens,-68.412217,44.445681,2019,7.0722222328186035,25.39523696899414,-11.438095092773438,258.0
2251925160,Anaxyrus americanus,-70.706278,43.151357,2019,8.510833740234375,27.09600067138672,-9.432000160217285,247.0
2251920082,Notophthalmus viridescens,-68.752683,44.726388,2019,6.747833251953125,26.576000213623047,-13.479999542236328,251.0
2251919609,Notophthalmus viridescens,-68.755486,44.719887,2019,6.747833251953125,26.576000213623047,-13.479999542236328,251.0
2251894078,Anaxyrus americanus,-70.966524,44.12267,2019,6.5911664962768555,27.168001174926758,-14.744000434875488,251.0
2242855758,Notophthalmus viridescens,-68.661004,44.903507,2019,6.609499931335449,26.81999969482422,-13.807999610900879,231.0
2238944758,Notophthalmus viridescens,-69.885058,43.865842,2019,,,,
2237450085,Anaxyrus americanus,-68.117012,45.310468,2013,5.489500045776367,25.74799919128418,-15.87600040435791,253.0
2237415357,Notophthalmus viridescens,-68.89984,47.131884,2018,2.8464999198913574,23.911998748779297,-20.1200008392334,193.0
2236895796,Notophthalmus viridescens,-68.663047,44.902744,2019,6.609499931335449,26.81999969482422,-13.807999610900879,231.0
2235539371,Anaxyrus americanus,-69.43853,44.499738,2017,6.563000202178955,26.107999801635742,-13.427999496459961,243.0
2234790050,Dryophytes versicolor,-69.588887,44.067212,2016,7.418000221252441,25.711999893188477,-11.13599967956543,249.0
2028504568,Anaxyrus americanus,-69.777695,44.05658,2016,7.35366678237915,25.979999542236328,-11.711999893188477,248.0
2012969843,Anaxyrus americanus,-69.562087,44.761895,2018,6.146833419799805,26.280000686645508,-14.979999542236328,218.0
2006055770,Anaxyrus americanus,-67.610993,44.559968,2018,6.5348334312438965,23.719999313354492,-11.736000061035156,250.0
1993782621,Anaxyrus americanus,-70.405167,44.449828,2017,5.83050012588501,25.59200096130371,-14.923999786376953,254.0
1990604339,Dryophytes versicolor,-70.438125,43.920467,2018,6.845666885375977,26.02400016784668,-13.260000228881836,259.0
1987226945,Notophthalmus viridescens,-70.398002,44.462818,1939,5.980833530426025,25.947999954223633,-14.907999992370605,245.0
1987225110,Notophthalmus viridescens,-68.706518,44.175771,1938,7.2838544845581055,24.383333206176758,-10.141666412353516,249.0
1987223131,Anaxyrus americanus,-68.671977,44.883125,1942,6.562333106994629,26.719999313354492,-13.807999610900879,232.0
1987219503,Notophthalmus viridescens,-70.896779,44.126735,1939,6.535000324249268,26.91200065612793,-14.64799976348877,248.0
1987219414,Anaxyrus americanus,-69.312433,44.387277,1941,6.6875,25.643999099731445,-12.776000022888184,263.0
1987217956,Anaxyrus americanus,-70.952141,44.036938,1931,6.763999938964844,27.263999938964844,-14.596000671386719,263.0
1987215980,Anaxyrus americanus,-70.846844,44.148765,1944,6.438666820526123,26.68400001525879,-14.692000389099121,249.0
1987211178,Notophthalmus viridescens,-68.671977,44.883125,1938,6.562333106994629,26.719999313354492,-13.807999610900879,232.0
1987208837,Anaxyrus americanus,-70.589421,43.53438,1937,7.540333271026611,26.756000518798828,-11.984000205993652,255.0
1987208066,Notophthalmus viridescens,-70.572017,43.998822,1937,6.845999717712402,26.552000045776367,-13.883999824523926,258.0
1987203044,Anaxyrus americanus,-70.232195,43.837357,1928,7.278833389282227,25.996000289916992,-11.98799991607666,248.0
1987200160,Notophthalmus viridescens,-68.313031,44.471953,1940,6.888999938964844,25.687999725341797,-12.208000183105469,258.0
1987197599,Anaxyrus americanus,-67.334712,44.977577,1943,5.999333381652832,25.34000015258789,-14.164000511169434,250.0
1987197346,Notophthalmus viridescens,-69.334406,44.387523,1941,6.567999839782715,25.511999130249023,-12.935999870300293,262.0
1987196843,Anaxyrus americanus,-68.568358,45.277906,1942,5.836999893188477,26.200000762939453,-15.383999824523926,225.0
1987181477,Anaxyrus americanus,-69.720352,44.790474,1942,6.184333324432373,26.54800033569336,-15.2839994430542,217.0
1987178628,Dryophytes versicolor,-70.470333,43.901464,1931,7.081833362579346,26.34000015258789,-12.895999908447266,254.0
1987173859,Anaxyrus americanus,-68.622335,45.900691,1942,4.756999969482422,25.619998931884766,-17.18000030517578,210.0
1987172509,Anaxyrus americanus,-69.158454,45.824879,1940,3.886833429336548,24.468000411987305,-18.007999420166016,204.0
1987170487,Notophthalmus viridescens,-69.034872,44.333292,1941,7.0291666984558105,25.307998657226562,-11.472000122070312,255.0
1987168985,Anaxyrus americanus,-69.84195,46.183814,1936,2.8498334884643555,23.588001251220703,-19.26799964904785,205.0
1987167124,Anaxyrus americanus,-67.476664,45.274239,1943,5.822999954223633,26.200000762939453,-15.227999687194824,256.0
1987130805,Anaxyrus americanus,-68.370018,44.438967,,,,,
1987129680,Notophthalmus viridescens,-70.226257,44.318333,1940,6.535666465759277,26.351999282836914,-13.96399974822998,264.0
1987125843,Anaxyrus americanus,-69.923575,46.080971,1936,2.5808334350585938,23.144001007080078,-19.27199935913086,212.0
1987124500,Notophthalmus viridescens,-70.226257,44.318333,1940,6.535666465759277,26.351999282836914,-13.96399974822998,264.0
1987120192,Notophthalmus viridescens,-70.919822,43.378089,1937,7.514333248138428,27.38800048828125,-12.131999969482422,265.0
1987113907,Anaxyrus americanus,-70.768689,45.137002,1939,3.0918333530426025,22.96000099182129,-18.280000686645508,235.0
1987110491,Anaxyrus americanus,-68.397445,44.314408,1942,7.01649284362793,24.674999237060547,-11.041666984558105,259.0
1987105452,Anaxyrus americanus,-69.496911,45.618041,1944,3.6498334407806396,24.1200008392334,-18.243999481201172,202.0
1987102960,Anaxyrus americanus,-68.283504,45.62839,1942,5.25166654586792,26.052000045776367,-16.555999755859375,221.0
1987098038,Notophthalmus viridescens,-68.36687,45.624059,1942,5.248833179473877,25.944000244140625,-16.43199920654297,220.0
1987093160,Notophthalmus viridescens,-68.682196,44.883124,1937,6.562333106994629,26.719999313354492,-13.807999610900879,232.0
1987092294,Anaxyrus americanus,-70.66379,44.137109,1965,6.452166557312012,26.38800048828125,-14.51200008392334,257.0
1987091348,Notophthalmus viridescens,-70.405463,43.859239,1943,7.086166858673096,26.20800018310547,-12.779999732971191,254.0
1987086688,Anaxyrus americanus,-69.923575,46.080971,1936,2.5808334350585938,23.144001007080078,-19.27199935913086,212.0
1987085063,Anaxyrus americanus,-69.44252,45.474863,1939,3.4839999675750732,23.79199981689453,-18.20400047302246,226.0
1987075203,Anaxyrus americanus,-70.693992,44.945412,1939,3.924999952316284,24.052000045776367,-17.756000518798828,208.0
1987073446,Dryophytes versicolor,-68.655537,44.934234,1942,6.517666816711426,26.775999069213867,-14.072000503540039,231.0
1987070518,Anaxyrus americanus,-68.71004,45.993641,1942,4.248000144958496,24.947999954223633,-17.70400047302246,206.0
1987069651,Notophthalmus viridescens,-70.810961,44.207429,1939,6.274666786193848,26.336000442504883,-14.732000350952148,249.0
1987067000,Anaxyrus americanus,-70.66379,44.137109,1965,6.452166557312012,26.38800048828125,-14.51200008392334,257.0
1987066004,Notophthalmus viridescens,-70.888944,44.15016,1939,6.535000324249268,26.91200065612793,-14.64799976348877,248.0
1987059190,Notophthalmus viridescens,-68.649302,44.243874,1938,7.239673614501953,24.669565200805664,-10.456521987915039,251.0
1987056074,Notophthalmus viridescens,-70.879921,43.272042,1937,,,,
1987055811,Anaxyrus americanus,-68.6408,44.669511,1942,6.4651665687561035,26.031999588012695,-13.484000205993652,266.0
1987051397,Notophthalmus viridescens,-69.842022,44.55435,1940,6.585166931152344,26.42799949645996,-14.420000076293945,232.0
1987051330,Notophthalmus viridescens,-70.54884,44.75008,1941,3.493833303451538,23.275999069213867,-17.347999572753906,254.0
1987049667,Notophthalmus viridescens,-68.956436,46.091156,1953,3.3519999980926514,24.107999801635742,-19.035999298095703,200.0
1987042956,Dryophytes versicolor,-68.665368,44.901245,1942,6.609499931335449,26.81999969482422,-13.807999610900879,231.0
1987035157,Anaxyrus americanus,-68.673694,44.925437,1942,6.475833415985107,26.65999984741211,-14.04800033569336,227.0
1987034462,Notophthalmus viridescens,-68.901087,44.906461,1939,6.3441667556762695,26.468000411987305,-14.368000030517578,228.0
1987032197,Notophthalmus viridescens,-70.226257,44.318333,1940,6.535666465759277,26.351999282836914,-13.96399974822998,264.0
1950034908,Anaxyrus americanus,-70.212678,43.746958,2017,7.533522605895996,25.772727966308594,-11.022727012634277,246.0
1948767812,Notophthalmus viridescens,-69.040534,44.312918,2018,7.0291666984558105,25.307998657226562,-11.472000122070312,255.0
1946019417,Dryophytes versicolor,-68.356967,46.306287,2018,3.4028334617614746,24.648000717163086,-19.54400062561035,192.0
1946019412,Dryophytes versicolor,-68.799131,46.13466,2018,3.8475000858306885,24.648000717163086,-18.775999069213867,194.0
1932333963,Dryophytes versicolor,-67.285496,45.15739,2018,6.078500270843506,25.79599952697754,-14.211999893188477,254.0
1920848744,Notophthalmus viridescens,-68.276466,44.368115,2016,6.7104997634887695,24.97599983215332,-11.85200023651123,268.0
1920843954,Anaxyrus americanus,-68.872711,44.365974,2018,,,,
1920838437,Anaxyrus americanus,-68.909851,44.353111,2018,7.161403179168701,24.81052589416504,-10.59999942779541,252.0
1920791933,Anaxyrus americanus,-69.792741,44.601776,2018,6.414166450500488,26.440000534057617,-14.720000267028809,226.0
1920788187,Anaxyrus americanus,-70.453507,43.683334,2018,7.3466668128967285,26.444000244140625,-12.319999694824219,250.0
1920786980,Anaxyrus americanus,-70.404749,43.645798,2018,7.560999870300293,26.36400032043457,-11.751999855041504,248.0
1914342254,Anaxyrus americanus,-68.910015,44.353047,2015,7.161403179168701,24.81052589416504,-10.59999942779541,252.0
1914322373,Anaxyrus americanus,-70.644469,43.408475,2018,7.875333309173584,27.131999969482422,-11.248000144958496,254.0
1914239618,Notophthalmus viridescens,-68.08292,44.395203,2018,6.780797004699707,24.57391357421875,-11.565217018127441,257.0
1914228330,Anaxyrus americanus,-69.065043,44.240568,2018,6.89965295791626,24.762500762939453,-11.337499618530273,260.0
1914224986,Dryophytes versicolor,-68.990034,44.339959,2018,6.944999694824219,25.323999404907227,-11.652000427246094,258.0
1914209649,Anaxyrus americanus,-70.457657,44.107929,2018,6.679666519165039,26.299999237060547,-13.739999771118164,261.0
1913666262,Notophthalmus viridescens,-69.984108,43.875706,2018,7.499833106994629,25.847999572753906,-11.196000099182129,245.0
1913665517,Notophthalmus viridescens,-67.988647,44.410586,2018,6.841288089752197,24.263635635375977,-11.336363792419434,253.0
1913665508,Notophthalmus viridescens,-67.986997,44.410248,2018,6.841288089752197,24.263635635375977,-11.336363792419434,253.0
1913665469,Notophthalmus viridescens,-67.987602,44.410178,2018,6.841288089752197,24.263635635375977,-11.336363792419434,253.0
1913665468,Notophthalmus viridescens,-67.987753,44.410349,2018,6.841288089752197,24.263635635375977,-11.336363792419434,253.0
1913665467,Notophthalmus viridescens,-67.987408,44.410339,2018,6.841288089752197,24.263635635375977,-11.336363792419434,253.0
1913665466,Notophthalmus viridescens,-67.991964,44.411221,2018,6.841288089752197,24.263635635375977,-11.336363792419434,253.0
1913665459,Notophthalmus viridescens,-67.990956,44.410777,2018,6.841288089752197,24.263635635375977,-11.336363792419434,253.0
1913665414,Notophthalmus viridescens,-67.990989,44.410781,2018,6.841288089752197,24.263635635375977,-11.336363792419434,253.0
1913197096,Dryophytes versicolor,-70.626111,43.420001,2018,7.7773332595825195,27.09200096130371,-11.5,255.0
1913194664,Anaxyrus americanus,-70.504055,43.76524,2018,7.12833309173584,26.371999740600586,-12.668000221252441,252.0
1913191467,Notophthalmus viridescens,-70.699558,43.466841,2018,7.653166770935059,27.148000717163086,-11.892000198364258,258.0
1913174952,Anaxyrus americanus,-69.130118,45.87731,2018,3.7879998683929443,24.559999465942383,-18.284000396728516,197.0
1901070687,Anaxyrus americanus,-69.257057,44.283729,2018,7.014666557312012,25.600000381469727,-11.956000328063965,258.0
1901055207,Anaxyrus americanus,-70.449976,43.606394,2014,7.513999938964844,26.336000442504883,-11.704000473022461,250.0
1901045667,Anaxyrus americanus,-69.624168,44.115002,2018,7.291666507720947,25.81599998474121,-11.53600025177002,252.0
1901031292,Anaxyrus americanus,-70.460792,43.974655,2018,6.802999973297119,26.152000427246094,-13.628000259399414,260.0
1899814513,Anaxyrus americanus,-70.682486,44.376965,2017,5.877166748046875,25.95599937438965,-15.144000053405762,228.0
1899812603,Anaxyrus americanus,-69.661565,44.5643,2016,6.94350004196167,27.18400001525879,-13.927999496459961,221.0
1899811680,Anaxyrus americanus,-70.894858,45.081642,2015,3.509666681289673,23.607999801635742,-18.016000747680664,211.0
1899805948,Anaxyrus americanus,-68.744394,44.81778,2018,6.86566686630249,27.06399917602539,-13.619999885559082,242.0
1899801284,Anaxyrus americanus,-70.86956,44.57333,2018,5.023333549499512,25.011999130249023,-15.96399974822998,207.0
1899762648,Notophthalmus viridescens,-68.758338,44.825447,2018,7.00333309173584,27.31999969482422,-13.616000175476074,244.0
1898838846,Anaxyrus americanus,-68.743295,44.815191,2018,6.86566686630249,27.06399917602539,-13.619999885559082,242.0
1898807216,Anaxyrus americanus,-68.973719,45.782247,2018,4.67716646194458,25.308000564575195,-17.215999603271484,195.0
1891342012,Anaxyrus americanus,-68.981648,45.897624,2018,2.928333282470703,23.375999450683594,-18.59200096130371,222.0
1891341743,Notophthalmus viridescens,-67.289057,45.120892,2018,6.019500255584717,25.607999801635742,-14.180000305175781,252.0
1891327443,Notophthalmus viridescens,-69.54616,44.973946,2018,5.541666507720947,25.756000518798828,-15.915999412536621,213.0
1890700029,Dryophytes versicolor,-67.113682,44.895575,2018,,,,
1890680870,Anaxyrus americanus,-69.066981,44.24119,2018,6.89965295791626,24.762500762939453,-11.337499618530273,260.0
1890092030,Anaxyrus americanus,-70.719895,44.181063,2018,6.141833305358887,26.059999465942383,-14.711999893188477,254.0
1890079001,Anaxyrus americanus,-70.622458,43.393628,2018,7.929999828338623,26.968000411987305,-11.015999794006348,252.0
1890062515,Anaxyrus americanus,-69.384238,44.448445,2018,6.376500129699707,25.56399917602539,-13.303999900817871,257.0
1883951864,Anaxyrus americanus,-70.637469,43.825378,2018,6.920333385467529,26.691999435424805,-13.588000297546387,260.0
1883556234,Notophthalmus viridescens,-67.280809,45.113866,2012,6.019500255584717,25.607999801635742,-14.180000305175781,252.0
1883554761,Notophthalmus viridescens,-67.288639,45.121426,2010,6.019500255584717,25.607999801635742,-14.180000305175781,252.0
1883539784,Dryophytes versicolor,-68.064035,44.340139,2018,6.8611979484558105,23.924999237060547,-10.793749809265137,256.0
1883530817,Anaxyrus americanus,-70.597073,43.917183,2018,6.918499946594238,26.511999130249023,-13.456000328063965,259.0
1883517028,Notophthalmus viridescens,-67.288997,45.121518,2009,6.019500255584717,25.607999801635742,-14.180000305175781,252.0
1883516936,Notophthalmus viridescens,-67.282157,45.11524,2009,6.019500255584717,25.607999801635742,-14.180000305175781,252.0
1883497034,Anaxyrus americanus,-70.987132,44.29646,2018,5.081333160400391,24.73200035095215,-15.331999778747559,244.0
1883484382,Anaxyrus americanus,-70.848018,44.466603,2018,5.41349983215332,25.52400016784668,-15.519999504089355,211.0
1883475979,Anaxyrus americanus,-69.475919,43.901519,2018,7.535745620727539,24.347368240356445,-9.421052932739258,249.0
1883468970,Notophthalmus viridescens,-68.582773,46.033277,2018,4.04283332824707,24.823999404907227,-18.392000198364258,206.0
1880496956,Anaxyrus americanus,-69.655421,44.562312,2018,6.94350004196167,27.18400001525879,-13.927999496459961,221.0
1880489599,Anaxyrus americanus,-70.590958,43.915432,2018,7.1623334884643555,26.559999465942383,-12.604000091552734,257.0
1880483441,Anaxyrus americanus,-68.983992,45.895813,2018,2.928333282470703,23.375999450683594,-18.59200096130371,222.0
1852454763,Anaxyrus americanus,-70.9811,44.0164,1946,6.725333213806152,27.35999870300293,-14.604000091552734,263.0
1852444378,Anaxyrus americanus,-70.9733,44.3942,1939,5.6504998207092285,25.739999771118164,-15.251999855041504,214.0
1850954338,Notophthalmus viridescens,-68.755077,44.719174,2018,6.747833251953125,26.576000213623047,-13.479999542236328,251.0
1850932164,Anaxyrus americanus,-70.808237,44.47644,2018,5.67383337020874,25.871999740600586,-15.404000282287598,209.0
1848802412,Dryophytes versicolor,-69.973035,43.89485,2018,7.499833106994629,25.847999572753906,-11.196000099182129,245.0
1848791689,Notophthalmus viridescens,-68.560517,44.798847,2018,6.529333114624023,26.435998916625977,-13.795999526977539,254.0
1848779010,Dryophytes versicolor,-70.220656,43.75446,2018,7.390000343322754,25.832000732421875,-11.435999870300293,248.0
1848774478,Notophthalmus viridescens,-68.207029,44.361305,2018,6.956127166748047,24.92352867126465,-11.376470565795898,260.0
1848772543,Dryophytes versicolor,-69.973068,43.894894,2018,7.499833106994629,25.847999572753906,-11.196000099182129,245.0
1848765571,Anaxyrus americanus,-69.311555,45.451197,2018,3.805333375930786,23.91200065612793,-17.555999755859375,226.0
1847602130,Dryophytes versicolor,-68.826574,44.899759,2018,6.436833381652832,26.492000579833984,-14.131999969482422,230.0
1847491902,Anaxyrus americanus,-67.765245,44.6213,2018,6.561174392700195,24.622726440429688,-12.550000190734863,254.0
1841197043,Notophthalmus viridescens,-68.585798,44.492624,2018,6.76800012588501,25.756000518798828,-12.532000541687012,261.0
1839276913,Anaxyrus americanus,-70.82543,44.317444,2017,5.793333530426025,25.715999603271484,-15.027999877929688,234.0
1839254920,Notophthalmus viridescens,-68.660325,44.902517,2018,6.609499931335449,26.81999969482422,-13.807999610900879,231.0
1805369943,Anaxyrus americanus,-69.30748,46.220497,2017,3.5320000648498535,24.260000228881836,-18.88800048828125,186.0
1804134263,Anaxyrus americanus,-70.9565,44.6437,1972,4.222166538238525,24.20800018310547,-16.940000534057617,201.0
1800551310,Dryophytes versicolor,-69.421,43.9738,1997,7.5020833015441895,24.911109924316406,-10.022222518920898,249.0
1702464584,Anaxyrus americanus,-69.070806,45.966747,2017,3.123166561126709,23.8439998626709,-18.899999618530273,205.0
1702462015,Anaxyrus americanus,-69.662134,44.557771,2017,6.94350004196167,27.18400001525879,-13.927999496459961,221.0
1699383141,Anaxyrus americanus,-69.950146,43.956408,2017,7.578666687011719,26.128000259399414,-11.359999656677246,246.0
1699366124,Dryophytes versicolor,-68.405268,44.4272,2017,7.0722222328186035,25.39523696899414,-11.438095092773438,258.0
1671719159,Anaxyrus americanus,-69.16525,45.820674,2017,3.886833429336548,24.468000411987305,-18.007999420166016,204.0
1668884967,Anaxyrus americanus,-70.191788,44.244415,2017,6.722833156585693,26.211999893188477,-13.447999954223633,259.0
1640073052,Notophthalmus viridescens,-68.254602,44.322252,2014,6.8730902671813965,24.825000762939453,-11.345832824707031,263.0
1640072980,Notophthalmus viridescens,-68.270727,44.410553,2014,6.910666465759277,25.472000122070312,-11.907999992370605,261.0
1640069203,Notophthalmus viridescens,-68.357502,44.349409,2014,7.075000286102295,25.224000930786133,-11.407999992370605,257.0
1640057430,Anaxyrus americanus,-69.627298,44.66288,2017,6.508166790008545,26.700000762939453,-14.460000038146973,216.0
1640054049,Notophthalmus viridescens,-68.098333,44.858612,2017,5.822666645050049,25.416000366210938,-14.539999961853027,269.0
1640053870,Anaxyrus americanus,-68.070278,44.841945,2017,5.938166618347168,25.583999633789062,-14.47599983215332,265.0
1640046508,Dryophytes versicolor,-69.658163,44.557113,2017,6.94350004196167,27.18400001525879,-13.927999496459961,221.0
1640044074,Dryophytes versicolor,-69.97254,43.894907,2017,7.499833106994629,25.847999572753906,-11.196000099182129,245.0
1621795939,Anaxyrus americanus,-70.350419,43.785481,2017,7.260000228881836,26.027999877929688,-12.208000183105469,251.0
1621795930,Notophthalmus viridescens,-70.300477,44.142536,2017,6.6498332023620605,26.055999755859375,-13.444000244140625,260.0
1621781650,Anaxyrus americanus,-69.654762,44.55843,2017,6.94350004196167,27.18400001525879,-13.927999496459961,221.0
1586156936,Dryophytes versicolor,-70.30177,44.142731,2017,6.6498332023620605,26.055999755859375,-13.444000244140625,260.0
1586128299,Dryophytes versicolor,-70.299369,44.142148,2017,6.6498332023620605,26.055999755859375,-13.444000244140625,260.0
1586102613,Anaxyrus americanus,-70.242633,44.193924,2017,6.800333499908447,26.308000564575195,-13.300000190734863,258.0
1586093242,Dryophytes versicolor,-69.824638,43.930601,2017,,,,
1584434812,Dryophytes versicolor,-70.971179,44.236457,2017,6.218166828155518,26.356000900268555,-14.64799976348877,238.0
1584432505,Anaxyrus americanus,-70.82543,44.317444,2017,5.793333530426025,25.715999603271484,-15.027999877929688,234.0
1580515371,Anaxyrus americanus,-70.45249,43.684071,2017,7.3466668128967285,26.444000244140625,-12.319999694824219,250.0
1580490152,Anaxyrus americanus,-68.879016,45.843553,2017,3.7321667671203613,24.260000228881836,-17.77199935913086,206.0
1580487428,Anaxyrus americanus,-70.810744,43.28154,2017,8.090666770935059,27.61600112915039,-10.9399995803833,256.0
1572380326,Anaxyrus americanus,-69.596178,43.951831,2017,7.624275207519531,25.04347801208496,-9.960869789123535,247.0
1572364723,Anaxyrus americanus,-68.892195,46.11439,2017,3.265000104904175,23.983999252319336,-19.104000091552734,208.0
1572351646,Notophthalmus viridescens,-68.791822,44.314638,2017,7.239930629730225,24.758333206176758,-10.383333206176758,252.0
1571200222,Anaxyrus americanus,-68.997831,45.888754,2017,2.928333282470703,23.375999450683594,-18.59200096130371,222.0
1571129617,Dryophytes versicolor,-69.973131,43.894792,2017,7.499833106994629,25.847999572753906,-11.196000099182129,245.0
1571123849,Anaxyrus americanus,-70.168878,43.95157,2017,7.1551666259765625,25.959999084472656,-12.079999923706055,250.0
1571099248,Notophthalmus viridescens,-69.373236,45.513264,2017,3.7071666717529297,23.968000411987305,-17.803998947143555,221.0
1570706438,Notophthalmus viridescens,-69.85674,44.33079,1913,6.881333351135254,26.3439998626709,-13.192000389099121,256.0
1562926901,Notophthalmus viridescens,-70.990642,44.219088,2017,6.218166828155518,26.356000900268555,-14.64799976348877,238.0
1457586966,Dryophytes versicolor,-69.382997,44.447354,2016,6.376500129699707,25.56399917602539,-13.303999900817871,257.0
1455572714,Anaxyrus americanus,-69.382997,44.447323,2015,6.376500129699707,25.56399917602539,-13.303999900817871,257.0
1455572688,Notophthalmus viridescens,-69.382975,44.447308,2015,6.376500129699707,25.56399917602539,-13.303999900817871,257.0
1453490828,Notophthalmus viridescens,-69.179714,44.684264,2014,6.294666767120361,26.055999755859375,-14.095999717712402,241.0
1453468358,Notophthalmus viridescens,-69.179806,44.684262,2010,6.294666767120361,26.055999755859375,-14.095999717712402,241.0
1453246731,Notophthalmus viridescens,-68.654145,44.901052,2016,6.609499931335449,26.81999969482422,-13.807999610900879,231.0
1453209801,Anaxyrus americanus,-69.663757,44.563682,2016,6.94350004196167,27.18400001525879,-13.927999496459961,221.0
1453190476,Anaxyrus americanus,-67.931805,44.459182,2016,6.672826290130615,24.591304779052734,-12.017391204833984,254.0
1453187167,Anaxyrus americanus,-69.663733,44.566114,2016,6.94350004196167,27.18400001525879,-13.927999496459961,221.0
1453173589,Anaxyrus americanus,-69.661592,44.564238,2016,6.94350004196167,27.18400001525879,-13.927999496459961,221.0
1453163556,Anaxyrus americanus,-69.662138,44.563401,2016,6.94350004196167,27.18400001525879,-13.927999496459961,221.0
1453163039,Anaxyrus americanus,-69.661545,44.564312,2016,6.94350004196167,27.18400001525879,-13.927999496459961,221.0
1453157717,Anaxyrus americanus,-69.631712,44.552011,2016,6.94350004196167,27.18400001525879,-13.927999496459961,221.0
1453157367,Anaxyrus americanus,-69.661558,44.564335,2016,6.94350004196167,27.18400001525879,-13.927999496459961,221.0
1453157360,Anaxyrus americanus,-69.663742,44.566053,2016,6.94350004196167,27.18400001525879,-13.927999496459961,221.0
1450585139,Dryophytes versicolor,-67.48,45.53,1989,5.466833114624023,26.211999893188477,-15.687999725341797,243.0
1450585135,Dryophytes versicolor,-67.48,45.53,1989,5.466833114624023,26.211999893188477,-15.687999725341797,243.0
1450585121,Dryophytes versicolor,-67.48,45.53,1989,5.466833114624023,26.211999893188477,-15.687999725341797,243.0
1450585119,Dryophytes versicolor,-67.48,45.53,1989,5.466833114624023,26.211999893188477,-15.687999725341797,243.0
1450585112,Dryophytes versicolor,-67.48,45.53,1989,5.466833114624023,26.211999893188477,-15.687999725341797,243.0
1450585107,Dryophytes versicolor,-67.48,45.53,1989,5.466833114624023,26.211999893188477,-15.687999725341797,243.0
1450585096,Dryophytes versicolor,-67.28,45.13,1989,6.078500270843506,25.79599952697754,-14.211999893188477,254.0
1450585095,Dryophytes versicolor,-67.48,45.53,1989,5.466833114624023,26.211999893188477,-15.687999725341797,243.0
1450584961,Dryophytes versicolor,-67.48,45.53,1989,5.466833114624023,26.211999893188477,-15.687999725341797,243.0
1450584927,Dryophytes versicolor,-67.48,45.53,1989,5.466833114624023,26.211999893188477,-15.687999725341797,243.0
1450583596,Anaxyrus americanus,-67.4,45.16,1997,6.062833309173584,26.027999877929688,-14.600000381469727,253.0
1450582917,Dryophytes versicolor,-67.28,45.13,1989,6.078500270843506,25.79599952697754,-14.211999893188477,254.0
1450582907,Dryophytes versicolor,-67.28,45.13,1988,6.078500270843506,25.79599952697754,-14.211999893188477,254.0
1450582806,Dryophytes versicolor,-67.48,45.53,1989,5.466833114624023,26.211999893188477,-15.687999725341797,243.0
1323002279,Anaxyrus americanus,-67.787353,45.192178,2016,5.727499961853027,25.911998748779297,-15.411999702453613,257.0
1322867449,Dryophytes versicolor,-69.8914,43.9889,1975,7.5020833015441895,25.899999618530273,-11.34999942779541,245.0
1322675144,Anaxyrus americanus,-68.1928,44.3125,1985,,,,
1322425110,Anaxyrus americanus,-70.3769,43.6769,,7.487333297729492,26.42799949645996,-12.008000373840332,249.0
1322296111,Anaxyrus americanus,-70.3769,43.6769,,7.487333297729492,26.42799949645996,-12.008000373840332,249.0
1322002944,Anaxyrus americanus,-70.3769,43.6769,,7.487333297729492,26.42799949645996,-12.008000373840332,249.0
1321937673,Anaxyrus americanus,-70.3769,43.6769,,7.487333297729492,26.42799949645996,-12.008000373840332,249.0
1321177541,Notophthalmus viridescens,-70.3769,43.6769,,7.487333297729492,26.42799949645996,-12.008000373840332,249.0
1320718941,Anaxyrus americanus,-68.4206,44.4969,1949,,,,
1320039028,Anaxyrus americanus,-70.3769,43.6769,,7.487333297729492,26.42799949645996,-12.008000373840332,249.0
1319966626,Anaxyrus americanus,-66.9906,44.9061,1872,,,,
1319105120,Anaxyrus americanus,-68.05,46.98,1986,3.2925000190734863,24.15999984741211,-19.411998748779297,191.0
1318974627,Anaxyrus americanus,-70.3769,43.6769,,7.487333297729492,26.42799949645996,-12.008000373840332,249.0
1318709443,Anaxyrus americanus,-70.3769,43.6769,,7.487333297729492,26.42799949645996,-12.008000373840332,249.0
1318473000,Anaxyrus americanus,-70.37,43.68,1986,7.69350004196167,26.503999710083008,-11.640000343322754,249.0
1317713821,Anaxyrus americanus,-70.3769,43.6769,,7.487333297729492,26.42799949645996,-12.008000373840332,249.0
1315079243,Notophthalmus viridescens,-70.220505,43.613312,2016,7.891848087310791,25.826087951660156,-10.265216827392578,244.0
1315079159,Notophthalmus viridescens,-68.062614,44.33763,2016,6.8611979484558105,23.924999237060547,-10.793749809265137,256.0
1315064160,Anaxyrus americanus,-69.017658,45.948848,2008,2.3434998989105225,22.68400001525879,-19.200000762939453,238.0
1315053195,Dryophytes versicolor,-70.903612,43.082958,2016,,,,
1315052364,Notophthalmus viridescens,-68.276478,44.368014,2016,6.7104997634887695,24.97599983215332,-11.85200023651123,268.0
1305141208,Anaxyrus americanus,-67.936964,44.463038,2016,6.672826290130615,24.591304779052734,-12.017391204833984,254.0
1305129726,Anaxyrus americanus,-70.28875,43.737912,2015,7.567666530609131,26.064001083374023,-11.359999656677246,249.0
1291664091,Notophthalmus viridescens,-68.207855,44.362195,2016,6.956127166748047,24.92352867126465,-11.376470565795898,260.0
1291135391,Anaxyrus americanus,-70.978683,44.265899,2016,5.476166725158691,25.20400047302246,-15.03600025177002,250.0
1291131428,Notophthalmus viridescens,-68.24337,44.392842,2016,6.991421699523926,25.48235321044922,-11.79411792755127,259.0
1273857238,Notophthalmus viridescens,-68.208667,44.362392,2016,6.523499965667725,24.799999237060547,-12.092000007629395,271.0
1273853682,Anaxyrus americanus,-70.632843,43.391466,2016,7.875333309173584,27.131999969482422,-11.248000144958496,254.0
1270057619,Anaxyrus americanus,-70.662142,44.393559,2016,5.840666770935059,25.860000610351562,-15.128000259399414,233.0
1270049716,Anaxyrus americanus,-70.84618,44.308677,2016,5.49233341217041,25.24799919128418,-15.13599967956543,243.0
1269583002,Notophthalmus viridescens,-68.205308,44.361204,2016,6.956127166748047,24.92352867126465,-11.376470565795898,260.0
1269582170,Anaxyrus americanus,-70.684427,44.384973,2016,5.877166748046875,25.95599937438965,-15.144000053405762,228.0
1269581871,Notophthalmus viridescens,-68.208244,44.36202,2016,6.956127166748047,24.92352867126465,-11.376470565795898,260.0
1269581832,Notophthalmus viridescens,-68.208376,44.362017,2016,6.523499965667725,24.799999237060547,-12.092000007629395,271.0
1269571772,Anaxyrus americanus,-70.160123,44.559859,2015,5.888166904449463,25.944000244140625,-15.276000022888184,263.0
1269571670,Anaxyrus americanus,-70.663403,44.75871,2012,4.215000152587891,24.347999572753906,-17.06399917602539,218.0
1269571659,Anaxyrus americanus,-70.16012,44.559855,2013,5.888166904449463,25.944000244140625,-15.276000022888184,263.0
1269567996,Notophthalmus viridescens,-68.209013,44.362867,2016,6.523499965667725,24.799999237060547,-12.092000007629395,271.0
1265537899,Anaxyrus americanus,-70.949967,44.280301,2011,5.559999942779541,25.34000015258789,-15.027999877929688,249.0
1227765724,Notophthalmus viridescens,-69.760437,43.709579,2013,,,,
1211976503,Anaxyrus americanus,-70.983265,44.352646,2012,5.436166763305664,25.384000778198242,-15.232000350952148,225.0
1211003662,Notophthalmus viridescens,-68.896024,44.094211,2015,7.4490742683410645,23.594444274902344,-9.066666603088379,247.0
1211003654,Dryophytes versicolor,-69.837782,43.839772,2015,7.632465362548828,25.100000381469727,-10.191666603088379,245.0
1211003649,Anaxyrus americanus,-69.83887,43.839349,2015,7.632465362548828,25.100000381469727,-10.191666603088379,245.0
1211003642,Dryophytes versicolor,-69.764868,44.622348,2015,6.454833507537842,26.447999954223633,-14.5600004196167,222.0
1147218813,Dryophytes versicolor,-67.739639,44.661584,1996,6.44783353805542,24.97599983215332,-13.083999633789062,253.0
1147202528,Dryophytes versicolor,-67.739639,44.661584,1996,6.44783353805542,24.97599983215332,-13.083999633789062,253.0
1147127439,Dryophytes versicolor,-67.739639,44.661584,1996,6.44783353805542,24.97599983215332,-13.083999633789062,253.0
1146714402,Anaxyrus americanus,-69.9358,43.90958,1912,7.652651786804199,25.950000762939453,-10.940909385681152,245.0
1146714373,Anaxyrus americanus,-69.9358,43.90958,1900,7.652651786804199,25.950000762939453,-10.940909385681152,245.0
1146714367,Anaxyrus americanus,-69.9358,43.90958,1900,7.652651786804199,25.950000762939453,-10.940909385681152,245.0
1143518879,Dryophytes versicolor,-69.625322,44.170074,2014,7.1545000076293945,26.09600067138672,-12.168000221252441,253.0
1122681267,Dryophytes versicolor,-69.417,43.9776,2015,7.5020833015441895,24.911109924316406,-10.022222518920898,249.0
1099968379,Anaxyrus americanus,-69.255951,45.460127,1998,4.2241668701171875,24.46000099182129,-17.299999237060547,216.0
1065580180,Dryophytes versicolor,-70.565063,43.606287,2014,7.396833419799805,26.739999771118164,-12.411999702453613,251.0
1055063544,Anaxyrus americanus,-70.683652,44.551064,2014,5.437166690826416,25.591999053955078,-15.644000053405762,211.0
1055063513,Notophthalmus viridescens,-69.811318,43.81369,2014,7.709868431091309,24.947368621826172,-9.77368450164795,245.0
1039487472,Anaxyrus americanus,-69.967284,45.336162,2005,4.26966667175293,24.724000930786133,-17.564001083374023,187.0
1039484954,Anaxyrus americanus,-69.967284,45.336162,2005,4.26966667175293,24.724000930786133,-17.564001083374023,187.0
1039484343,Anaxyrus americanus,-70.2006,43.5636,1978,,,,
1039483868,Anaxyrus americanus,-68.9264,45.3233,1984,5.458333492279053,25.68000030517578,-15.776000022888184,220.0
1039482712,Anaxyrus americanus,-69.05806,46.353131,1985,3.071666717529297,24.172000885009766,-19.736000061035156,193.0
1039481389,Anaxyrus americanus,-69.967284,45.336162,2005,4.26966667175293,24.724000930786133,-17.564001083374023,187.0
1039477472,Anaxyrus americanus,-69.749096,44.708536,2012,6.093500137329102,26.312000274658203,-15.180000305175781,222.0
1039477189,Anaxyrus americanus,-69.967284,45.336162,2005,4.26966667175293,24.724000930786133,-17.564001083374023,187.0
1039475754,Anaxyrus americanus,-69.967284,45.336162,2005,4.26966667175293,24.724000930786133,-17.564001083374023,187.0
1039475171,Notophthalmus viridescens,-70.5453,44.2139,1865,6.454833507537842,26.520000457763672,-14.503999710083008,250.0
1039474125,Anaxyrus americanus,-69.967284,45.336162,2005,4.26966667175293,24.724000930786133,-17.564001083374023,187.0
1039473831,Dryophytes versicolor,-68.34872,45.161621,1984,5.641666412353516,25.79199981689453,-15.324000358581543,252.0
1039472644,Dryophytes versicolor,-70.366495,44.10152,2008,6.805166721343994,26.347999572753906,-13.368000030517578,258.0
1039472632,Anaxyrus americanus,-69.967284,45.336162,2005,4.26966667175293,24.724000930786133,-17.564001083374023,187.0
1039468636,Anaxyrus americanus,-69.963662,43.960647,2007,7.333333492279053,26.016000747680664,-11.723999977111816,247.0
1039468512,Notophthalmus viridescens,-70.5453,44.2139,,6.454833507537842,26.520000457763672,-14.503999710083008,250.0
1039464929,Anaxyrus americanus,-70.2006,43.5636,1978,,,,
1039464567,Anaxyrus americanus,-69.967284,45.336162,2005,4.26966667175293,24.724000930786133,-17.564001083374023,187.0
1039458582,Anaxyrus americanus,-69.967284,45.336162,2005,4.26966667175293,24.724000930786133,-17.564001083374023,187.0
1039454212,Anaxyrus americanus,-68.9264,45.3233,1984,5.458333492279053,25.68000030517578,-15.776000022888184,220.0
1039453762,Anaxyrus americanus,-69.967284,45.336162,2005,4.26966667175293,24.724000930786133,-17.564001083374023,187.0
1039453743,Dryophytes versicolor,-67.956834,45.023362,2013,5.721166610717773,25.73200035095215,-15.140000343322754,263.0
1019065889,Dryophytes versicolor,-69.417,43.9776,2014,7.5020833015441895,24.911109924316406,-10.022222518920898,249.0
1019035008,Dryophytes versicolor,-69.45,44.0167,1955,7.448500156402588,25.083999633789062,-10.435999870300293,249.0
1019030665,Dryophytes versicolor,-69.45,44.0167,1954,7.448500156402588,25.083999633789062,-10.435999870300293,249.0
923915660,Dryophytes versicolor,-69.441541,43.965447,2014,7.5020833015441895,24.911109924316406,-10.022222518920898,249.0
911491116,Anaxyrus americanus,-69.520111,45.762158,2013,3.193166732788086,23.672000885009766,-18.756000518798828,212.0
899942038,Anaxyrus americanus,-70.63458,44.906038,2013,3.119166612625122,22.988000869750977,-18.04400062561035,248.0
891065809,Anaxyrus americanus,-69.240432,45.191005,2011,5.382166862487793,25.736000061035156,-16.27199935913086,226.0
786478568,Anaxyrus americanus,-69.96,44.24,1941,7.054499626159668,26.36400032043457,-12.960000038146973,254.0
786478565,Anaxyrus americanus,-69.96,44.24,1941,7.054499626159668,26.36400032043457,-12.960000038146973,254.0
786478562,Anaxyrus americanus,-69.96,44.24,1935,7.054499626159668,26.36400032043457,-12.960000038146973,254.0
786478561,Anaxyrus americanus,-69.96,44.24,1935,7.054499626159668,26.36400032043457,-12.960000038146973,254.0
786478558,Anaxyrus americanus,-69.96,44.24,1935,7.054499626159668,26.36400032043457,-12.960000038146973,254.0
786475083,Notophthalmus viridescens,-69.95,44.23,1941,7.130166530609131,26.38399887084961,-12.800000190734863,253.0
786475081,Notophthalmus viridescens,-69.95,44.23,1941,7.130166530609131,26.38399887084961,-12.800000190734863,253.0
786475079,Notophthalmus viridescens,-69.95,44.23,1941,7.130166530609131,26.38399887084961,-12.800000190734863,253.0
786475078,Notophthalmus viridescens,-69.95,44.23,1941,7.130166530609131,26.38399887084961,-12.800000190734863,253.0
786475076,Notophthalmus viridescens,-69.96,44.23,1941,7.054499626159668,26.36400032043457,-12.960000038146973,254.0
786475075,Notophthalmus viridescens,-69.96,44.23,1941,7.054499626159668,26.36400032043457,-12.960000038146973,254.0
786475074,Notophthalmus viridescens,-69.95,44.23,1941,7.130166530609131,26.38399887084961,-12.800000190734863,253.0
786475071,Notophthalmus viridescens,-69.95,44.23,1941,7.130166530609131,26.38399887084961,-12.800000190734863,253.0
786443069,Anaxyrus americanus,-70.47,43.36,1988,8.032675743103027,26.336841583251953,-9.942105293273926,246.0
786135128,Anaxyrus americanus,-70.74,45.11,1931,3.255666732788086,23.18000030517578,-18.24799919128418,224.0
786135123,Anaxyrus americanus,-70.77,45.13,1931,3.0918333530426025,22.96000099182129,-18.280000686645508,235.0
786135117,Anaxyrus americanus,-70.77,45.1,1931,3.241833209991455,23.128000259399414,-18.131999969482422,228.0
786135111,Anaxyrus americanus,-70.64,44.96,1931,3.7065000534057617,24.076000213623047,-18.148000717163086,213.0
786133386,Anaxyrus americanus,-70.77,45.1,1924,3.241833209991455,23.128000259399414,-18.131999969482422,228.0
786133382,Anaxyrus americanus,-70.77,45.1,1924,3.241833209991455,23.128000259399414,-18.131999969482422,228.0
786108719,Notophthalmus viridescens,-69.88,43.91,1954,7.660984992980957,25.777273178100586,-10.759090423583984,245.0
786089063,Anaxyrus americanus,-68.32,44.27,1950,,,,
785974124,Anaxyrus americanus,-69.38,46.49,1929,2.9713335037231445,23.916000366210938,-19.600000381469727,195.0
735685687,Dryophytes versicolor,-70.910278,43.534167,1932,7.148333549499512,27.035999298095703,-12.944000244140625,272.0
735685686,Dryophytes versicolor,-70.910278,43.534167,1932,7.148333549499512,27.035999298095703,-12.944000244140625,272.0
735685684,Dryophytes versicolor,-70.910278,43.534167,1932,7.148333549499512,27.035999298095703,-12.944000244140625,272.0
686723730,Notophthalmus viridescens,-70.9103,43.5342,,7.148333549499512,27.035999298095703,-12.944000244140625,272.0
686723728,Notophthalmus viridescens,-70.9103,43.5342,,7.148333549499512,27.035999298095703,-12.944000244140625,272.0
686723727,Notophthalmus viridescens,-70.9103,43.5342,,7.148333549499512,27.035999298095703,-12.944000244140625,272.0
686723725,Notophthalmus viridescens,-70.9103,43.5342,,7.148333549499512,27.035999298095703,-12.944000244140625,272.0
686723723,Notophthalmus viridescens,-70.9103,43.5342,,7.148333549499512,27.035999298095703,-12.944000244140625,272.0
686723721,Notophthalmus viridescens,-70.9103,43.5342,,7.148333549499512,27.035999298095703,-12.944000244140625,272.0
543710027,Anaxyrus americanus,-68.662752,44.568044,1938,6.709333419799805,25.944000244140625,-12.928000450134277,261.0
543710026,Anaxyrus americanus,-68.662752,44.568044,1938,6.709333419799805,25.944000244140625,-12.928000450134277,261.0
543710025,Anaxyrus americanus,-68.662752,44.568044,1938,6.709333419799805,25.944000244140625,-12.928000450134277,261.0
543710024,Anaxyrus americanus,-68.662752,44.568044,1938,6.709333419799805,25.944000244140625,-12.928000450134277,261.0
543710023,Anaxyrus americanus,-68.662752,44.568044,1938,6.709333419799805,25.944000244140625,-12.928000450134277,261.0
543710020,Anaxyrus americanus,-68.662752,44.568044,1938,6.709333419799805,25.944000244140625,-12.928000450134277,261.0
543710019,Anaxyrus americanus,-68.662752,44.568044,1938,6.709333419799805,25.944000244140625,-12.928000450134277,261.0
543710018,Anaxyrus americanus,-68.662752,44.568044,1938,6.709333419799805,25.944000244140625,-12.928000450134277,261.0
543710017,Anaxyrus americanus,-68.662752,44.568044,1938,6.709333419799805,25.944000244140625,-12.928000450134277,261.0
543710016,Anaxyrus americanus,-68.662752,44.568044,1938,6.709333419799805,25.944000244140625,-12.928000450134277,261.0
543710015,Anaxyrus americanus,-68.662752,44.568044,1938,6.709333419799805,25.944000244140625,-12.928000450134277,261.0
543710014,Anaxyrus americanus,-68.662752,44.568044,1938,6.709333419799805,25.944000244140625,-12.928000450134277,261.0
543710013,Anaxyrus americanus,-68.662752,44.568044,1938,6.709333419799805,25.944000244140625,-12.928000450134277,261.0
543710012,Anaxyrus americanus,-68.662752,44.568044,1938,6.709333419799805,25.944000244140625,-12.928000450134277,261.0
543710011,Anaxyrus americanus,-68.662752,44.568044,1938,6.709333419799805,25.944000244140625,-12.928000450134277,261.0
543474596,Notophthalmus viridescens,-70.6272,43.8414,1906,6.880666732788086,26.559999465942383,-13.520000457763672,261.0
543474584,Notophthalmus viridescens,-70.6272,43.8414,1906,6.880666732788086,26.559999465942383,-13.520000457763672,261.0
543474573,Notophthalmus viridescens,-70.6272,43.8414,1906,6.880666732788086,26.559999465942383,-13.520000457763672,261.0
543474562,Notophthalmus viridescens,-70.6272,43.8414,1906,6.880666732788086,26.559999465942383,-13.520000457763672,261.0
543474551,Notophthalmus viridescens,-70.6272,43.8414,1906,6.880666732788086,26.559999465942383,-13.520000457763672,261.0
543474540,Notophthalmus viridescens,-70.6272,43.8414,1906,6.880666732788086,26.559999465942383,-13.520000457763672,261.0
543474529,Notophthalmus viridescens,-70.6272,43.8414,1906,6.880666732788086,26.559999465942383,-13.520000457763672,261.0
543474518,Notophthalmus viridescens,-70.6272,43.8414,1906,6.880666732788086,26.559999465942383,-13.520000457763672,261.0
543474507,Notophthalmus viridescens,-70.6272,43.8414,1906,6.880666732788086,26.559999465942383,-13.520000457763672,261.0
543474496,Notophthalmus viridescens,-70.6272,43.8414,1906,6.880666732788086,26.559999465942383,-13.520000457763672,261.0
543474485,Notophthalmus viridescens,-70.6272,43.8414,1906,6.880666732788086,26.559999465942383,-13.520000457763672,261.0
543474471,Notophthalmus viridescens,-70.6272,43.8414,1906,6.880666732788086,26.559999465942383,-13.520000457763672,261.0
543474460,Notophthalmus viridescens,-70.6272,43.8414,1906,6.880666732788086,26.559999465942383,-13.520000457763672,261.0
543474449,Notophthalmus viridescens,-70.6272,43.8414,1906,6.880666732788086,26.559999465942383,-13.520000457763672,261.0
543474438,Notophthalmus viridescens,-70.6272,43.8414,1906,6.880666732788086,26.559999465942383,-13.520000457763672,261.0
543474427,Notophthalmus viridescens,-70.6272,43.8414,1906,6.880666732788086,26.559999465942383,-13.520000457763672,261.0
543474416,Notophthalmus viridescens,-70.6272,43.8414,1906,6.880666732788086,26.559999465942383,-13.520000457763672,261.0
543474405,Dryophytes versicolor,-70.4983,43.8553,1906,7.190333366394043,26.331998825073242,-12.515999794006348,253.0
476792590,Notophthalmus viridescens,-69.40139,45.5225,1994,3.433666706085205,23.715999603271484,-18.152000427246094,227.0
476783773,Anaxyrus americanus,-70.2336,43.6889,1989,7.707639217376709,25.883333206176758,-10.75,244.0
476783594,Dryophytes versicolor,-69.8608,44.3244,1914,6.881333351135254,26.3439998626709,-13.192000389099121,256.0
476783485,Anaxyrus americanus,-69.9658,43.9144,1912,7.499833106994629,25.847999572753906,-11.196000099182129,245.0
476783484,Anaxyrus americanus,-69.9658,43.9144,1912,7.499833106994629,25.847999572753906,-11.196000099182129,245.0
476638610,Anaxyrus americanus,-68.4786,46.7625,,3.3380000591278076,24.604000091552734,-20.275999069213867,181.0
476638504,Anaxyrus americanus,-70.5453,44.2139,1860,6.454833507537842,26.520000457763672,-14.503999710083008,250.0
476624627,Anaxyrus americanus,-69.0653,44.23867,1979,6.89965295791626,24.762500762939453,-11.337499618530273,260.0
476624626,Anaxyrus americanus,-69.2561,44.20586,1979,7.30150032043457,25.54800033569336,-11.319999694824219,254.0
476624625,Anaxyrus americanus,-69.1467,44.195,1979,7.0395002365112305,24.871999740600586,-11.211999893188477,258.0
476604991,Anaxyrus americanus,-70.05075,44.96035,1978,5.327166557312012,25.639999389648438,-16.468000411987305,215.0
476604990,Anaxyrus americanus,-70.05075,44.96035,1978,5.327166557312012,25.639999389648438,-16.468000411987305,215.0
476604989,Anaxyrus americanus,-70.05075,44.96035,1978,5.327166557312012,25.639999389648438,-16.468000411987305,215.0
476602694,Anaxyrus americanus,-68.9639,45.6628,1978,4.921000003814697,25.468000411987305,-16.775999069213867,201.0
476602693,Anaxyrus americanus,-68.9639,45.6628,1978,4.921000003814697,25.468000411987305,-16.775999069213867,201.0
476602375,Anaxyrus americanus,-70.51558,44.9969,1978,3.390500068664551,23.423999786376953,-17.847999572753906,232.0
476602374,Anaxyrus americanus,-68.9639,45.6628,1978,4.921000003814697,25.468000411987305,-16.775999069213867,201.0
476601071,Anaxyrus americanus,-70.0272,43.8231,1962,,,,
476572870,Anaxyrus americanus,-70.5453,44.2139,,6.454833507537842,26.520000457763672,-14.503999710083008,250.0
476572730,Notophthalmus viridescens,-70.5453,44.2139,,6.454833507537842,26.520000457763672,-14.503999710083008,250.0
476572571,Anaxyrus americanus,-70.5453,44.2139,,6.454833507537842,26.520000457763672,-14.503999710083008,250.0
476572568,Dryophytes versicolor,-70.5453,44.2139,,6.454833507537842,26.520000457763672,-14.503999710083008,250.0
476568040,Anaxyrus americanus,-70.7531,44.9472,,3.883666753768921,23.916000366210938,-17.756000518798828,203.0
476565860,Anaxyrus americanus,-70.7911,44.4042,,5.93916654586792,26.236000061035156,-15.196000099182129,220.0
476565859,Anaxyrus americanus,-68.3706,44.4389,1860,,,,
476565759,Anaxyrus americanus,-68.3706,44.4389,1860,,,,
476565758,Anaxyrus americanus,-68.3706,44.4389,1860,,,,
476565757,Anaxyrus americanus,-68.3706,44.4389,1860,,,,
476565756,Anaxyrus americanus,-68.3706,44.4389,1860,,,,
476565553,Anaxyrus americanus,-68.4786,46.7625,,3.3380000591278076,24.604000091552734,-20.275999069213867,181.0
476562738,Notophthalmus viridescens,-69.41562,44.28052,1993,6.909666538238525,25.68400001525879,-12.175999641418457,260.0
476562737,Notophthalmus viridescens,-68.7081,46.7661,1996,3.0973334312438965,24.24799919128418,-20.312000274658203,185.0
476562445,Notophthalmus viridescens,-68.8086,47.165,1991,2.4100000858306885,23.444000244140625,-20.552000045776367,209.0
476558768,Anaxyrus americanus,-70.7911,44.4042,,5.93916654586792,26.236000061035156,-15.196000099182129,220.0
476558764,Anaxyrus americanus,-70.7911,44.4042,,5.93916654586792,26.236000061035156,-15.196000099182129,220.0
476558445,Anaxyrus americanus,-66.99026,44.8798,1859,,,,
476552812,Dryophytes versicolor,-70.5453,44.2139,,6.454833507537842,26.520000457763672,-14.503999710083008,250.0
476552522,Anaxyrus americanus,-69.6781,44.4592,,6.860833168029785,26.81999969482422,-13.616000175476074,223.0
476552318,Anaxyrus americanus,-68.3706,44.4389,1860,,,,
476543421,Notophthalmus viridescens,-69.77417,45.08667,1994,4.18250036239624,24.347999572753906,-17.303998947143555,225.0
476543420,Notophthalmus viridescens,-69.77417,45.08667,1994,4.18250036239624,24.347999572753906,-17.303998947143555,225.0
476543419,Notophthalmus viridescens,-69.77417,45.08667,1994,4.18250036239624,24.347999572753906,-17.303998947143555,225.0
476543418,Notophthalmus viridescens,-68.73485,45.51885,1994,5.23533296585083,25.76799964904785,-16.368000030517578,218.0
476543310,Notophthalmus viridescens,-68.73485,45.51885,1994,5.23533296585083,25.76799964904785,-16.368000030517578,218.0
476543309,Notophthalmus viridescens,-68.71833,45.20139,1994,5.854666709899902,26.20800018310547,-15.199999809265137,217.0
476543308,Notophthalmus viridescens,-69.40139,45.5225,1994,3.433666706085205,23.715999603271484,-18.152000427246094,227.0
476543307,Notophthalmus viridescens,-69.40139,45.5225,1994,3.433666706085205,23.715999603271484,-18.152000427246094,227.0
476543306,Notophthalmus viridescens,-69.40139,45.5225,1994,3.433666706085205,23.715999603271484,-18.152000427246094,227.0
476543305,Notophthalmus viridescens,-69.40139,45.5225,1994,3.433666706085205,23.715999603271484,-18.152000427246094,227.0
476542940,Anaxyrus americanus,-68.9972,45.8872,1911,2.928333282470703,23.375999450683594,-18.59200096130371,222.0
476538309,Anaxyrus americanus,-70.5453,44.2139,,6.454833507537842,26.520000457763672,-14.503999710083008,250.0
476531240,Dryophytes versicolor,-70.6272,43.8414,1968,6.880666732788086,26.559999465942383,-13.520000457763672,261.0
476519926,Notophthalmus viridescens,-70.5453,44.2139,,6.454833507537842,26.520000457763672,-14.503999710083008,250.0
476519925,Notophthalmus viridescens,-70.7963,44.24366,1992,6.143166542053223,26.1560001373291,-14.855999946594238,247.0
476519905,Notophthalmus viridescens,-70.7963,44.24366,1992,6.143166542053223,26.1560001373291,-14.855999946594238,247.0
476519904,Notophthalmus viridescens,-70.7981,44.2617,1992,5.982000350952148,25.92799949645996,-14.923999786376953,245.0
476519903,Notophthalmus viridescens,-69.05744,46.35307,1992,3.071666717529297,24.172000885009766,-19.736000061035156,193.0
476519902,Notophthalmus viridescens,-69.05744,46.35307,1992,3.071666717529297,24.172000885009766,-19.736000061035156,193.0
476512843,Dryophytes versicolor,-69.9658,43.9144,1900,7.499833106994629,25.847999572753906,-11.196000099182129,245.0
476512815,Anaxyrus americanus,-69.8608,44.3244,1916,6.881333351135254,26.3439998626709,-13.192000389099121,256.0
476484224,Anaxyrus americanus,-70.05075,44.96035,1978,5.327166557312012,25.639999389648438,-16.468000411987305,215.0
476483388,Anaxyrus americanus,-70.0236,45.22911,1978,4.2143330574035645,24.483999252319336,-17.423999786376953,204.0
476477805,Notophthalmus viridescens,-69.41562,44.28052,1993,6.909666538238525,25.68400001525879,-12.175999641418457,260.0
476474841,Notophthalmus viridescens,-69.77417,45.08667,1994,4.18250036239624,24.347999572753906,-17.303998947143555,225.0
